consumption_id,icp_id,retailer_id,price_category_code,region,billing_month,billing_period_start,billing_period_end,icp_days,price_year,expected_delivery_charge_unrounded,component_count,expected_delivery_charge,data_origin,system_billed_amount_unrounded,system_billed_amount,system_line_count,detected_issue_type,billing_variance_unrounded,billing_variance,absolute_variance,variance_direction,validation_status,total_kwh
ICP000001-202602,ICP000001,RET002,URES,Selwyn,2026-02,2026-02-01,2026-02-28,28,2025,49.24498651,6,49.24,Calculated reconciliation,49.24498651,49.24,6,NO_ISSUE,0.0,0.0,0.0,No material variance,PASS,413.965
ICP000002-202602,ICP000002,RET004,RSC,Christchurch Urban,2026-02,2026-02-01,2026-02-28,28,2025,65.58936351999999,6,65.59,Calculated reconciliation,65.58936351999999,65.59,6,NO_ISSUE,0.0,0.0,0.0,No material variance,PASS,597.103
ICP000003-202602,ICP000003,RET001,RES,Christchurch Urban,2026-02,2026-02-01,2026-02-28,28,2025,65.39777411,6,65.4,Calculated reconciliation,65.39777411,65.4,6,NO_ISSUE,0.0,0.0,0.0,No material variance,PASS,626.471
ICP000004-202602,ICP000004,RET003,RES,Christchurch Urban,2026-02,2026-02-01,2026-02-28,28,2025,54.52805406,6,54.53,Calculated reconciliation,54.52805406,54.53,6,NO_ISSUE,0.0,0.0,0.0,No material variance,PASS,549.101
ICP000005-202602,ICP000005,RET001,RES,Christchurch Urban,2026-02,2026-02-01,2026-02-28,28,2025,55.25067792,6,55.25,Calculated reconciliation,55.25067792,55.25,6,NO_ISSUE,0.0,0.0,0.0,No material variance,PASS,593.328
ICP000006-202602,ICP000006,RET005,RSU,Christchurch Urban,2026-02,2026-02-01,2026-02-28,28,2025,65.92665337,6,65.93,Calculated reconciliation,65.92665337,65.93,6,NO_ISSUE,0.0,0.0,0.0,No material variance,PASS,514.323
ICP000007-202602,ICP000007,RET001,RSC,Christchurch Urban,2026-02,2026-02-01,2026-02-28,28,2025,93.24194832,6,93.24,Calculated reconciliation,93.24194832,93.24,6,NO_ISSUE,0.0,0.0,0.0,No material variance,PASS,999.593
ICP000008-202602,ICP000008,RET002,RSC,Christchurch Urban,2026-02,2026-02-01,2026-02-28,28,2025,64.12890795,6,64.13,Calculated reconciliation,64.12890795,64.13,6,NO_ISSUE,0.0,0.0,0.0,No material variance,PASS,705.596
ICP000009-202602,ICP000009,RET005,URES,Christchurch Urban,2026-02,2026-02-01,2026-02-28,28,2025,40.13563401,6,40.14,Calculated reconciliation,40.13563401,40.14,6,NO_ISSUE,0.0,0.0,0.0,No material variance,PASS,339.276
ICP000010-202602,ICP000010,RET005,RES,Christchurch Urban,2026-02,2026-02-01,2026-02-28,28,2025,49.58393462,6,49.58,Calculated reconciliation,49.58393462,49.58,6,NO_ISSUE,0.0,0.0,0.0,No material variance,PASS,539.591
ICP000011-202602,ICP000011,RET001,RES,Christchurch Urban,2026-02,2026-02-01,2026-02-28,28,2025,44.64676753,6,44.65,Calculated reconciliation,44.64676753,44.65,6,NO_ISSUE,0.0,0.0,0.0,No material variance,PASS,445.296
ICP000012-202602,ICP000012,RET001,RES,Christchurch Urban,2026-02,2026-02-01,2026-02-28,28,2025,45.60570869,6,45.61,Calculated reconciliation,45.60570869,45.61,6,NO_ISSUE,0.0,0.0,0.0,No material variance,PASS,410.407
ICP000013-202602,ICP000013,RET002,URES,Central Canterbury Rural,2026-02,2026-02-01,2026-02-28,28,2025,36.44738598,6,36.45,Calculated reconciliation,36.44738598,36.45,6,NO_ISSUE,0.0,0.0,0.0,No material variance,PASS,265.151
ICP000014-202602,ICP000014,RET004,RSC,Christchurch Urban,2026-02,2026-02-01,2026-02-28,28,2025,77.05361595,6,77.05,Calculated reconciliation,77.05361595,77.05,6,NO_ISSUE,0.0,0.0,0.0,No material variance,PASS,820.843
ICP000015-202602,ICP000015,RET004,RES,Christchurch Urban,2026-02,2026-02-01,2026-02-28,28,2025,46.5802222,6,46.58,Calculated reconciliation,46.5802222,46.58,6,NO_ISSUE,0.0,0.0,0.0,No material variance,PASS,408.386
ICP000016-202602,ICP000016,RET002,URES,Central Canterbury Rural,2026-02,2026-02-01,2026-02-28,28,2025,54.41479124,6,54.41,Calculated reconciliation,54.41479124,54.41,6,NO_ISSUE,0.0,0.0,0.0,No material variance,PASS,555.665
ICP000017-202602,ICP000017,RET003,RSC,Christchurch Urban,2026-02,2026-02-01,2026-02-28,28,2025,70.64712046,6,70.65,Calculated reconciliation,70.64712046,70.65,6,NO_ISSUE,0.0,0.0,0.0,No material variance,PASS,678.854
ICP000018-202602,ICP000018,RET003,URES,Christchurch Urban,2026-02,2026-02-01,2026-02-28,28,2025,52.45384504,6,52.45,Calculated reconciliation,52.45384504,52.45,6,NO_ISSUE,0.0,0.0,0.0,No material variance,PASS,407.292
ICP000019-202602,ICP000019,RET001,RSU,Christchurch Urban,2026-02,2026-02-01,2026-02-28,28,2025,65.59269535,6,65.59,Calculated reconciliation,65.59269535,65.59,6,NO_ISSUE,0.0,0.0,0.0,No material variance,PASS,751.791
ICP000020-202602,ICP000020,RET001,URES,Selwyn,2026-02,2026-02-01,2026-02-28,28,2025,52.31617541,6,52.32,Calculated reconciliation,52.31617541,52.32,6,NO_ISSUE,0.0,0.0,0.0,No material variance,PASS,512.285
ICP000021-202602,ICP000021,RET005,URES,Christchurch Urban,2026-02,2026-02-01,2026-02-28,28,2025,54.09273071,6,54.09,Calculated reconciliation,54.09273071,54.09,6,NO_ISSUE,0.0,0.0,0.0,No material variance,PASS,435.649
ICP000022-202602,ICP000022,RET002,RSC,Christchurch Urban,2026-02,2026-02-01,2026-02-28,28,2025,87.66916764,6,87.67,Calculated reconciliation,87.66916764,87.67,6,NO_ISSUE,0.0,0.0,0.0,No material variance,PASS,975.543
ICP000023-202602,ICP000023,RET002,RES,Christchurch Urban,2026-02,2026-02-01,2026-02-28,28,2025,52.933622109999995,6,52.93,Calculated reconciliation,52.933622109999995,52.93,6,NO_ISSUE,0.0,0.0,0.0,No material variance,PASS,655.477
ICP000024-202602,ICP000024,RET002,RES,Christchurch Urban,2026-02,2026-02-01,2026-02-28,28,2025,50.76747507,6,50.77,Calculated reconciliation,50.76747507,50.77,6,NO_ISSUE,0.0,0.0,0.0,No material variance,PASS,533.811
ICP000025-202602,ICP000025,RET002,RES,Christchurch Urban,2026-02,2026-02-01,2026-02-28,28,2025,48.10805512,6,48.11,Calculated reconciliation,48.10805512,48.11,6,NO_ISSUE,0.0,0.0,0.0,No material variance,PASS,385.482
ICP000026-202602,ICP000026,RET004,RES,Christchurch Urban,2026-02,2026-02-01,2026-02-28,28,2025,46.02254138,6,46.02,Calculated reconciliation,46.02254138,46.02,6,NO_ISSUE,0.0,0.0,0.0,No material variance,PASS,507.984
ICP000027-202602,ICP000027,RET002,RES,Christchurch Urban,2026-02,2026-02-01,2026-02-28,28,2025,49.66129142,6,49.66,Calculated reconciliation,49.66129142,49.66,6,NO_ISSUE,0.0,0.0,0.0,No material variance,PASS,465.038
ICP000028-202602,ICP000028,RET002,RES,Selwyn,2026-02,2026-02-01,2026-02-28,28,2025,62.86489152,6,62.86,Calculated reconciliation,62.86489152,62.86,6,NO_ISSUE,0.0,0.0,0.0,No material variance,PASS,565.855
ICP000029-202602,ICP000029,RET001,RSC,Christchurch Urban,2026-02,2026-02-01,2026-02-28,28,2025,64.29040667,6,64.29,Calculated reconciliation,64.29040667,64.29,6,NO_ISSUE,0.0,0.0,0.0,No material variance,PASS,606.756
ICP000030-202602,ICP000030,RET001,RES,Christchurch Urban,2026-02,2026-02-01,2026-02-28,28,2025,42.64050137,6,42.64,Calculated reconciliation,42.64050137,42.64,6,NO_ISSUE,0.0,0.0,0.0,No material variance,PASS,383.944
ICP000031-202602,ICP000031,RET002,RSU,Selwyn,2026-02,2026-02-01,2026-02-28,28,2025,58.3416888,6,58.34,Calculated reconciliation,58.3416888,58.34,6,NO_ISSUE,0.0,0.0,0.0,No material variance,PASS,496.203
ICP000032-202602,ICP000032,RET004,URES,Christchurch Urban,2026-02,2026-02-01,2026-02-28,28,2025,48.603293879999995,6,48.6,Calculated reconciliation,48.603293879999995,48.6,6,NO_ISSUE,0.0,0.0,0.0,No material variance,PASS,376.323
ICP000033-202602,ICP000033,RET002,RES,Christchurch Urban,2026-02,2026-02-01,2026-02-28,28,2025,53.644503879999995,6,53.64,Calculated reconciliation,53.644503879999995,53.64,6,NO_ISSUE,0.0,0.0,0.0,No material variance,PASS,444.799
ICP000034-202602,ICP000034,RET004,RES,Christchurch Urban,2026-02,2026-02-01,2026-02-28,28,2025,71.21284358,6,71.21,Calculated reconciliation,71.21284358,71.21,6,NO_ISSUE,0.0,0.0,0.0,No material variance,PASS,582.803
ICP000035-202602,ICP000035,RET005,RSC,Selwyn,2026-02,2026-02-01,2026-02-28,28,2025,77.58417064999999,6,77.58,Calculated reconciliation,77.58417064999999,77.58,6,NO_ISSUE,0.0,0.0,0.0,No material variance,PASS,804.664
ICP000036-202602,ICP000036,RET001,RES,Christchurch Urban,2026-02,2026-02-01,2026-02-28,28,2025,48.49556692,6,48.5,Calculated reconciliation,48.49556692,48.5,6,NO_ISSUE,0.0,0.0,0.0,No material variance,PASS,481.722
ICP000037-202602,ICP000037,RET004,RES,Christchurch Urban,2026-02,2026-02-01,2026-02-28,28,2025,66.76860033,6,66.77,Calculated reconciliation,66.76860033,66.77,6,NO_ISSUE,0.0,0.0,0.0,No material variance,PASS,603.196
ICP000038-202602,ICP000038,RET004,RSC,Christchurch Urban,2026-02,2026-02-01,2026-02-28,28,2025,54.65179696999999,6,54.65,Calculated reconciliation,54.65179696999999,54.65,6,NO_ISSUE,0.0,0.0,0.0,No material variance,PASS,576.126
ICP000039-202602,ICP000039,RET004,RES,Christchurch Urban,2026-02,2026-02-01,2026-02-28,28,2025,60.25893165,6,60.26,Calculated reconciliation,60.25893165,60.26,6,NO_ISSUE,0.0,0.0,0.0,No material variance,PASS,721.959
ICP000040-202602,ICP000040,RET004,RES,Christchurch Urban,2026-02,2026-02-01,2026-02-28,28,2025,54.97144673,6,54.97,Calculated reconciliation,54.97144673,54.97,6,NO_ISSUE,0.0,0.0,0.0,No material variance,PASS,599.809
ICP000041-202602,ICP000041,RET004,RES,Christchurch Urban,2026-02,2026-02-01,2026-02-28,28,2025,42.82872953,6,42.83,Calculated reconciliation,42.82872953,42.83,6,NO_ISSUE,0.0,0.0,0.0,No material variance,PASS,424.685
ICP000042-202602,ICP000042,RET002,RSC,Christchurch Urban,2026-02,2026-02-01,2026-02-28,28,2025,60.41527627999999,6,60.42,Calculated reconciliation,60.41527627999999,60.42,6,NO_ISSUE,0.0,0.0,0.0,No material variance,PASS,571.599
ICP000043-202602,ICP000043,RET001,RSC,Christchurch Urban,2026-02,2026-02-01,2026-02-28,28,2025,92.23333573,6,92.23,Calculated reconciliation,92.23333573,92.23,6,NO_ISSUE,0.0,0.0,0.0,No material variance,PASS,1099.912
ICP000044-202602,ICP000044,RET003,URES,Christchurch Urban,2026-02,2026-02-01,2026-02-28,28,2025,54.41924578,6,54.42,Calculated reconciliation,54.41924578,54.42,6,NO_ISSUE,0.0,0.0,0.0,No material variance,PASS,423.497
ICP000045-202602,ICP000045,RET001,RSC,Central Canterbury Rural,2026-02,2026-02-01,2026-02-28,28,2025,70.54290553999999,6,70.54,Calculated reconciliation,70.54290553999999,70.54,6,NO_ISSUE,0.0,0.0,0.0,No material variance,PASS,661.399
ICP000046-202602,ICP000046,RET002,RSC,Christchurch Urban,2026-02,2026-02-01,2026-02-28,28,2025,68.30428505,6,68.3,Calculated reconciliation,68.30428505,68.3,6,NO_ISSUE,0.0,0.0,0.0,No material variance,PASS,770.113
ICP000047-202602,ICP000047,RET001,RSU,Christchurch Urban,2026-02,2026-02-01,2026-02-28,28,2025,57.28775726999999,6,57.29,Calculated reconciliation,57.28775726999999,57.29,6,NO_ISSUE,0.0,0.0,0.0,No material variance,PASS,344.121
ICP000048-202602,ICP000048,RET002,RES,Christchurch Urban,2026-02,2026-02-01,2026-02-28,28,2025,55.10345201,6,55.1,Calculated reconciliation,55.10345201,55.1,6,NO_ISSUE,0.0,0.0,0.0,No material variance,PASS,508.768
ICP000049-202602,ICP000049,RET001,RES,Christchurch Urban,2026-02,2026-02-01,2026-02-28,28,2025,47.96537342,6,47.97,Calculated reconciliation,47.96537342,47.97,6,NO_ISSUE,0.0,0.0,0.0,No material variance,PASS,465.871
ICP000050-202602,ICP000050,RET004,RES,Christchurch Urban,2026-02,2026-02-01,2026-02-28,28,2025,40.77851191,6,40.78,Calculated reconciliation,40.77851191,40.78,6,NO_ISSUE,0.0,0.0,0.0,No material variance,PASS,275.72
ICP000051-202602,ICP000051,RET004,URES,Christchurch Urban,2026-02,2026-02-01,2026-02-28,28,2025,45.23459878,6,45.23,Calculated reconciliation,45.23459878,45.23,6,NO_ISSUE,0.0,0.0,0.0,No material variance,PASS,432.652
ICP000052-202602,ICP000052,RET001,RSC,Christchurch Urban,2026-02,2026-02-01,2026-02-28,28,2025,112.73178035,6,112.73,Calculated reconciliation,112.73178035,112.73,6,NO_ISSUE,0.0,0.0,0.0,No material variance,PASS,957.196
ICP000053-202602,ICP000053,RET003,RSC,Central Canterbury Rural,2026-02,2026-02-01,2026-02-28,28,2025,52.97032261,6,52.97,Calculated reconciliation,52.97032261,52.97,6,NO_ISSUE,0.0,0.0,0.0,No material variance,PASS,411.519
ICP000054-202602,ICP000054,RET002,RSC,Selwyn,2026-02,2026-02-01,2026-02-28,28,2025,63.2596827,6,63.26,Calculated reconciliation,63.2596827,63.26,6,NO_ISSUE,0.0,0.0,0.0,No material variance,PASS,649.784
ICP000055-202602,ICP000055,RET001,RES,Central Canterbury Rural,2026-02,2026-02-01,2026-02-28,28,2025,49.14801336,6,49.15,Calculated reconciliation,49.14801336,49.15,6,NO_ISSUE,0.0,0.0,0.0,No material variance,PASS,413.025
ICP000056-202602,ICP000056,RET005,URES,Christchurch Urban,2026-02,2026-02-01,2026-02-28,28,2025,55.69986769,6,55.7,Calculated reconciliation,55.69986769,55.7,6,NO_ISSUE,0.0,0.0,0.0,No material variance,PASS,440.754
ICP000057-202602,ICP000057,RET001,RES,Christchurch Urban,2026-02,2026-02-01,2026-02-28,28,2025,53.972355949999994,6,53.97,Calculated reconciliation,53.972355949999994,53.97,6,NO_ISSUE,0.0,0.0,0.0,No material variance,PASS,539.832
ICP000058-202602,ICP000058,RET003,RES,Selwyn,2026-02,2026-02-01,2026-02-28,28,2025,41.627008319999995,6,41.63,Calculated reconciliation,41.627008319999995,41.63,6,NO_ISSUE,0.0,0.0,0.0,No material variance,PASS,309.729
ICP000059-202602,ICP000059,RET002,RES,Christchurch Urban,2026-02,2026-02-01,2026-02-28,28,2025,40.81137467,6,40.81,Calculated reconciliation,40.81137467,40.81,6,NO_ISSUE,0.0,0.0,0.0,No material variance,PASS,331.345
ICP000060-202602,ICP000060,RET002,RES,Christchurch Urban,2026-02,2026-02-01,2026-02-28,28,2025,54.277060459999994,6,54.28,Calculated reconciliation,54.277060459999994,54.28,6,NO_ISSUE,0.0,0.0,0.0,No material variance,PASS,657.452
ICP000061-202602,ICP000061,RET001,RES,Christchurch Urban,2026-02,2026-02-01,2026-02-28,28,2025,40.82078627,6,40.82,Calculated reconciliation,40.82078627,40.82,6,NO_ISSUE,0.0,0.0,0.0,No material variance,PASS,406.149
ICP000062-202602,ICP000062,RET002,RES,Christchurch Urban,2026-02,2026-02-01,2026-02-28,28,2025,65.74160466,6,65.74,Calculated reconciliation,65.74160466,65.74,6,NO_ISSUE,0.0,0.0,0.0,No material variance,PASS,626.464
ICP000063-202602,ICP000063,RET002,RSC,Christchurch Urban,2026-02,2026-02-01,2026-02-28,28,2025,50.931466349999994,6,50.93,Calculated reconciliation,50.931466349999994,50.93,6,NO_ISSUE,0.0,0.0,0.0,No material variance,PASS,500.283
ICP000064-202602,ICP000064,RET002,RES,Central Canterbury Rural,2026-02,2026-02-01,2026-02-28,28,2025,53.57314108,6,53.57,Calculated reconciliation,53.57314108,53.57,6,NO_ISSUE,0.0,0.0,0.0,No material variance,PASS,482.007
ICP000065-202602,ICP000065,RET001,RES,Christchurch Urban,2026-02,2026-02-01,2026-02-28,28,2025,58.56544837999999,6,58.57,Calculated reconciliation,58.56544837999999,58.57,6,NO_ISSUE,0.0,0.0,0.0,No material variance,PASS,647.892
ICP000066-202602,ICP000066,RET002,RSC,Christchurch Urban,2026-02,2026-02-01,2026-02-28,28,2025,70.66376924999999,6,70.66,Calculated reconciliation,70.66376924999999,70.66,6,NO_ISSUE,0.0,0.0,0.0,No material variance,PASS,925.351
ICP000067-202602,ICP000067,RET004,RES,Christchurch Urban,2026-02,2026-02-01,2026-02-28,28,2025,51.55966042,6,51.56,Calculated reconciliation,51.55966042,51.56,6,NO_ISSUE,0.0,0.0,0.0,No material variance,PASS,541.589
ICP000068-202602,ICP000068,RET004,RES,Christchurch Urban,2026-02,2026-02-01,2026-02-28,28,2025,34.5569535,6,34.56,Calculated reconciliation,34.5569535,34.56,6,NO_ISSUE,0.0,0.0,0.0,No material variance,PASS,232.865
ICP000069-202602,ICP000069,RET001,RES,Christchurch Urban,2026-02,2026-02-01,2026-02-28,28,2025,57.263985649999995,6,57.26,Calculated reconciliation,57.263985649999995,57.26,6,NO_ISSUE,0.0,0.0,0.0,No material variance,PASS,437.577
ICP000070-202602,ICP000070,RET001,RES,Christchurch Urban,2026-02,2026-02-01,2026-02-28,28,2025,59.33231732,6,59.33,Calculated reconciliation,59.33231732,59.33,6,NO_ISSUE,0.0,0.0,0.0,No material variance,PASS,563.703
ICP000071-202602,ICP000071,RET002,RES,Christchurch Urban,2026-02,2026-02-01,2026-02-28,28,2025,63.67876362,6,63.68,Calculated reconciliation,63.67876362,63.68,6,NO_ISSUE,0.0,0.0,0.0,No material variance,PASS,672.115
ICP000072-202602,ICP000072,RET004,RSC,Christchurch Urban,2026-02,2026-02-01,2026-02-28,28,2025,79.27960491,6,79.28,Calculated reconciliation,79.27960491,79.28,6,NO_ISSUE,0.0,0.0,0.0,No material variance,PASS,802.487
ICP000073-202602,ICP000073,RET002,RSC,Central Canterbury Rural,2026-02,2026-02-01,2026-02-28,28,2025,63.94359793999999,6,63.94,Calculated reconciliation,63.94359793999999,63.94,6,NO_ISSUE,0.0,0.0,0.0,No material variance,PASS,719.404
ICP000074-202602,ICP000074,RET003,RES,Christchurch Urban,2026-02,2026-02-01,2026-02-28,28,2025,73.66390724,6,73.66,Calculated reconciliation,73.66390724,73.66,6,NO_ISSUE,0.0,0.0,0.0,No material variance,PASS,702.521
ICP000075-202602,ICP000075,RET003,RES,Christchurch Urban,2026-02,2026-02-01,2026-02-28,28,2025,50.22411198,6,50.22,Calculated reconciliation,50.22411198,50.22,6,NO_ISSUE,0.0,0.0,0.0,No material variance,PASS,549.123
ICP000076-202602,ICP000076,RET003,RSC,Christchurch Urban,2026-02,2026-02-01,2026-02-28,28,2025,88.59374634,6,88.59,Calculated reconciliation,90.63194634,90.63,6,INCORRECT_ICP_DAYS,2.0382000000000033,2.04,2.04,Overbilled,REVIEW,1102.322
ICP000077-202602,ICP000077,RET002,RES,Central Canterbury Rural,2026-02,2026-02-01,2026-02-28,28,2025,54.82190808,6,54.82,Calculated reconciliation,54.82190808,54.82,6,NO_ISSUE,0.0,0.0,0.0,No material variance,PASS,547.853
ICP000078-202602,ICP000078,RET003,RES,Christchurch Urban,2026-02,2026-02-01,2026-02-28,28,2025,51.59700982,6,51.6,Calculated reconciliation,51.59700982,51.6,6,NO_ISSUE,0.0,0.0,0.0,No material variance,PASS,454.159
ICP000079-202602,ICP000079,RET002,RES,Christchurch Urban,2026-02,2026-02-01,2026-02-28,28,2025,39.723834759999995,6,39.72,Calculated reconciliation,39.723834759999995,39.72,6,NO_ISSUE,0.0,0.0,0.0,No material variance,PASS,441.622
ICP000080-202602,ICP000080,RET001,RES,Christchurch Urban,2026-02,2026-02-01,2026-02-28,28,2025,55.264973479999995,6,55.26,Calculated reconciliation,55.264973479999995,55.26,6,NO_ISSUE,0.0,0.0,0.0,No material variance,PASS,702.943
ICP000081-202602,ICP000081,RET003,RSU,Christchurch Urban,2026-02,2026-02-01,2026-02-28,28,2025,100.43564987,6,100.44,Calculated reconciliation,100.43564987,100.44,6,NO_ISSUE,0.0,0.0,0.0,No material variance,PASS,988.409
ICP000082-202602,ICP000082,RET003,RES,Christchurch Urban,2026-02,2026-02-01,2026-02-28,28,2025,82.19476234999999,6,82.19,Calculated reconciliation,82.19476234999999,82.19,6,NO_ISSUE,0.0,0.0,0.0,No material variance,PASS,1024.883
ICP000083-202602,ICP000083,RET003,RES,Selwyn,2026-02,2026-02-01,2026-02-28,28,2025,47.36962844,6,47.37,Calculated reconciliation,47.36962844,47.37,6,NO_ISSUE,0.0,0.0,0.0,No material variance,PASS,450.268
ICP000084-202602,ICP000084,RET004,RSC,Christchurch Urban,2026-02,2026-02-01,2026-02-28,28,2025,80.60624181,6,80.61,Calculated reconciliation,80.60624181,80.61,6,NO_ISSUE,0.0,0.0,0.0,No material variance,PASS,773.244
ICP000085-202602,ICP000085,RET001,RES,Christchurch Urban,2026-02,2026-02-01,2026-02-28,28,2025,60.91013225,6,60.91,Calculated reconciliation,60.91013225,60.91,6,NO_ISSUE,0.0,0.0,0.0,No material variance,PASS,660.572
ICP000086-202602,ICP000086,RET004,RES,Christchurch Urban,2026-02,2026-02-01,2026-02-28,28,2025,41.5920165,6,41.59,Calculated reconciliation,41.5920165,41.59,6,NO_ISSUE,0.0,0.0,0.0,No material variance,PASS,330.836
ICP000087-202602,ICP000087,RET001,RES,Christchurch Urban,2026-02,2026-02-01,2026-02-28,28,2025,51.80537212,6,51.81,Calculated reconciliation,51.80537212,51.81,6,NO_ISSUE,0.0,0.0,0.0,No material variance,PASS,517.275
ICP000088-202602,ICP000088,RET001,RES,Christchurch Urban,2026-02,2026-02-01,2026-02-28,28,2025,47.02597716,6,47.03,Calculated reconciliation,47.02597716,47.03,6,NO_ISSUE,0.0,0.0,0.0,No material variance,PASS,383.319
ICP000089-202602,ICP000089,RET004,RES,Christchurch Urban,2026-02,2026-02-01,2026-02-28,28,2025,64.82631169,6,64.83,Calculated reconciliation,64.82631169,64.83,6,NO_ISSUE,0.0,0.0,0.0,No material variance,PASS,644.149
ICP000090-202602,ICP000090,RET002,RES,Christchurch Urban,2026-02,2026-02-01,2026-02-28,28,2025,52.84878107,6,52.85,Calculated reconciliation,52.84878107,52.85,6,NO_ISSUE,0.0,0.0,0.0,No material variance,PASS,483.061
ICP000091-202602,ICP000091,RET004,RES,Christchurch Urban,2026-02,2026-02-01,2026-02-28,28,2025,43.76780837,6,43.77,Calculated reconciliation,43.76780837,43.77,6,NO_ISSUE,0.0,0.0,0.0,No material variance,PASS,454.744
ICP000092-202602,ICP000092,RET001,RES,Christchurch Urban,2026-02,2026-02-01,2026-02-28,28,2025,44.355024,6,44.36,Calculated reconciliation,44.355024,44.36,6,NO_ISSUE,0.0,0.0,0.0,No material variance,PASS,427.034
ICP000093-202602,ICP000093,RET005,RES,Christchurch Urban,2026-02,2026-02-01,2026-02-28,28,2025,50.13393101,6,50.13,Calculated reconciliation,50.13393101,50.13,6,NO_ISSUE,0.0,0.0,0.0,No material variance,PASS,472.485
ICP000094-202602,ICP000094,RET005,RES,Christchurch Urban,2026-02,2026-02-01,2026-02-28,28,2025,61.22692925999999,6,61.23,Calculated reconciliation,61.22692925999999,61.23,6,NO_ISSUE,0.0,0.0,0.0,No material variance,PASS,629.282
ICP000095-202602,ICP000095,RET001,RES,Central Canterbury Rural,2026-02,2026-02-01,2026-02-28,28,2025,57.10533808,6,57.11,Calculated reconciliation,57.10533808,57.11,6,NO_ISSUE,0.0,0.0,0.0,No material variance,PASS,494.101
ICP000096-202602,ICP000096,RET002,URES,Christchurch Urban,2026-02,2026-02-01,2026-02-28,28,2025,64.72464228,6,64.72,Calculated reconciliation,64.72464228,64.72,6,NO_ISSUE,0.0,0.0,0.0,No material variance,PASS,618.235
ICP000097-202602,ICP000097,RET001,RES,Christchurch Urban,2026-02,2026-02-01,2026-02-28,28,2025,48.358906229999995,6,48.36,Calculated reconciliation,48.358906229999995,48.36,6,NO_ISSUE,0.0,0.0,0.0,No material variance,PASS,475.404
ICP000098-202602,ICP000098,RET005,RES,Christchurch Urban,2026-02,2026-02-01,2026-02-28,28,2025,68.13675477,6,68.14,Calculated reconciliation,68.13675477,68.14,6,NO_ISSUE,0.0,0.0,0.0,No material variance,PASS,734.116
ICP000099-202602,ICP000099,RET003,RSC,Selwyn,2026-02,2026-02-01,2026-02-28,28,2025,62.6527263,6,62.65,Calculated reconciliation,62.6527263,62.65,6,NO_ISSUE,0.0,0.0,0.0,No material variance,PASS,484.688
ICP000100-202602,ICP000100,RET003,RSC,Central Canterbury Rural,2026-02,2026-02-01,2026-02-28,28,2025,93.72446206,6,93.72,Calculated reconciliation,93.72446206,93.72,6,NO_ISSUE,0.0,0.0,0.0,No material variance,PASS,1025.286
ICP000101-202602,ICP000101,RET003,RES,Christchurch Urban,2026-02,2026-02-01,2026-02-28,28,2025,66.7037091,6,66.7,Calculated reconciliation,66.7037091,66.7,6,NO_ISSUE,0.0,0.0,0.0,No material variance,PASS,757.09
ICP000102-202602,ICP000102,RET001,RSC,Christchurch Urban,2026-02,2026-02-01,2026-02-28,28,2025,85.18343718999999,6,85.18,Calculated reconciliation,85.18343718999999,85.18,6,NO_ISSUE,0.0,0.0,0.0,No material variance,PASS,966.819
ICP000103-202602,ICP000103,RET002,RSC,Christchurch Urban,2026-02,2026-02-01,2026-02-28,28,2025,96.88805078,6,96.89,Calculated reconciliation,96.88805078,96.89,6,NO_ISSUE,0.0,0.0,0.0,No material variance,PASS,1218.185
ICP000104-202602,ICP000104,RET005,RSC,Christchurch Urban,2026-02,2026-02-01,2026-02-28,28,2025,89.96325218999999,6,89.96,Calculated reconciliation,89.96325218999999,89.96,6,NO_ISSUE,0.0,0.0,0.0,No material variance,PASS,974.228
ICP000105-202602,ICP000105,RET001,RES,Christchurch Urban,2026-02,2026-02-01,2026-02-28,28,2025,57.15644018,6,57.16,Calculated reconciliation,57.15644018,57.16,6,NO_ISSUE,0.0,0.0,0.0,No material variance,PASS,628.427
ICP000106-202602,ICP000106,RET001,RES,Christchurch Urban,2026-02,2026-02-01,2026-02-28,28,2025,39.46086766,6,39.46,Calculated reconciliation,39.46086766,39.46,6,NO_ISSUE,0.0,0.0,0.0,No material variance,PASS,460.009
ICP000107-202602,ICP000107,RET004,URES,Christchurch Urban,2026-02,2026-02-01,2026-02-28,28,2025,58.66236999,6,58.66,Calculated reconciliation,60.16236999,60.16,6,INCORRECT_ICP_DAYS,1.5,1.5,1.5,Overbilled,REVIEW,505.495
ICP000108-202602,ICP000108,RET001,RES,Christchurch Urban,2026-02,2026-02-01,2026-02-28,28,2025,49.12316508,6,49.12,Calculated reconciliation,49.12316508,49.12,6,NO_ISSUE,0.0,0.0,0.0,No material variance,PASS,486.684
ICP000109-202602,ICP000109,RET001,RSC,Selwyn,2026-02,2026-02-01,2026-02-28,28,2025,87.55584942,6,87.56,Calculated reconciliation,87.55584942,87.56,6,NO_ISSUE,0.0,0.0,0.0,No material variance,PASS,1173.267
ICP000110-202602,ICP000110,RET002,RES,Christchurch Urban,2026-02,2026-02-01,2026-02-28,28,2025,38.64423407,6,38.64,Calculated reconciliation,38.64423407,38.64,6,NO_ISSUE,0.0,0.0,0.0,No material variance,PASS,397.358
ICP000111-202602,ICP000111,RET002,RES,Christchurch Urban,2026-02,2026-02-01,2026-02-28,28,2025,58.53729404,6,58.54,Calculated reconciliation,58.53729404,58.54,6,NO_ISSUE,0.0,0.0,0.0,No material variance,PASS,641.502
ICP000112-202602,ICP000112,RET003,RSU,Christchurch Urban,2026-02,2026-02-01,2026-02-28,28,2025,75.50811166,6,75.51,Calculated reconciliation,75.50811166,75.51,6,NO_ISSUE,0.0,0.0,0.0,No material variance,PASS,767.797
ICP000113-202602,ICP000113,RET001,RES,Christchurch Urban,2026-02,2026-02-01,2026-02-28,28,2025,62.438908139999995,6,62.44,Calculated reconciliation,62.438908139999995,62.44,6,NO_ISSUE,0.0,0.0,0.0,No material variance,PASS,685.674
ICP000114-202602,ICP000114,RET001,RES,Christchurch Urban,2026-02,2026-02-01,2026-02-28,28,2025,48.22724234,6,48.23,Calculated reconciliation,48.22724234,48.23,6,NO_ISSUE,0.0,0.0,0.0,No material variance,PASS,433.123
ICP000115-202602,ICP000115,RET004,RES,Christchurch Urban,2026-02,2026-02-01,2026-02-28,28,2025,67.70622645,6,67.71,Calculated reconciliation,67.70622645,67.71,6,NO_ISSUE,0.0,0.0,0.0,No material variance,PASS,501.793
ICP000116-202602,ICP000116,RET002,RES,Christchurch Urban,2026-02,2026-02-01,2026-02-28,28,2025,54.09247524,6,54.09,Calculated reconciliation,54.09247524,54.09,6,NO_ISSUE,0.0,0.0,0.0,No material variance,PASS,420.504
ICP000117-202602,ICP000117,RET001,RES,Christchurch Urban,2026-02,2026-02-01,2026-02-28,28,2025,43.91888154,6,43.92,Calculated reconciliation,43.91888154,43.92,6,NO_ISSUE,0.0,0.0,0.0,No material variance,PASS,366.019
ICP000118-202602,ICP000118,RET003,RES,Christchurch Urban,2026-02,2026-02-01,2026-02-28,28,2025,62.52360356,6,62.52,Calculated reconciliation,62.52360356,62.52,6,NO_ISSUE,0.0,0.0,0.0,No material variance,PASS,760.23
ICP000119-202602,ICP000119,RET004,RES,Selwyn,2026-02,2026-02-01,2026-02-28,28,2025,44.05171681,6,44.05,Calculated reconciliation,44.05171681,44.05,6,NO_ISSUE,0.0,0.0,0.0,No material variance,PASS,393.969
ICP000120-202602,ICP000120,RET004,RES,Selwyn,2026-02,2026-02-01,2026-02-28,28,2025,61.183842729999995,6,61.18,Calculated reconciliation,61.183842729999995,61.18,6,NO_ISSUE,0.0,0.0,0.0,No material variance,PASS,617.024
ICP000121-202602,ICP000121,RET002,RES,Christchurch Urban,2026-02,2026-02-01,2026-02-28,28,2025,55.92984589,6,55.93,Calculated reconciliation,55.92984589,55.93,6,NO_ISSUE,0.0,0.0,0.0,No material variance,PASS,606.624
ICP000122-202602,ICP000122,RET005,RES,Selwyn,2026-02,2026-02-01,2026-02-28,28,2025,47.19086615,6,47.19,Calculated reconciliation,47.19086615,47.19,6,NO_ISSUE,0.0,0.0,0.0,No material variance,PASS,391.922
ICP000123-202602,ICP000123,RET005,RSU,Christchurch Urban,2026-02,2026-02-01,2026-02-28,28,2025,100.53853474,6,100.54,Calculated reconciliation,100.53853474,100.54,6,NO_ISSUE,0.0,0.0,0.0,No material variance,PASS,1249.47
ICP000124-202602,ICP000124,RET004,RES,Central Canterbury Rural,2026-02,2026-02-01,2026-02-28,28,2025,60.14529123,6,60.15,Calculated reconciliation,60.14529123,60.15,6,NO_ISSUE,0.0,0.0,0.0,No material variance,PASS,671.984
ICP000125-202602,ICP000125,RET001,RES,Christchurch Urban,2026-02,2026-02-01,2026-02-28,28,2025,51.86739933,6,51.87,Calculated reconciliation,51.86739933,51.87,6,NO_ISSUE,0.0,0.0,0.0,No material variance,PASS,429.15
ICP000126-202602,ICP000126,RET001,RES,Christchurch Urban,2026-02,2026-02-01,2026-02-28,28,2025,51.08877719,6,51.09,Calculated reconciliation,51.08877719,51.09,6,NO_ISSUE,0.0,0.0,0.0,No material variance,PASS,601.519
ICP000127-202602,ICP000127,RET001,RSU,Christchurch Urban,2026-02,2026-02-01,2026-02-28,28,2025,64.08690525,6,64.09,Calculated reconciliation,64.08690525,64.09,6,NO_ISSUE,0.0,0.0,0.0,No material variance,PASS,712.617
ICP000128-202602,ICP000128,RET001,RES,Christchurch Urban,2026-02,2026-02-01,2026-02-28,28,2025,60.95288174,6,60.95,Calculated reconciliation,79.05524123000001,79.06,7,DUPLICATE_CONSUMPTION,18.102359490000005,18.1,18.1,Overbilled,REVIEW,567.558
ICP000129-202602,ICP000129,RET002,RES,Selwyn,2026-02,2026-02-01,2026-02-28,28,2025,51.026104319999995,6,51.03,Calculated reconciliation,51.026104319999995,51.03,6,NO_ISSUE,0.0,0.0,0.0,No material variance,PASS,470.77
ICP000130-202602,ICP000130,RET001,RSU,Christchurch Urban,2026-02,2026-02-01,2026-02-28,28,2025,102.52149238,6,102.52,Calculated reconciliation,102.52149238,102.52,6,NO_ISSUE,0.0,0.0,0.0,No material variance,PASS,917.534
ICP000131-202602,ICP000131,RET001,RSC,Christchurch Urban,2026-02,2026-02-01,2026-02-28,28,2025,75.29372867,6,75.29,Calculated reconciliation,75.29372867,75.29,6,NO_ISSUE,0.0,0.0,0.0,No material variance,PASS,788.814
ICP000132-202602,ICP000132,RET002,RES,Christchurch Urban,2026-02,2026-02-01,2026-02-28,28,2025,50.2690636,6,50.27,Calculated reconciliation,50.2690636,50.27,6,NO_ISSUE,0.0,0.0,0.0,No material variance,PASS,426.544
ICP000133-202602,ICP000133,RET002,RES,Christchurch Urban,2026-02,2026-02-01,2026-02-28,28,2025,52.825358429999994,6,52.83,Calculated reconciliation,52.825358429999994,52.83,6,NO_ISSUE,0.0,0.0,0.0,No material variance,PASS,556.432
ICP000134-202602,ICP000134,RET004,RES,Selwyn,2026-02,2026-02-01,2026-02-28,28,2025,55.34523658999999,6,55.35,Calculated reconciliation,55.34523658999999,55.35,6,NO_ISSUE,0.0,0.0,0.0,No material variance,PASS,462.251
ICP000135-202602,ICP000135,RET001,RSC,Central Canterbury Rural,2026-02,2026-02-01,2026-02-28,28,2025,62.53974711,6,62.54,Calculated reconciliation,62.53974711,62.54,6,NO_ISSUE,0.0,0.0,0.0,No material variance,PASS,586.472
ICP000136-202602,ICP000136,RET001,URES,Christchurch Urban,2026-02,2026-02-01,2026-02-28,28,2025,52.94757108,6,52.95,Calculated reconciliation,52.94757108,52.95,6,NO_ISSUE,0.0,0.0,0.0,No material variance,PASS,448.81
ICP000137-202602,ICP000137,RET004,RES,Christchurch Urban,2026-02,2026-02-01,2026-02-28,28,2025,51.11415641,6,51.11,Calculated reconciliation,51.11415641,51.11,6,NO_ISSUE,0.0,0.0,0.0,No material variance,PASS,528.245
ICP000138-202602,ICP000138,RET001,RES,Selwyn,2026-02,2026-02-01,2026-02-28,28,2025,56.40532578,6,56.41,Calculated reconciliation,56.40532578,56.41,6,NO_ISSUE,0.0,0.0,0.0,No material variance,PASS,622.565
ICP000139-202602,ICP000139,RET003,RES,Christchurch Urban,2026-02,2026-02-01,2026-02-28,28,2025,63.38226498,6,63.38,Calculated reconciliation,63.38226498,63.38,6,NO_ISSUE,0.0,0.0,0.0,No material variance,PASS,499.933
ICP000140-202602,ICP000140,RET002,URES,Christchurch Urban,2026-02,2026-02-01,2026-02-28,28,2025,78.0414889,6,78.04,Calculated reconciliation,107.01878321,107.02,7,DUPLICATE_CONSUMPTION,28.97729430999999,28.98,28.98,Overbilled,REVIEW,785.994
ICP000141-202602,ICP000141,RET002,RES,Selwyn,2026-02,2026-02-01,2026-02-28,28,2025,48.40315467,6,48.4,Calculated reconciliation,48.40315467,48.4,6,NO_ISSUE,0.0,0.0,0.0,No material variance,PASS,560.705
ICP000142-202602,ICP000142,RET001,RES,Christchurch Urban,2026-02,2026-02-01,2026-02-28,28,2025,60.28083436,6,60.28,Calculated reconciliation,60.28083436,60.28,6,NO_ISSUE,0.0,0.0,0.0,No material variance,PASS,556.877
ICP000143-202602,ICP000143,RET002,RES,Christchurch Urban,2026-02,2026-02-01,2026-02-28,28,2025,42.44531866,6,42.45,Calculated reconciliation,42.44531866,42.45,6,NO_ISSUE,0.0,0.0,0.0,No material variance,PASS,362.859
ICP000144-202602,ICP000144,RET001,RSC,Christchurch Urban,2026-02,2026-02-01,2026-02-28,28,2025,78.35120963,6,78.35,Calculated reconciliation,78.35120963,78.35,6,NO_ISSUE,0.0,0.0,0.0,No material variance,PASS,832.874
ICP000145-202602,ICP000145,RET004,RES,Christchurch Urban,2026-02,2026-02-01,2026-02-28,28,2025,59.28092644,6,59.28,Calculated reconciliation,59.28092644,59.28,6,NO_ISSUE,0.0,0.0,0.0,No material variance,PASS,505.872
ICP000146-202602,ICP000146,RET002,RES,Christchurch Urban,2026-02,2026-02-01,2026-02-28,28,2025,49.28078868,6,49.28,Calculated reconciliation,49.28078868,49.28,6,NO_ISSUE,0.0,0.0,0.0,No material variance,PASS,516.019
ICP000147-202602,ICP000147,RET003,RSC,Christchurch Urban,2026-02,2026-02-01,2026-02-28,28,2025,73.45297674999999,6,73.45,Calculated reconciliation,73.45297674999999,73.45,6,NO_ISSUE,0.0,0.0,0.0,No material variance,PASS,986.657
ICP000148-202602,ICP000148,RET005,URES,Selwyn,2026-02,2026-02-01,2026-02-28,28,2025,48.77796855,6,48.78,Calculated reconciliation,48.77796855,48.78,6,NO_ISSUE,0.0,0.0,0.0,No material variance,PASS,339.357
ICP000149-202602,ICP000149,RET001,RES,Christchurch Urban,2026-02,2026-02-01,2026-02-28,28,2025,57.486713779999995,6,57.49,Calculated reconciliation,57.486713779999995,57.49,6,NO_ISSUE,0.0,0.0,0.0,No material variance,PASS,572.808
ICP000150-202602,ICP000150,RET001,RES,Christchurch Urban,2026-02,2026-02-01,2026-02-28,28,2025,61.6054254,6,61.61,Calculated reconciliation,61.6054254,61.61,6,NO_ISSUE,0.0,0.0,0.0,No material variance,PASS,563.201
ICP000151-202602,ICP000151,RET003,RSC,Christchurch Urban,2026-02,2026-02-01,2026-02-28,28,2025,67.41371708999999,6,67.41,Calculated reconciliation,67.41371708999999,67.41,6,NO_ISSUE,0.0,0.0,0.0,No material variance,PASS,614.622
ICP000152-202602,ICP000152,RET002,RES,Selwyn,2026-02,2026-02-01,2026-02-28,28,2025,53.29810093,6,53.3,Calculated reconciliation,53.29810093,53.3,6,NO_ISSUE,0.0,0.0,0.0,No material variance,PASS,551.625
ICP000153-202602,ICP000153,RET003,URES,Christchurch Urban,2026-02,2026-02-01,2026-02-28,28,2025,47.18116427,6,47.18,Calculated reconciliation,47.18116427,47.18,6,NO_ISSUE,0.0,0.0,0.0,No material variance,PASS,396.465
ICP000154-202602,ICP000154,RET002,RES,Christchurch Urban,2026-02,2026-02-01,2026-02-28,28,2025,64.71146081,6,64.71,Calculated reconciliation,64.71146081,64.71,6,NO_ISSUE,0.0,0.0,0.0,No material variance,PASS,623.376
ICP000155-202602,ICP000155,RET004,RSC,Christchurch Urban,2026-02,2026-02-01,2026-02-28,28,2025,62.26620657,6,62.27,Calculated reconciliation,62.26620657,62.27,6,NO_ISSUE,0.0,0.0,0.0,No material variance,PASS,749.083
ICP000156-202602,ICP000156,RET002,RES,Christchurch Urban,2026-02,2026-02-01,2026-02-28,28,2025,60.60040555,6,60.6,Calculated reconciliation,60.60040555,60.6,6,NO_ISSUE,0.0,0.0,0.0,No material variance,PASS,581.501
ICP000157-202602,ICP000157,RET005,RES,Christchurch Urban,2026-02,2026-02-01,2026-02-28,28,2025,62.55543579,6,62.56,Calculated reconciliation,62.55543579,62.56,6,NO_ISSUE,0.0,0.0,0.0,No material variance,PASS,589.929
ICP000158-202602,ICP000158,RET005,RES,Christchurch Urban,2026-02,2026-02-01,2026-02-28,28,2025,68.42146609999999,6,68.42,Calculated reconciliation,68.42146609999999,68.42,6,NO_ISSUE,0.0,0.0,0.0,No material variance,PASS,656.327
ICP000159-202602,ICP000159,RET001,RSC,Christchurch Urban,2026-02,2026-02-01,2026-02-28,28,2025,71.27723987,6,71.28,Calculated reconciliation,71.27723987,71.28,6,NO_ISSUE,0.0,0.0,0.0,No material variance,PASS,709.885
ICP000160-202602,ICP000160,RET003,RSC,Christchurch Urban,2026-02,2026-02-01,2026-02-28,28,2025,51.92565001,6,51.93,Calculated reconciliation,51.92565001,51.93,6,NO_ISSUE,0.0,0.0,0.0,No material variance,PASS,781.096
ICP000161-202602,ICP000161,RET003,RES,Selwyn,2026-02,2026-02-01,2026-02-28,28,2025,68.56266183,6,68.56,Calculated reconciliation,68.56266183,68.56,6,NO_ISSUE,0.0,0.0,0.0,No material variance,PASS,589.282
ICP000162-202602,ICP000162,RET001,RES,Selwyn,2026-02,2026-02-01,2026-02-28,28,2025,49.16965918,6,49.17,Calculated reconciliation,49.16965918,49.17,6,NO_ISSUE,0.0,0.0,0.0,No material variance,PASS,443.402
ICP000163-202602,ICP000163,RET003,RES,Selwyn,2026-02,2026-02-01,2026-02-28,28,2025,58.15438263,6,58.15,Calculated reconciliation,58.15438263,58.15,6,NO_ISSUE,0.0,0.0,0.0,No material variance,PASS,491.321
ICP000164-202602,ICP000164,RET001,RSU,Christchurch Urban,2026-02,2026-02-01,2026-02-28,28,2025,72.52327123,6,72.52,Calculated reconciliation,72.52327123,72.52,6,NO_ISSUE,0.0,0.0,0.0,No material variance,PASS,654.266
ICP000165-202602,ICP000165,RET001,RSC,Selwyn,2026-02,2026-02-01,2026-02-28,28,2025,74.48215564,6,74.48,Calculated reconciliation,74.48215564,74.48,6,NO_ISSUE,0.0,0.0,0.0,No material variance,PASS,712.382
ICP000166-202602,ICP000166,RET005,URES,Christchurch Urban,2026-02,2026-02-01,2026-02-28,28,2025,42.56769163,6,42.57,Calculated reconciliation,42.56769163,42.57,6,NO_ISSUE,0.0,0.0,0.0,No material variance,PASS,236.455
ICP000167-202602,ICP000167,RET002,RSC,Christchurch Urban,2026-02,2026-02-01,2026-02-28,28,2025,77.09961120999999,6,77.1,Calculated reconciliation,77.09961120999999,77.1,6,NO_ISSUE,0.0,0.0,0.0,No material variance,PASS,709.245
ICP000168-202602,ICP000168,RET001,URES,Christchurch Urban,2026-02,2026-02-01,2026-02-28,28,2025,42.69361322,6,42.69,Calculated reconciliation,42.69361322,42.69,6,NO_ISSUE,0.0,0.0,0.0,No material variance,PASS,318.091
ICP000169-202602,ICP000169,RET005,RES,Christchurch Urban,2026-02,2026-02-01,2026-02-28,28,2025,43.06181868,6,43.06,Calculated reconciliation,43.06181868,43.06,6,NO_ISSUE,0.0,0.0,0.0,No material variance,PASS,363.751
ICP000170-202602,ICP000170,RET003,URES,Christchurch Urban,2026-02,2026-02-01,2026-02-28,28,2025,51.069433149999995,6,51.07,Calculated reconciliation,51.069433149999995,51.07,6,NO_ISSUE,0.0,0.0,0.0,No material variance,PASS,397.564
ICP000171-202602,ICP000171,RET002,URES,Christchurch Urban,2026-02,2026-02-01,2026-02-28,28,2025,44.74822017,6,44.75,Calculated reconciliation,44.74822017,44.75,6,NO_ISSUE,0.0,0.0,0.0,No material variance,PASS,296.658
ICP000172-202602,ICP000172,RET001,RES,Christchurch Urban,2026-02,2026-02-01,2026-02-28,28,2025,40.2576418,6,40.26,Calculated reconciliation,40.2576418,40.26,6,NO_ISSUE,0.0,0.0,0.0,No material variance,PASS,313.521
ICP000173-202602,ICP000173,RET004,RES,Christchurch Urban,2026-02,2026-02-01,2026-02-28,28,2025,37.31655643,6,37.32,Calculated reconciliation,37.31655643,37.32,6,NO_ISSUE,0.0,0.0,0.0,No material variance,PASS,284.779
ICP000174-202602,ICP000174,RET005,URES,Christchurch Urban,2026-02,2026-02-01,2026-02-28,28,2025,49.70441832,6,49.7,Calculated reconciliation,49.70441832,49.7,6,NO_ISSUE,0.0,0.0,0.0,No material variance,PASS,329.533
ICP000175-202602,ICP000175,RET003,RSC,Selwyn,2026-02,2026-02-01,2026-02-28,28,2025,73.28869091,6,73.29,Calculated reconciliation,73.28869091,73.29,6,NO_ISSUE,0.0,0.0,0.0,No material variance,PASS,756.319
ICP000176-202602,ICP000176,RET005,URES,Christchurch Urban,2026-02,2026-02-01,2026-02-28,28,2025,53.07127835,6,53.07,Calculated reconciliation,53.07127835,53.07,6,NO_ISSUE,0.0,0.0,0.0,No material variance,PASS,361.882
ICP000177-202602,ICP000177,RET003,RSC,Selwyn,2026-02,2026-02-01,2026-02-28,28,2025,77.26563319,6,77.27,Calculated reconciliation,77.26563319,77.27,6,NO_ISSUE,0.0,0.0,0.0,No material variance,PASS,739.967
ICP000178-202602,ICP000178,RET004,RES,Christchurch Urban,2026-02,2026-02-01,2026-02-28,28,2025,44.92021063,6,44.92,Calculated reconciliation,44.92021063,44.92,6,NO_ISSUE,0.0,0.0,0.0,No material variance,PASS,450.874
ICP000179-202602,ICP000179,RET001,URES,Christchurch Urban,2026-02,2026-02-01,2026-02-28,28,2025,82.76027241999999,6,82.76,Calculated reconciliation,82.76027241999999,82.76,6,NO_ISSUE,0.0,0.0,0.0,No material variance,PASS,710.979
ICP000180-202602,ICP000180,RET005,RES,Christchurch Urban,2026-02,2026-02-01,2026-02-28,28,2025,48.85352494,6,48.85,Calculated reconciliation,48.85352494,48.85,6,NO_ISSUE,0.0,0.0,0.0,No material variance,PASS,423.166
ICP000181-202602,ICP000181,RET002,URES,Christchurch Urban,2026-02,2026-02-01,2026-02-28,28,2025,68.9401138,6,68.94,Calculated reconciliation,68.9401138,68.94,6,NO_ISSUE,0.0,0.0,0.0,No material variance,PASS,667.535
ICP000182-202602,ICP000182,RET002,RSC,Christchurch Urban,2026-02,2026-02-01,2026-02-28,28,2025,112.74709837999998,6,112.75,Calculated reconciliation,112.74709837999998,112.75,6,NO_ISSUE,0.0,0.0,0.0,No material variance,PASS,1153.053
ICP000183-202602,ICP000183,RET002,RES,Christchurch Urban,2026-02,2026-02-01,2026-02-28,28,2025,51.69312363,6,51.69,Calculated reconciliation,51.69312363,51.69,6,NO_ISSUE,0.0,0.0,0.0,No material variance,PASS,530.036
ICP000184-202602,ICP000184,RET002,RES,Central Canterbury Rural,2026-02,2026-02-01,2026-02-28,28,2025,53.235126869999995,6,53.24,Calculated reconciliation,53.235126869999995,53.24,6,NO_ISSUE,0.0,0.0,0.0,No material variance,PASS,525.732
ICP000185-202602,ICP000185,RET004,RES,Central Canterbury Rural,2026-02,2026-02-01,2026-02-28,28,2025,64.93471833,6,64.93,Calculated reconciliation,64.93471833,64.93,6,NO_ISSUE,0.0,0.0,0.0,No material variance,PASS,665.03
ICP000186-202602,ICP000186,RET002,RSC,Christchurch Urban,2026-02,2026-02-01,2026-02-28,28,2025,96.50476348,6,96.5,Calculated reconciliation,96.50476348,96.5,6,NO_ISSUE,0.0,0.0,0.0,No material variance,PASS,1059.987
ICP000187-202602,ICP000187,RET002,RES,Christchurch Urban,2026-02,2026-02-01,2026-02-28,28,2025,56.65960468,6,56.66,Calculated reconciliation,56.65960468,56.66,6,NO_ISSUE,0.0,0.0,0.0,No material variance,PASS,534.441
ICP000188-202602,ICP000188,RET004,RES,Selwyn,2026-02,2026-02-01,2026-02-28,28,2025,40.27112363,6,40.27,Calculated reconciliation,40.27112363,40.27,6,NO_ISSUE,0.0,0.0,0.0,No material variance,PASS,343.179
ICP000189-202602,ICP000189,RET005,RSC,Central Canterbury Rural,2026-02,2026-02-01,2026-02-28,28,2025,61.053556969999995,6,61.05,Calculated reconciliation,61.053556969999995,61.05,6,NO_ISSUE,0.0,0.0,0.0,No material variance,PASS,733.988
ICP000190-202602,ICP000190,RET005,RES,Christchurch Urban,2026-02,2026-02-01,2026-02-28,28,2025,61.39274744,6,61.39,Calculated reconciliation,61.39274744,61.39,6,NO_ISSUE,0.0,0.0,0.0,No material variance,PASS,576.655
ICP000191-202602,ICP000191,RET001,RES,Christchurch Urban,2026-02,2026-02-01,2026-02-28,28,2025,49.8865683,6,49.89,Calculated reconciliation,49.8865683,49.89,6,NO_ISSUE,0.0,0.0,0.0,No material variance,PASS,421.687
ICP000192-202602,ICP000192,RET002,RES,Central Canterbury Rural,2026-02,2026-02-01,2026-02-28,28,2025,53.98814895,6,53.99,Calculated reconciliation,53.98814895,53.99,6,NO_ISSUE,0.0,0.0,0.0,No material variance,PASS,438.883
ICP000193-202602,ICP000193,RET004,RES,Christchurch Urban,2026-02,2026-02-01,2026-02-28,28,2025,48.16206805,6,48.16,Calculated reconciliation,48.16206805,48.16,6,NO_ISSUE,0.0,0.0,0.0,No material variance,PASS,447.57
ICP000194-202602,ICP000194,RET002,RSC,Christchurch Urban,2026-02,2026-02-01,2026-02-28,28,2025,69.94525913,6,69.95,Calculated reconciliation,69.94525913,69.95,6,NO_ISSUE,0.0,0.0,0.0,No material variance,PASS,1057.177
ICP000195-202602,ICP000195,RET002,RES,Christchurch Urban,2026-02,2026-02-01,2026-02-28,28,2025,68.77664767,6,68.78,Calculated reconciliation,68.77664767,68.78,6,NO_ISSUE,0.0,0.0,0.0,No material variance,PASS,550.447
ICP000196-202602,ICP000196,RET002,URES,Christchurch Urban,2026-02,2026-02-01,2026-02-28,28,2025,59.03000039,6,59.03,Calculated reconciliation,59.03000039,59.03,6,NO_ISSUE,0.0,0.0,0.0,No material variance,PASS,488.843
ICP000197-202602,ICP000197,RET004,RES,Christchurch Urban,2026-02,2026-02-01,2026-02-28,28,2025,67.92407499,6,67.92,Calculated reconciliation,67.92407499,67.92,6,NO_ISSUE,0.0,0.0,0.0,No material variance,PASS,601.772
ICP000198-202602,ICP000198,RET002,RES,Selwyn,2026-02,2026-02-01,2026-02-28,28,2025,72.60358701,6,72.6,Calculated reconciliation,72.60358701,72.6,6,NO_ISSUE,0.0,0.0,0.0,No material variance,PASS,688.467
ICP000199-202602,ICP000199,RET003,RES,Christchurch Urban,2026-02,2026-02-01,2026-02-28,28,2025,34.09780692,6,34.1,Calculated reconciliation,34.09780692,34.1,6,NO_ISSUE,0.0,0.0,0.0,No material variance,PASS,237.939
ICP000200-202602,ICP000200,RET002,RES,Central Canterbury Rural,2026-02,2026-02-01,2026-02-28,28,2025,56.875283229999994,6,56.88,Calculated reconciliation,56.875283229999994,56.88,6,NO_ISSUE,0.0,0.0,0.0,No material variance,PASS,576.902
ICP000201-202602,ICP000201,RET001,RES,Selwyn,2026-02,2026-02-01,2026-02-28,28,2025,60.5322659,6,60.53,Calculated reconciliation,60.5322659,60.53,6,NO_ISSUE,0.0,0.0,0.0,No material variance,PASS,614.19
ICP000202-202602,ICP000202,RET005,RSC,Christchurch Urban,2026-02,2026-02-01,2026-02-28,28,2025,75.68701168999999,6,75.69,Calculated reconciliation,75.68701168999999,75.69,6,NO_ISSUE,0.0,0.0,0.0,No material variance,PASS,760.749
ICP000203-202602,ICP000203,RET004,URES,Selwyn,2026-02,2026-02-01,2026-02-28,28,2025,62.43227923,6,62.43,Calculated reconciliation,62.43227923,62.43,6,NO_ISSUE,0.0,0.0,0.0,No material variance,PASS,493.41
ICP000204-202602,ICP000204,RET005,RSU,Christchurch Urban,2026-02,2026-02-01,2026-02-28,28,2025,76.48400688999999,6,76.48,Calculated reconciliation,76.48400688999999,76.48,6,NO_ISSUE,0.0,0.0,0.0,No material variance,PASS,690.566
ICP000205-202602,ICP000205,RET005,URES,Selwyn,2026-02,2026-02-01,2026-02-28,28,2025,68.10180095,6,68.1,Calculated reconciliation,68.10180095,68.1,6,NO_ISSUE,0.0,0.0,0.0,No material variance,PASS,520.044
ICP000206-202602,ICP000206,RET001,RSC,Christchurch Urban,2026-02,2026-02-01,2026-02-28,28,2025,70.43255814999999,6,70.43,Calculated reconciliation,70.43255814999999,70.43,6,NO_ISSUE,0.0,0.0,0.0,No material variance,PASS,802.896
ICP000207-202602,ICP000207,RET001,RES,Christchurch Urban,2026-02,2026-02-01,2026-02-28,28,2025,59.13357866,6,59.13,Calculated reconciliation,59.13357866,59.13,6,NO_ISSUE,0.0,0.0,0.0,No material variance,PASS,484.209
ICP000208-202602,ICP000208,RET003,RES,Christchurch Urban,2026-02,2026-02-01,2026-02-28,28,2025,70.42516561,6,70.43,Calculated reconciliation,70.42516561,70.43,6,NO_ISSUE,0.0,0.0,0.0,No material variance,PASS,588.349
ICP000209-202602,ICP000209,RET001,RES,Selwyn,2026-02,2026-02-01,2026-02-28,28,2025,47.97906561,6,47.98,Calculated reconciliation,47.97906561,47.98,6,NO_ISSUE,0.0,0.0,0.0,No material variance,PASS,514.369
ICP000210-202602,ICP000210,RET003,RES,Christchurch Urban,2026-02,2026-02-01,2026-02-28,28,2025,57.68428253,6,57.68,Calculated reconciliation,57.68428253,57.68,6,NO_ISSUE,0.0,0.0,0.0,No material variance,PASS,615.36
ICP000211-202602,ICP000211,RET002,RES,Selwyn,2026-02,2026-02-01,2026-02-28,28,2025,55.12404903,6,55.12,Calculated reconciliation,55.12404903,55.12,6,NO_ISSUE,0.0,0.0,0.0,No material variance,PASS,450.178
ICP000212-202602,ICP000212,RET002,RES,Central Canterbury Rural,2026-02,2026-02-01,2026-02-28,28,2025,59.95798721999999,6,59.96,Calculated reconciliation,59.95798721999999,59.96,6,NO_ISSUE,0.0,0.0,0.0,No material variance,PASS,517.639
ICP000213-202602,ICP000213,RET002,RSC,Christchurch Urban,2026-02,2026-02-01,2026-02-28,28,2025,65.94828097999999,6,65.95,Calculated reconciliation,65.94828097999999,65.95,6,NO_ISSUE,0.0,0.0,0.0,No material variance,PASS,681.421
ICP000214-202602,ICP000214,RET002,RES,Christchurch Urban,2026-02,2026-02-01,2026-02-28,28,2025,38.01835835,6,38.02,Calculated reconciliation,38.01835835,38.02,6,NO_ISSUE,0.0,0.0,0.0,No material variance,PASS,317.972
ICP000215-202602,ICP000215,RET004,RES,Central Canterbury Rural,2026-02,2026-02-01,2026-02-28,28,2025,66.48269975,6,66.48,Calculated reconciliation,66.48269975,66.48,6,NO_ISSUE,0.0,0.0,0.0,No material variance,PASS,535.222
ICP000216-202602,ICP000216,RET003,URES,Christchurch Urban,2026-02,2026-02-01,2026-02-28,28,2025,70.81689937,6,70.82,Calculated reconciliation,70.81689937,70.82,6,NO_ISSUE,0.0,0.0,0.0,No material variance,PASS,605.291
ICP000217-202602,ICP000217,RET001,RES,Central Canterbury Rural,2026-02,2026-02-01,2026-02-28,28,2025,53.96455408,6,53.96,Calculated reconciliation,53.96455408,53.96,6,NO_ISSUE,0.0,0.0,0.0,No material variance,PASS,611.532
ICP000218-202602,ICP000218,RET005,RES,Christchurch Urban,2026-02,2026-02-01,2026-02-28,28,2025,38.26707627,6,38.27,Calculated reconciliation,38.26707627,38.27,6,NO_ISSUE,0.0,0.0,0.0,No material variance,PASS,328.417
ICP000219-202602,ICP000219,RET005,RSC,Christchurch Urban,2026-02,2026-02-01,2026-02-28,28,2025,59.59261875999999,6,59.59,Calculated reconciliation,59.59261875999999,59.59,6,NO_ISSUE,0.0,0.0,0.0,No material variance,PASS,567.21
ICP000220-202602,ICP000220,RET004,URES,Christchurch Urban,2026-02,2026-02-01,2026-02-28,28,2025,47.979907389999994,6,47.98,Calculated reconciliation,47.979907389999994,47.98,6,NO_ISSUE,0.0,0.0,0.0,No material variance,PASS,458.798
ICP000221-202602,ICP000221,RET001,RSC,Christchurch Urban,2026-02,2026-02-01,2026-02-28,28,2025,80.30081448,6,80.3,Calculated reconciliation,80.30081448,80.3,6,NO_ISSUE,0.0,0.0,0.0,No material variance,PASS,791.295
ICP000222-202602,ICP000222,RET002,RES,Selwyn,2026-02,2026-02-01,2026-02-28,28,2025,63.91959123,6,63.92,Calculated reconciliation,63.91959123,63.92,6,NO_ISSUE,0.0,0.0,0.0,No material variance,PASS,818.346
ICP000223-202602,ICP000223,RET001,RES,Christchurch Urban,2026-02,2026-02-01,2026-02-28,28,2025,44.74085554,6,44.74,Calculated reconciliation,44.74085554,44.74,6,NO_ISSUE,0.0,0.0,0.0,No material variance,PASS,405.103
ICP000224-202602,ICP000224,RET001,RSC,Christchurch Urban,2026-02,2026-02-01,2026-02-28,28,2025,97.43511003,6,97.44,Calculated reconciliation,97.43511003,97.44,6,NO_ISSUE,0.0,0.0,0.0,No material variance,PASS,1104.639
ICP000225-202602,ICP000225,RET001,RES,Christchurch Urban,2026-02,2026-02-01,2026-02-28,28,2025,40.6281042,6,40.63,Calculated reconciliation,40.6281042,40.63,6,NO_ISSUE,0.0,0.0,0.0,No material variance,PASS,404.042
ICP000226-202602,ICP000226,RET001,RES,Christchurch Urban,2026-02,2026-02-01,2026-02-28,28,2025,82.21547276,6,82.22,Calculated reconciliation,82.21547276,82.22,6,NO_ISSUE,0.0,0.0,0.0,No material variance,PASS,784.024
ICP000227-202602,ICP000227,RET001,RSC,Christchurch Urban,2026-02,2026-02-01,2026-02-28,28,2025,92.29562201,6,92.3,Calculated reconciliation,92.29562201,92.3,6,NO_ISSUE,0.0,0.0,0.0,No material variance,PASS,1331.535
ICP000228-202602,ICP000228,RET001,RES,Christchurch Urban,2026-02,2026-02-01,2026-02-28,28,2025,39.25011473,6,39.25,Calculated reconciliation,39.25011473,39.25,6,NO_ISSUE,0.0,0.0,0.0,No material variance,PASS,437.782
ICP000229-202602,ICP000229,RET002,URES,Christchurch Urban,2026-02,2026-02-01,2026-02-28,28,2025,62.55412148999999,6,62.55,Calculated reconciliation,62.55412148999999,62.55,6,NO_ISSUE,0.0,0.0,0.0,No material variance,PASS,511.548
ICP000230-202602,ICP000230,RET003,RES,Central Canterbury Rural,2026-02,2026-02-01,2026-02-28,28,2025,47.91926643,6,47.92,Calculated reconciliation,47.91926643,47.92,6,NO_ISSUE,0.0,0.0,0.0,No material variance,PASS,469.727
ICP000231-202602,ICP000231,RET004,RES,Christchurch Urban,2026-02,2026-02-01,2026-02-28,28,2025,59.68371672,6,59.68,Calculated reconciliation,59.68371672,59.68,6,NO_ISSUE,0.0,0.0,0.0,No material variance,PASS,518.511
ICP000232-202602,ICP000232,RET002,RES,Christchurch Urban,2026-02,2026-02-01,2026-02-28,28,2025,50.77463501,6,50.77,Calculated reconciliation,50.77463501,50.77,6,NO_ISSUE,0.0,0.0,0.0,No material variance,PASS,498.014
ICP000233-202602,ICP000233,RET002,RES,Central Canterbury Rural,2026-02,2026-02-01,2026-02-28,28,2025,45.06509324,6,45.07,Calculated reconciliation,45.06509324,45.07,6,NO_ISSUE,0.0,0.0,0.0,No material variance,PASS,361.486
ICP000234-202602,ICP000234,RET003,RSC,Selwyn,2026-02,2026-02-01,2026-02-28,28,2025,78.19316309,6,78.19,Calculated reconciliation,78.19316309,78.19,6,NO_ISSUE,0.0,0.0,0.0,No material variance,PASS,801.503
ICP000235-202602,ICP000235,RET001,RES,Christchurch Urban,2026-02,2026-02-01,2026-02-28,28,2025,42.35581876,6,42.36,Calculated reconciliation,42.35581876,42.36,6,NO_ISSUE,0.0,0.0,0.0,No material variance,PASS,421.16
ICP000236-202602,ICP000236,RET001,RES,Selwyn,2026-02,2026-02-01,2026-02-28,28,2025,63.27349293,6,63.27,Calculated reconciliation,63.27349293,63.27,6,NO_ISSUE,0.0,0.0,0.0,No material variance,PASS,911.591
ICP000237-202602,ICP000237,RET001,URES,Christchurch Urban,2026-02,2026-02-01,2026-02-28,28,2025,47.08530087,6,47.09,Calculated reconciliation,47.08530087,47.09,6,NO_ISSUE,0.0,0.0,0.0,No material variance,PASS,394.189
ICP000238-202602,ICP000238,RET001,RES,Christchurch Urban,2026-02,2026-02-01,2026-02-28,28,2025,47.54004899,6,47.54,Calculated reconciliation,47.54004899,47.54,6,NO_ISSUE,0.0,0.0,0.0,No material variance,PASS,420.031
ICP000239-202602,ICP000239,RET003,RES,Christchurch Urban,2026-02,2026-02-01,2026-02-28,28,2025,51.55791472,6,51.56,Calculated reconciliation,51.55791472,51.56,6,NO_ISSUE,0.0,0.0,0.0,No material variance,PASS,674.566
ICP000240-202602,ICP000240,RET002,RES,Christchurch Urban,2026-02,2026-02-01,2026-02-28,28,2025,57.03242679,6,57.03,Calculated reconciliation,57.03242679,57.03,6,NO_ISSUE,0.0,0.0,0.0,No material variance,PASS,562.151
ICP000241-202602,ICP000241,RET001,RSC,Christchurch Urban,2026-02,2026-02-01,2026-02-28,28,2025,62.38986275999999,6,62.39,Calculated reconciliation,62.38986275999999,62.39,6,NO_ISSUE,0.0,0.0,0.0,No material variance,PASS,634.585
ICP000242-202602,ICP000242,RET002,RES,Christchurch Urban,2026-02,2026-02-01,2026-02-28,28,2025,51.13363563,6,51.13,Calculated reconciliation,51.13363563,51.13,6,NO_ISSUE,0.0,0.0,0.0,No material variance,PASS,436.97
ICP000243-202602,ICP000243,RET003,RSC,Christchurch Urban,2026-02,2026-02-01,2026-02-28,28,2025,52.874149849999995,6,52.87,Calculated reconciliation,52.874149849999995,52.87,6,NO_ISSUE,0.0,0.0,0.0,No material variance,PASS,479.592
ICP000244-202602,ICP000244,RET001,RES,Christchurch Urban,2026-02,2026-02-01,2026-02-28,28,2025,55.09296113,6,55.09,Calculated reconciliation,55.09296113,55.09,6,NO_ISSUE,0.0,0.0,0.0,No material variance,PASS,541.896
ICP000245-202602,ICP000245,RET004,RES,Christchurch Urban,2026-02,2026-02-01,2026-02-28,28,2025,46.666030889999995,6,46.67,Calculated reconciliation,46.666030889999995,46.67,6,NO_ISSUE,0.0,0.0,0.0,No material variance,PASS,427.037
ICP000246-202602,ICP000246,RET003,RES,Central Canterbury Rural,2026-02,2026-02-01,2026-02-28,28,2025,38.53489793,6,38.53,Calculated reconciliation,38.53489793,38.53,6,NO_ISSUE,0.0,0.0,0.0,No material variance,PASS,320.654
ICP000247-202602,ICP000247,RET003,RES,Christchurch Urban,2026-02,2026-02-01,2026-02-28,28,2025,67.38392667,6,67.38,Calculated reconciliation,67.38392667,67.38,6,NO_ISSUE,0.0,0.0,0.0,No material variance,PASS,788.578
ICP000248-202602,ICP000248,RET001,RSC,Christchurch Urban,2026-02,2026-02-01,2026-02-28,28,2025,77.05098164,6,77.05,Calculated reconciliation,77.05098164,77.05,6,NO_ISSUE,0.0,0.0,0.0,No material variance,PASS,672.151
ICP000249-202602,ICP000249,RET001,URES,Selwyn,2026-02,2026-02-01,2026-02-28,28,2025,84.33457720999999,6,84.33,Calculated reconciliation,84.33457720999999,84.33,6,NO_ISSUE,0.0,0.0,0.0,No material variance,PASS,986.95
ICP000250-202602,ICP000250,RET001,RES,Christchurch Urban,2026-02,2026-02-01,2026-02-28,28,2025,54.3201627,6,54.32,Calculated reconciliation,54.3201627,54.32,6,NO_ISSUE,0.0,0.0,0.0,No material variance,PASS,504.791
ICP000251-202602,ICP000251,RET004,RES,Christchurch Urban,2026-02,2026-02-01,2026-02-28,28,2025,45.93372205,6,45.93,Calculated reconciliation,45.93372205,45.93,6,NO_ISSUE,0.0,0.0,0.0,No material variance,PASS,476.16
ICP000252-202602,ICP000252,RET002,RSU,Christchurch Urban,2026-02,2026-02-01,2026-02-28,28,2025,90.71794094,6,90.72,Calculated reconciliation,90.71794094,90.72,6,NO_ISSUE,0.0,0.0,0.0,No material variance,PASS,1048.577
ICP000253-202602,ICP000253,RET002,URES,Christchurch Urban,2026-02,2026-02-01,2026-02-28,28,2025,78.20465961,6,78.2,Calculated reconciliation,78.20465961,78.2,6,NO_ISSUE,0.0,0.0,0.0,No material variance,PASS,615.702
ICP000254-202602,ICP000254,RET002,RES,Selwyn,2026-02,2026-02-01,2026-02-28,28,2025,34.06092961,6,34.06,Calculated reconciliation,34.06092961,34.06,6,NO_ISSUE,0.0,0.0,0.0,No material variance,PASS,242.097
ICP000255-202602,ICP000255,RET003,URES,Christchurch Urban,2026-02,2026-02-01,2026-02-28,28,2025,44.17521247,6,44.18,Calculated reconciliation,44.17521247,44.18,6,NO_ISSUE,0.0,0.0,0.0,No material variance,PASS,349.501
ICP000256-202602,ICP000256,RET001,RES,Selwyn,2026-02,2026-02-01,2026-02-28,28,2025,39.83533468,6,39.84,Calculated reconciliation,39.83533468,39.84,6,NO_ISSUE,0.0,0.0,0.0,No material variance,PASS,363.461
ICP000257-202602,ICP000257,RET003,RSC,Selwyn,2026-02,2026-02-01,2026-02-28,28,2025,61.01501286,6,61.02,Calculated reconciliation,61.01501286,61.02,6,NO_ISSUE,0.0,0.0,0.0,No material variance,PASS,661.097
ICP000258-202602,ICP000258,RET001,RSC,Christchurch Urban,2026-02,2026-02-01,2026-02-28,28,2025,54.621253149999994,6,54.62,Calculated reconciliation,54.621253149999994,54.62,6,NO_ISSUE,0.0,0.0,0.0,No material variance,PASS,459.512
ICP000259-202602,ICP000259,RET002,RSC,Christchurch Urban,2026-02,2026-02-01,2026-02-28,28,2025,50.925740819999994,6,50.93,Calculated reconciliation,50.925740819999994,50.93,6,NO_ISSUE,0.0,0.0,0.0,No material variance,PASS,523.191
ICP000260-202602,ICP000260,RET002,RES,Central Canterbury Rural,2026-02,2026-02-01,2026-02-28,28,2025,52.02699017,6,52.03,Calculated reconciliation,52.02699017,52.03,6,NO_ISSUE,0.0,0.0,0.0,No material variance,PASS,512.163
ICP000261-202602,ICP000261,RET004,RES,Central Canterbury Rural,2026-02,2026-02-01,2026-02-28,28,2025,46.35402434,6,46.35,Calculated reconciliation,46.35402434,46.35,6,NO_ISSUE,0.0,0.0,0.0,No material variance,PASS,310.246
ICP000262-202602,ICP000262,RET001,RES,Selwyn,2026-02,2026-02-01,2026-02-28,28,2025,43.54156833,6,43.54,Calculated reconciliation,43.54156833,43.54,6,NO_ISSUE,0.0,0.0,0.0,No material variance,PASS,416.606
ICP000263-202602,ICP000263,RET001,URES,Christchurch Urban,2026-02,2026-02-01,2026-02-28,28,2025,85.04735516,6,85.05,Calculated reconciliation,85.04735516,85.05,6,NO_ISSUE,0.0,0.0,0.0,No material variance,PASS,768.857
ICP000264-202602,ICP000264,RET001,RES,Central Canterbury Rural,2026-02,2026-02-01,2026-02-28,28,2025,78.07607258,6,78.08,Calculated reconciliation,78.07607258,78.08,6,NO_ISSUE,0.0,0.0,0.0,No material variance,PASS,757.574
ICP000265-202602,ICP000265,RET003,RES,Christchurch Urban,2026-02,2026-02-01,2026-02-28,28,2025,50.18218468,6,50.18,Calculated reconciliation,50.18218468,50.18,6,NO_ISSUE,0.0,0.0,0.0,No material variance,PASS,512.358
ICP000266-202602,ICP000266,RET003,RES,Christchurch Urban,2026-02,2026-02-01,2026-02-28,28,2025,65.11663096000001,6,65.12,Calculated reconciliation,65.11663096000001,65.12,6,NO_ISSUE,0.0,0.0,0.0,No material variance,PASS,637.154
ICP000267-202602,ICP000267,RET001,RES,Christchurch Urban,2026-02,2026-02-01,2026-02-28,28,2025,51.14101785,6,51.14,Calculated reconciliation,51.14101785,51.14,6,NO_ISSUE,0.0,0.0,0.0,No material variance,PASS,453.857
ICP000268-202602,ICP000268,RET001,RES,Christchurch Urban,2026-02,2026-02-01,2026-02-28,28,2025,31.39460767,6,31.39,Calculated reconciliation,31.39460767,31.39,6,NO_ISSUE,0.0,0.0,0.0,No material variance,PASS,299.284
ICP000269-202602,ICP000269,RET003,RSC,Selwyn,2026-02,2026-02-01,2026-02-28,28,2025,98.17581805,6,98.18,Calculated reconciliation,98.17581805,98.18,6,NO_ISSUE,0.0,0.0,0.0,No material variance,PASS,1074.352
ICP000270-202602,ICP000270,RET002,RES,Christchurch Urban,2026-02,2026-02-01,2026-02-28,28,2025,82.08614146999999,6,82.09,Calculated reconciliation,82.08614146999999,82.09,6,NO_ISSUE,0.0,0.0,0.0,No material variance,PASS,753.943
ICP000271-202602,ICP000271,RET004,RES,Christchurch Urban,2026-02,2026-02-01,2026-02-28,28,2025,43.3063741,6,43.31,Calculated reconciliation,43.3063741,43.31,6,NO_ISSUE,0.0,0.0,0.0,No material variance,PASS,545.745
ICP000272-202602,ICP000272,RET005,RES,Christchurch Urban,2026-02,2026-02-01,2026-02-28,28,2025,53.63518339,6,53.64,Calculated reconciliation,53.63518339,53.64,6,NO_ISSUE,0.0,0.0,0.0,No material variance,PASS,459.421
ICP000273-202602,ICP000273,RET001,RSC,Christchurch Urban,2026-02,2026-02-01,2026-02-28,28,2025,53.193899079999994,6,53.19,Calculated reconciliation,53.193899079999994,53.19,6,NO_ISSUE,0.0,0.0,0.0,No material variance,PASS,431.371
ICP000274-202602,ICP000274,RET002,RSC,Christchurch Urban,2026-02,2026-02-01,2026-02-28,28,2025,61.56751023,6,61.57,Calculated reconciliation,61.56751023,61.57,6,NO_ISSUE,0.0,0.0,0.0,No material variance,PASS,683.333
ICP000275-202602,ICP000275,RET004,RSC,Christchurch Urban,2026-02,2026-02-01,2026-02-28,28,2025,92.67129589,6,92.67,Calculated reconciliation,92.67129589,92.67,6,NO_ISSUE,0.0,0.0,0.0,No material variance,PASS,960.389
ICP000276-202602,ICP000276,RET001,RES,Selwyn,2026-02,2026-02-01,2026-02-28,28,2025,46.11920917,6,46.12,Calculated reconciliation,46.11920917,46.12,6,NO_ISSUE,0.0,0.0,0.0,No material variance,PASS,417.029
ICP000277-202602,ICP000277,RET001,RES,Christchurch Urban,2026-02,2026-02-01,2026-02-28,28,2025,60.033265099999994,6,60.03,Calculated reconciliation,60.033265099999994,60.03,6,NO_ISSUE,0.0,0.0,0.0,No material variance,PASS,535.914
ICP000278-202602,ICP000278,RET001,RES,Christchurch Urban,2026-02,2026-02-01,2026-02-28,28,2025,61.39176851,6,61.39,Calculated reconciliation,61.39176851,61.39,6,NO_ISSUE,0.0,0.0,0.0,No material variance,PASS,607.36
ICP000279-202602,ICP000279,RET001,RSC,Central Canterbury Rural,2026-02,2026-02-01,2026-02-28,28,2025,96.27818276,6,96.28,Calculated reconciliation,96.27818276,96.28,6,NO_ISSUE,0.0,0.0,0.0,No material variance,PASS,1253.025
ICP000280-202602,ICP000280,RET002,RSC,Selwyn,2026-02,2026-02-01,2026-02-28,28,2025,69.33296449,6,69.33,Calculated reconciliation,69.33296449,69.33,6,NO_ISSUE,0.0,0.0,0.0,No material variance,PASS,779.909
ICP000281-202602,ICP000281,RET001,RES,Selwyn,2026-02,2026-02-01,2026-02-28,28,2025,48.79947706,6,48.8,Calculated reconciliation,48.79947706,48.8,6,NO_ISSUE,0.0,0.0,0.0,No material variance,PASS,421.389
ICP000282-202602,ICP000282,RET001,RES,Christchurch Urban,2026-02,2026-02-01,2026-02-28,28,2025,67.42211168,6,67.42,Calculated reconciliation,67.42211168,67.42,6,NO_ISSUE,0.0,0.0,0.0,No material variance,PASS,852.586
ICP000283-202602,ICP000283,RET004,RES,Christchurch Urban,2026-02,2026-02-01,2026-02-28,28,2025,75.79510426,6,75.8,Calculated reconciliation,75.79510426,75.8,6,NO_ISSUE,0.0,0.0,0.0,No material variance,PASS,728.543
ICP000284-202602,ICP000284,RET002,URES,Christchurch Urban,2026-02,2026-02-01,2026-02-28,28,2025,52.08744803,6,52.09,Calculated reconciliation,52.08744803,52.09,6,NO_ISSUE,0.0,0.0,0.0,No material variance,PASS,367.095
ICP000285-202602,ICP000285,RET001,RES,Christchurch Urban,2026-02,2026-02-01,2026-02-28,28,2025,48.22364715,6,48.22,Calculated reconciliation,48.22364715,48.22,6,NO_ISSUE,0.0,0.0,0.0,No material variance,PASS,409.812
ICP000286-202602,ICP000286,RET001,RES,Christchurch Urban,2026-02,2026-02-01,2026-02-28,28,2025,55.67868576,6,55.68,Calculated reconciliation,55.67868576,55.68,6,NO_ISSUE,0.0,0.0,0.0,No material variance,PASS,487.287
ICP000287-202602,ICP000287,RET005,RSC,Christchurch Urban,2026-02,2026-02-01,2026-02-28,28,2025,67.47706174,6,67.48,Calculated reconciliation,67.47706174,67.48,6,NO_ISSUE,0.0,0.0,0.0,No material variance,PASS,619.072
ICP000288-202602,ICP000288,RET002,RSU,Christchurch Urban,2026-02,2026-02-01,2026-02-28,28,2025,52.982223219999995,6,52.98,Calculated reconciliation,52.982223219999995,52.98,6,NO_ISSUE,0.0,0.0,0.0,No material variance,PASS,466.564
ICP000289-202602,ICP000289,RET001,RES,Christchurch Urban,2026-02,2026-02-01,2026-02-28,28,2025,62.61939448,6,62.62,Calculated reconciliation,62.61939448,62.62,6,NO_ISSUE,0.0,0.0,0.0,No material variance,PASS,512.488
ICP000290-202602,ICP000290,RET001,RES,Christchurch Urban,2026-02,2026-02-01,2026-02-28,28,2025,49.14057748,6,49.14,Calculated reconciliation,49.14057748,49.14,6,NO_ISSUE,0.0,0.0,0.0,No material variance,PASS,435.248
ICP000291-202602,ICP000291,RET003,RES,Christchurch Urban,2026-02,2026-02-01,2026-02-28,28,2025,46.183517429999995,6,46.18,Calculated reconciliation,46.183517429999995,46.18,6,NO_ISSUE,0.0,0.0,0.0,No material variance,PASS,368.657
ICP000292-202602,ICP000292,RET001,RES,Christchurch Urban,2026-02,2026-02-01,2026-02-28,28,2025,57.93759309,6,57.94,Calculated reconciliation,57.93759309,57.94,6,NO_ISSUE,0.0,0.0,0.0,No material variance,PASS,553.207
ICP000293-202602,ICP000293,RET002,RSC,Christchurch Urban,2026-02,2026-02-01,2026-02-28,28,2025,80.1138416,6,80.11,Calculated reconciliation,80.1138416,80.11,6,NO_ISSUE,0.0,0.0,0.0,No material variance,PASS,865.811
ICP000294-202602,ICP000294,RET002,RES,Christchurch Urban,2026-02,2026-02-01,2026-02-28,28,2025,55.77396992,6,55.77,Calculated reconciliation,55.77396992,55.77,6,NO_ISSUE,0.0,0.0,0.0,No material variance,PASS,647.672
ICP000295-202602,ICP000295,RET001,RES,Christchurch Urban,2026-02,2026-02-01,2026-02-28,28,2025,44.077479839999995,6,44.08,Calculated reconciliation,44.077479839999995,44.08,6,NO_ISSUE,0.0,0.0,0.0,No material variance,PASS,361.642
ICP000296-202602,ICP000296,RET002,RES,Christchurch Urban,2026-02,2026-02-01,2026-02-28,28,2025,73.97684775,6,73.98,Calculated reconciliation,73.93575369,73.94,6,WRONG_PRICE_CATEGORY,-0.04109406000000604,-0.04,0.04,Underbilled,REVIEW,861.975
ICP000297-202602,ICP000297,RET001,RES,Christchurch Urban,2026-02,2026-02-01,2026-02-28,28,2025,57.92491008,6,57.92,Calculated reconciliation,63.17491008,63.17,6,CALCULATION_ERROR,5.25,5.25,5.25,Overbilled,REVIEW,520.714
ICP000298-202602,ICP000298,RET003,URES,Christchurch Urban,2026-02,2026-02-01,2026-02-28,28,2025,74.19791868,6,74.2,Calculated reconciliation,74.19791868,74.2,6,NO_ISSUE,0.0,0.0,0.0,No material variance,PASS,900.485
ICP000299-202602,ICP000299,RET002,RES,Central Canterbury Rural,2026-02,2026-02-01,2026-02-28,28,2025,55.86047099,6,55.86,Calculated reconciliation,55.86047099,55.86,6,NO_ISSUE,0.0,0.0,0.0,No material variance,PASS,489.174
ICP000300-202602,ICP000300,RET005,RES,Selwyn,2026-02,2026-02-01,2026-02-28,28,2025,54.08411474,6,54.08,Calculated reconciliation,54.08411474,54.08,6,NO_ISSUE,0.0,0.0,0.0,No material variance,PASS,412.068
ICP000301-202602,ICP000301,RET001,URES,Christchurch Urban,2026-02,2026-02-01,2026-02-28,28,2025,71.38288705,6,71.38,Calculated reconciliation,71.38288705,71.38,6,NO_ISSUE,0.0,0.0,0.0,No material variance,PASS,632.637
ICP000302-202602,ICP000302,RET003,RES,Christchurch Urban,2026-02,2026-02-01,2026-02-28,28,2025,44.73169096,6,44.73,Calculated reconciliation,44.73169096,44.73,6,NO_ISSUE,0.0,0.0,0.0,No material variance,PASS,363.732
ICP000303-202602,ICP000303,RET005,RES,Selwyn,2026-02,2026-02-01,2026-02-28,28,2025,47.35380345,6,47.35,Calculated reconciliation,47.35380345,47.35,6,NO_ISSUE,0.0,0.0,0.0,No material variance,PASS,425.869
ICP000304-202602,ICP000304,RET001,RSC,Christchurch Urban,2026-02,2026-02-01,2026-02-28,28,2025,63.66354558,6,63.66,Calculated reconciliation,63.66354558,63.66,6,NO_ISSUE,0.0,0.0,0.0,No material variance,PASS,554.056
ICP000305-202602,ICP000305,RET002,RSC,Christchurch Urban,2026-02,2026-02-01,2026-02-28,28,2025,75.1825532,6,75.18,Calculated reconciliation,75.1825532,75.18,6,NO_ISSUE,0.0,0.0,0.0,No material variance,PASS,731.951
ICP000306-202602,ICP000306,RET004,RES,Christchurch Urban,2026-02,2026-02-01,2026-02-28,28,2025,51.941256579999994,6,51.94,Calculated reconciliation,51.941256579999994,51.94,6,NO_ISSUE,0.0,0.0,0.0,No material variance,PASS,587.555
ICP000307-202602,ICP000307,RET002,RES,Christchurch Urban,2026-02,2026-02-01,2026-02-28,28,2025,67.59652000999999,6,67.6,Calculated reconciliation,67.59652000999999,67.6,6,NO_ISSUE,0.0,0.0,0.0,No material variance,PASS,655.029
ICP000308-202602,ICP000308,RET003,RES,Christchurch Urban,2026-02,2026-02-01,2026-02-28,28,2025,61.55576842,6,61.56,Calculated reconciliation,61.55576842,61.56,6,NO_ISSUE,0.0,0.0,0.0,No material variance,PASS,540.084
ICP000309-202602,ICP000309,RET002,RES,Christchurch Urban,2026-02,2026-02-01,2026-02-28,28,2025,77.01238017,6,77.01,Calculated reconciliation,77.01238017,77.01,6,NO_ISSUE,0.0,0.0,0.0,No material variance,PASS,721.481
ICP000310-202602,ICP000310,RET001,RES,Christchurch Urban,2026-02,2026-02-01,2026-02-28,28,2025,65.93457533,6,65.93,Calculated reconciliation,65.93457533,65.93,6,NO_ISSUE,0.0,0.0,0.0,No material variance,PASS,515.4
ICP000311-202602,ICP000311,RET005,URES,Selwyn,2026-02,2026-02-01,2026-02-28,28,2025,77.46370951,6,77.46,Calculated reconciliation,77.46370951,77.46,6,NO_ISSUE,0.0,0.0,0.0,No material variance,PASS,762.508
ICP000312-202602,ICP000312,RET001,RES,Central Canterbury Rural,2026-02,2026-02-01,2026-02-28,28,2025,52.33937644,6,52.34,Calculated reconciliation,52.33937644,52.34,6,NO_ISSUE,0.0,0.0,0.0,No material variance,PASS,646.496
ICP000313-202602,ICP000313,RET004,RES,Central Canterbury Rural,2026-02,2026-02-01,2026-02-28,28,2025,55.22828855,6,55.23,Calculated reconciliation,55.22828855,55.23,6,NO_ISSUE,0.0,0.0,0.0,No material variance,PASS,487.253
ICP000314-202602,ICP000314,RET001,RSC,Christchurch Urban,2026-02,2026-02-01,2026-02-28,28,2025,93.46596092,6,93.47,Calculated reconciliation,93.46596092,93.47,6,NO_ISSUE,0.0,0.0,0.0,No material variance,PASS,859.309
ICP000315-202602,ICP000315,RET002,RES,Christchurch Urban,2026-02,2026-02-01,2026-02-28,28,2025,76.74644620000001,6,76.75,Calculated reconciliation,76.74644620000001,76.75,6,NO_ISSUE,0.0,0.0,0.0,No material variance,PASS,654.219
ICP000316-202602,ICP000316,RET005,RES,Central Canterbury Rural,2026-02,2026-02-01,2026-02-28,28,2025,50.90098122,6,50.9,Calculated reconciliation,56.15098122,56.15,6,CALCULATION_ERROR,5.25,5.25,5.25,Overbilled,REVIEW,736.781
ICP000317-202602,ICP000317,RET003,RES,Christchurch Urban,2026-02,2026-02-01,2026-02-28,28,2025,68.92921159,6,68.93,Calculated reconciliation,68.92921159,68.93,6,NO_ISSUE,0.0,0.0,0.0,No material variance,PASS,638.146
ICP000318-202602,ICP000318,RET004,RSU,Christchurch Urban,2026-02,2026-02-01,2026-02-28,28,2025,67.74963616,6,67.75,Calculated reconciliation,67.74963616,67.75,6,NO_ISSUE,0.0,0.0,0.0,No material variance,PASS,665.932
ICP000319-202602,ICP000319,RET001,RSC,Christchurch Urban,2026-02,2026-02-01,2026-02-28,28,2025,72.71960945,6,72.72,Calculated reconciliation,72.71960945,72.72,6,NO_ISSUE,0.0,0.0,0.0,No material variance,PASS,606.453
ICP000320-202602,ICP000320,RET004,RES,Christchurch Urban,2026-02,2026-02-01,2026-02-28,28,2025,56.489951899999994,6,56.49,Calculated reconciliation,56.489951899999994,56.49,6,NO_ISSUE,0.0,0.0,0.0,No material variance,PASS,565.123
ICP000321-202602,ICP000321,RET001,RES,Christchurch Urban,2026-02,2026-02-01,2026-02-28,28,2025,61.6409637,6,61.64,Calculated reconciliation,61.6409637,61.64,6,NO_ISSUE,0.0,0.0,0.0,No material variance,PASS,564.062
ICP000322-202602,ICP000322,RET002,RES,Christchurch Urban,2026-02,2026-02-01,2026-02-28,28,2025,57.56366188,6,57.56,Calculated reconciliation,57.56366188,57.56,6,NO_ISSUE,0.0,0.0,0.0,No material variance,PASS,521.416
ICP000323-202602,ICP000323,RET002,URES,Central Canterbury Rural,2026-02,2026-02-01,2026-02-28,28,2025,55.82794607,6,55.83,Calculated reconciliation,55.82794607,55.83,6,NO_ISSUE,0.0,0.0,0.0,No material variance,PASS,515.848
ICP000324-202602,ICP000324,RET002,RSC,Selwyn,2026-02,2026-02-01,2026-02-28,28,2025,75.23117198,6,75.23,Calculated reconciliation,75.23117198,75.23,6,NO_ISSUE,0.0,0.0,0.0,No material variance,PASS,694.716
ICP000325-202602,ICP000325,RET004,RES,Christchurch Urban,2026-02,2026-02-01,2026-02-28,28,2025,53.1420039,6,53.14,Calculated reconciliation,53.1420039,53.14,6,NO_ISSUE,0.0,0.0,0.0,No material variance,PASS,451.36
ICP000326-202602,ICP000326,RET002,RES,Christchurch Urban,2026-02,2026-02-01,2026-02-28,28,2025,64.75561985,6,64.76,Calculated reconciliation,64.75561985,64.76,6,NO_ISSUE,0.0,0.0,0.0,No material variance,PASS,610.945
ICP000327-202602,ICP000327,RET001,RES,Christchurch Urban,2026-02,2026-02-01,2026-02-28,28,2025,74.21144235,6,74.21,Calculated reconciliation,74.21144235,74.21,6,NO_ISSUE,0.0,0.0,0.0,No material variance,PASS,757.641
ICP000328-202602,ICP000328,RET001,RES,Christchurch Urban,2026-02,2026-02-01,2026-02-28,28,2025,40.33314158,6,40.33,Calculated reconciliation,40.33314158,40.33,6,NO_ISSUE,0.0,0.0,0.0,No material variance,PASS,313.455
ICP000329-202602,ICP000329,RET001,RES,Selwyn,2026-02,2026-02-01,2026-02-28,28,2025,47.93243422,6,47.93,Calculated reconciliation,47.93243422,47.93,6,NO_ISSUE,0.0,0.0,0.0,No material variance,PASS,412.459
ICP000330-202602,ICP000330,RET001,RSC,Christchurch Urban,2026-02,2026-02-01,2026-02-28,28,2025,57.46730409,6,57.47,Calculated reconciliation,57.46730409,57.47,6,NO_ISSUE,0.0,0.0,0.0,No material variance,PASS,502.029
ICP000331-202602,ICP000331,RET001,RES,Christchurch Urban,2026-02,2026-02-01,2026-02-28,28,2025,50.93223201,6,50.93,Calculated reconciliation,50.93223201,50.93,6,NO_ISSUE,0.0,0.0,0.0,No material variance,PASS,436.773
ICP000332-202602,ICP000332,RET002,RES,Christchurch Urban,2026-02,2026-02-01,2026-02-28,28,2025,58.83327379,6,58.83,Calculated reconciliation,58.83327379,58.83,6,NO_ISSUE,0.0,0.0,0.0,No material variance,PASS,429.976
ICP000333-202602,ICP000333,RET001,RES,Christchurch Urban,2026-02,2026-02-01,2026-02-28,28,2025,42.18967286,6,42.19,Calculated reconciliation,42.18967286,42.19,6,NO_ISSUE,0.0,0.0,0.0,No material variance,PASS,322.575
ICP000334-202602,ICP000334,RET001,RES,Christchurch Urban,2026-02,2026-02-01,2026-02-28,28,2025,64.20325068,6,64.2,Calculated reconciliation,64.20325068,64.2,6,NO_ISSUE,0.0,0.0,0.0,No material variance,PASS,622.67
ICP000335-202602,ICP000335,RET001,RES,Christchurch Urban,2026-02,2026-02-01,2026-02-28,28,2025,83.67426925000001,6,83.67,Calculated reconciliation,83.67426925000001,83.67,6,NO_ISSUE,0.0,0.0,0.0,No material variance,PASS,858.691
ICP000336-202602,ICP000336,RET003,RSC,Christchurch Urban,2026-02,2026-02-01,2026-02-28,28,2025,82.47648223,6,82.48,Calculated reconciliation,82.47648223,82.48,6,NO_ISSUE,0.0,0.0,0.0,No material variance,PASS,759.049
ICP000337-202602,ICP000337,RET001,RSU,Christchurch Urban,2026-02,2026-02-01,2026-02-28,28,2025,71.01584584,6,71.02,Calculated reconciliation,91.39975002,91.4,7,DUPLICATE_CONSUMPTION,20.383904180000002,20.38,20.38,Overbilled,REVIEW,638.944
ICP000338-202602,ICP000338,RET002,RES,Central Canterbury Rural,2026-02,2026-02-01,2026-02-28,28,2025,58.54596018,6,58.55,Calculated reconciliation,58.54596018,58.55,6,NO_ISSUE,0.0,0.0,0.0,No material variance,PASS,524.935
ICP000339-202602,ICP000339,RET002,RES,Christchurch Urban,2026-02,2026-02-01,2026-02-28,28,2025,43.95305563,6,43.95,Calculated reconciliation,43.95305563,43.95,6,NO_ISSUE,0.0,0.0,0.0,No material variance,PASS,352.728
ICP000340-202602,ICP000340,RET003,RES,Christchurch Urban,2026-02,2026-02-01,2026-02-28,28,2025,44.98578933,6,44.99,Calculated reconciliation,44.98578933,44.99,6,NO_ISSUE,0.0,0.0,0.0,No material variance,PASS,362.938
ICP000341-202602,ICP000341,RET005,RSC,Central Canterbury Rural,2026-02,2026-02-01,2026-02-28,28,2025,86.13494872999999,6,86.13,Calculated reconciliation,86.13494872999999,86.13,6,NO_ISSUE,0.0,0.0,0.0,No material variance,PASS,922.041
ICP000342-202602,ICP000342,RET003,URES,Christchurch Urban,2026-02,2026-02-01,2026-02-28,28,2025,43.31689718,6,43.32,Calculated reconciliation,43.31689718,43.32,6,NO_ISSUE,0.0,0.0,0.0,No material variance,PASS,285.084
ICP000343-202602,ICP000343,RET004,RES,Christchurch Urban,2026-02,2026-02-01,2026-02-28,28,2025,33.10029468,6,33.1,Calculated reconciliation,33.10029468,33.1,6,NO_ISSUE,0.0,0.0,0.0,No material variance,PASS,257.685
ICP000344-202602,ICP000344,RET003,RES,Selwyn,2026-02,2026-02-01,2026-02-28,28,2025,46.0313821,6,46.03,Calculated reconciliation,46.0313821,46.03,6,NO_ISSUE,0.0,0.0,0.0,No material variance,PASS,363.548
ICP000345-202602,ICP000345,RET004,RES,Christchurch Urban,2026-02,2026-02-01,2026-02-28,28,2025,63.057608560000006,6,63.06,Calculated reconciliation,63.057608560000006,63.06,6,NO_ISSUE,0.0,0.0,0.0,No material variance,PASS,561.07
ICP000346-202602,ICP000346,RET001,RES,Christchurch Urban,2026-02,2026-02-01,2026-02-28,28,2025,47.39012029,6,47.39,Calculated reconciliation,47.39012029,47.39,6,NO_ISSUE,0.0,0.0,0.0,No material variance,PASS,494.513
ICP000347-202602,ICP000347,RET004,RSC,Christchurch Urban,2026-02,2026-02-01,2026-02-28,28,2025,55.60597000999999,6,55.61,Calculated reconciliation,55.60597000999999,55.61,6,NO_ISSUE,0.0,0.0,0.0,No material variance,PASS,498.891
ICP000348-202602,ICP000348,RET002,RES,Christchurch Urban,2026-02,2026-02-01,2026-02-28,28,2025,50.81496773,6,50.81,Calculated reconciliation,50.81496773,50.81,6,NO_ISSUE,0.0,0.0,0.0,No material variance,PASS,438.398
ICP000349-202602,ICP000349,RET002,RSC,Christchurch Urban,2026-02,2026-02-01,2026-02-28,28,2025,62.035603859999995,6,62.04,Calculated reconciliation,62.035603859999995,62.04,6,NO_ISSUE,0.0,0.0,0.0,No material variance,PASS,592.049
ICP000350-202602,ICP000350,RET003,URES,Selwyn,2026-02,2026-02-01,2026-02-28,28,2025,45.98598862,6,45.99,Calculated reconciliation,45.98598862,45.99,6,NO_ISSUE,0.0,0.0,0.0,No material variance,PASS,350.09
ICP000351-202602,ICP000351,RET001,RES,Christchurch Urban,2026-02,2026-02-01,2026-02-28,28,2025,65.25763495,6,65.26,Calculated reconciliation,65.25763495,65.26,6,NO_ISSUE,0.0,0.0,0.0,No material variance,PASS,641.869
ICP000352-202602,ICP000352,RET003,RES,Christchurch Urban,2026-02,2026-02-01,2026-02-28,28,2025,61.54259573,6,61.54,Calculated reconciliation,61.54259573,61.54,6,NO_ISSUE,0.0,0.0,0.0,No material variance,PASS,679.198
ICP000353-202602,ICP000353,RET001,URES,Christchurch Urban,2026-02,2026-02-01,2026-02-28,28,2025,69.71062273,6,69.71,Calculated reconciliation,69.71062273,69.71,6,NO_ISSUE,0.0,0.0,0.0,No material variance,PASS,546.49
ICP000354-202602,ICP000354,RET001,RSC,Christchurch Urban,2026-02,2026-02-01,2026-02-28,28,2025,78.67976992999999,6,78.68,Calculated reconciliation,105.93139577,105.93,7,DUPLICATE_CONSUMPTION,27.251625840000003,27.25,27.25,Overbilled,REVIEW,772.552
ICP000355-202602,ICP000355,RET001,RES,Christchurch Urban,2026-02,2026-02-01,2026-02-28,28,2025,50.85079313999999,6,50.85,Calculated reconciliation,50.85079313999999,50.85,6,NO_ISSUE,0.0,0.0,0.0,No material variance,PASS,451.545
ICP000356-202602,ICP000356,RET002,RSC,Christchurch Urban,2026-02,2026-02-01,2026-02-28,28,2025,84.94535262,6,84.95,Calculated reconciliation,84.94535262,84.95,6,NO_ISSUE,0.0,0.0,0.0,No material variance,PASS,1194.154
ICP000357-202602,ICP000357,RET003,URES,Central Canterbury Rural,2026-02,2026-02-01,2026-02-28,28,2025,51.61730734,6,51.62,Calculated reconciliation,51.61730734,51.62,6,NO_ISSUE,0.0,0.0,0.0,No material variance,PASS,451.639
ICP000358-202602,ICP000358,RET001,RES,Christchurch Urban,2026-02,2026-02-01,2026-02-28,28,2025,47.19770576,6,47.2,Calculated reconciliation,47.19770576,47.2,6,NO_ISSUE,0.0,0.0,0.0,No material variance,PASS,466.155
ICP000359-202602,ICP000359,RET004,RES,Christchurch Urban,2026-02,2026-02-01,2026-02-28,28,2025,41.21563245,6,41.22,Calculated reconciliation,41.21563245,41.22,6,NO_ISSUE,0.0,0.0,0.0,No material variance,PASS,388.323
ICP000360-202602,ICP000360,RET002,RES,Christchurch Urban,2026-02,2026-02-01,2026-02-28,28,2025,55.4795599,6,55.48,Calculated reconciliation,55.4795599,55.48,6,NO_ISSUE,0.0,0.0,0.0,No material variance,PASS,443.02
ICP000361-202602,ICP000361,RET004,URES,Christchurch Urban,2026-02,2026-02-01,2026-02-28,28,2025,47.47229492,6,47.47,Calculated reconciliation,47.47229492,47.47,6,NO_ISSUE,0.0,0.0,0.0,No material variance,PASS,419.678
ICP000362-202602,ICP000362,RET003,RSC,Christchurch Urban,2026-02,2026-02-01,2026-02-28,28,2025,63.8432877,6,63.84,Calculated reconciliation,63.8432877,63.84,6,NO_ISSUE,0.0,0.0,0.0,No material variance,PASS,649.873
ICP000363-202602,ICP000363,RET004,RES,Christchurch Urban,2026-02,2026-02-01,2026-02-28,28,2025,50.87391345,6,50.87,Calculated reconciliation,50.87391345,50.87,6,NO_ISSUE,0.0,0.0,0.0,No material variance,PASS,592.633
ICP000364-202602,ICP000364,RET005,RES,Christchurch Urban,2026-02,2026-02-01,2026-02-28,28,2025,37.7477033,6,37.75,Calculated reconciliation,37.7477033,37.75,6,NO_ISSUE,0.0,0.0,0.0,No material variance,PASS,353.493
ICP000365-202602,ICP000365,RET002,RES,Christchurch Urban,2026-02,2026-02-01,2026-02-28,28,2025,62.087260619999995,6,62.09,Calculated reconciliation,62.087260619999995,62.09,6,NO_ISSUE,0.0,0.0,0.0,No material variance,PASS,721.775
ICP000366-202602,ICP000366,RET001,RES,Selwyn,2026-02,2026-02-01,2026-02-28,28,2025,69.37438649,6,69.37,Calculated reconciliation,69.37438649,69.37,6,NO_ISSUE,0.0,0.0,0.0,No material variance,PASS,627.133
ICP000367-202602,ICP000367,RET001,RES,Christchurch Urban,2026-02,2026-02-01,2026-02-28,28,2025,51.7328677,6,51.73,Calculated reconciliation,51.7328677,51.73,6,NO_ISSUE,0.0,0.0,0.0,No material variance,PASS,497.833
ICP000368-202602,ICP000368,RET002,RES,Christchurch Urban,2026-02,2026-02-01,2026-02-28,28,2025,61.43860555999999,6,61.44,Calculated reconciliation,61.43860555999999,61.44,6,NO_ISSUE,0.0,0.0,0.0,No material variance,PASS,511.733
ICP000369-202602,ICP000369,RET004,RES,Christchurch Urban,2026-02,2026-02-01,2026-02-28,28,2025,43.40424545,6,43.4,Calculated reconciliation,43.40424545,43.4,6,NO_ISSUE,0.0,0.0,0.0,No material variance,PASS,506.862
ICP000370-202602,ICP000370,RET001,RSC,Christchurch Urban,2026-02,2026-02-01,2026-02-28,28,2025,63.52535997,6,63.53,Calculated reconciliation,63.52535997,63.53,6,NO_ISSUE,0.0,0.0,0.0,No material variance,PASS,571.16
ICP000371-202602,ICP000371,RET001,RES,Christchurch Urban,2026-02,2026-02-01,2026-02-28,28,2025,49.75231528,6,49.75,Calculated reconciliation,49.75231528,49.75,6,NO_ISSUE,0.0,0.0,0.0,No material variance,PASS,519.292
ICP000372-202602,ICP000372,RET004,RES,Christchurch Urban,2026-02,2026-02-01,2026-02-28,28,2025,43.09684677,6,43.1,Calculated reconciliation,43.09684677,43.1,6,NO_ISSUE,0.0,0.0,0.0,No material variance,PASS,431.216
ICP000373-202602,ICP000373,RET001,RES,Christchurch Urban,2026-02,2026-02-01,2026-02-28,28,2025,49.15414363,6,49.15,Calculated reconciliation,49.15414363,49.15,6,NO_ISSUE,0.0,0.0,0.0,No material variance,PASS,476.542
ICP000374-202602,ICP000374,RET004,RES,Central Canterbury Rural,2026-02,2026-02-01,2026-02-28,28,2025,61.232516829999994,6,61.23,Calculated reconciliation,61.232516829999994,61.23,6,NO_ISSUE,0.0,0.0,0.0,No material variance,PASS,501.014
ICP000375-202602,ICP000375,RET002,RES,Christchurch Urban,2026-02,2026-02-01,2026-02-28,28,2025,57.02616103,6,57.03,Calculated reconciliation,57.02616103,57.03,6,NO_ISSUE,0.0,0.0,0.0,No material variance,PASS,587.2
ICP000376-202602,ICP000376,RET002,RES,Selwyn,2026-02,2026-02-01,2026-02-28,28,2025,35.36859718,6,35.37,Calculated reconciliation,35.36859718,35.37,6,NO_ISSUE,0.0,0.0,0.0,No material variance,PASS,339.366
ICP000377-202602,ICP000377,RET004,RES,Selwyn,2026-02,2026-02-01,2026-02-28,28,2025,52.220602920000005,6,52.22,Calculated reconciliation,52.220602920000005,52.22,6,NO_ISSUE,0.0,0.0,0.0,No material variance,PASS,492.308
ICP000378-202602,ICP000378,RET003,URES,Christchurch Urban,2026-02,2026-02-01,2026-02-28,28,2025,41.22582726,6,41.23,Calculated reconciliation,41.22582726,41.23,6,NO_ISSUE,0.0,0.0,0.0,No material variance,PASS,380.506
ICP000379-202602,ICP000379,RET003,RES,Christchurch Urban,2026-02,2026-02-01,2026-02-28,28,2025,71.76712606,6,71.77,Calculated reconciliation,71.76712606,71.77,6,NO_ISSUE,0.0,0.0,0.0,No material variance,PASS,683.492
ICP000380-202602,ICP000380,RET004,RES,Christchurch Urban,2026-02,2026-02-01,2026-02-28,28,2025,78.01845201,6,78.02,Calculated reconciliation,78.01845201,78.02,6,NO_ISSUE,0.0,0.0,0.0,No material variance,PASS,1013.733
ICP000381-202602,ICP000381,RET001,RES,Christchurch Urban,2026-02,2026-02-01,2026-02-28,28,2025,62.086840859999995,6,62.09,Calculated reconciliation,62.086840859999995,62.09,6,NO_ISSUE,0.0,0.0,0.0,No material variance,PASS,599.517
ICP000382-202602,ICP000382,RET002,RSU,Christchurch Urban,2026-02,2026-02-01,2026-02-28,28,2025,67.83460892,6,67.83,Calculated reconciliation,67.83460892,67.83,6,NO_ISSUE,0.0,0.0,0.0,No material variance,PASS,624.395
ICP000383-202602,ICP000383,RET004,RES,Selwyn,2026-02,2026-02-01,2026-02-28,28,2025,41.02817817,6,41.03,Calculated reconciliation,41.02817817,41.03,6,NO_ISSUE,0.0,0.0,0.0,No material variance,PASS,430.513
ICP000384-202602,ICP000384,RET001,RES,Christchurch Urban,2026-02,2026-02-01,2026-02-28,28,2025,41.51109131,6,41.51,Calculated reconciliation,41.51109131,41.51,6,NO_ISSUE,0.0,0.0,0.0,No material variance,PASS,443.307
ICP000385-202602,ICP000385,RET003,RSC,Christchurch Urban,2026-02,2026-02-01,2026-02-28,28,2025,64.38146936,6,64.38,Calculated reconciliation,64.38146936,64.38,6,NO_ISSUE,0.0,0.0,0.0,No material variance,PASS,759.892
ICP000386-202602,ICP000386,RET002,RES,Christchurch Urban,2026-02,2026-02-01,2026-02-28,28,2025,49.05254786,6,49.05,Calculated reconciliation,49.05254786,49.05,6,NO_ISSUE,0.0,0.0,0.0,No material variance,PASS,577.498
ICP000387-202602,ICP000387,RET004,URES,Christchurch Urban,2026-02,2026-02-01,2026-02-28,28,2025,49.17792224,6,49.18,Calculated reconciliation,49.17792224,49.18,6,NO_ISSUE,0.0,0.0,0.0,No material variance,PASS,401.119
ICP000388-202602,ICP000388,RET003,RSC,Christchurch Urban,2026-02,2026-02-01,2026-02-28,28,2025,57.94781106999999,6,57.95,Calculated reconciliation,57.94781106999999,57.95,6,NO_ISSUE,0.0,0.0,0.0,No material variance,PASS,605.117
ICP000389-202602,ICP000389,RET001,RES,Christchurch Urban,2026-02,2026-02-01,2026-02-28,28,2025,35.79050887,6,35.79,Calculated reconciliation,35.79050887,35.79,6,NO_ISSUE,0.0,0.0,0.0,No material variance,PASS,341.584
ICP000390-202602,ICP000390,RET004,RES,Christchurch Urban,2026-02,2026-02-01,2026-02-28,28,2025,75.42534122,6,75.43,Calculated reconciliation,75.42534122,75.43,6,NO_ISSUE,0.0,0.0,0.0,No material variance,PASS,599.299
ICP000391-202602,ICP000391,RET002,RES,Christchurch Urban,2026-02,2026-02-01,2026-02-28,28,2025,66.58984232,6,66.59,Calculated reconciliation,66.58984232,66.59,6,NO_ISSUE,0.0,0.0,0.0,No material variance,PASS,666.588
ICP000392-202602,ICP000392,RET002,RSU,Christchurch Urban,2026-02,2026-02-01,2026-02-28,28,2025,81.90254944,6,81.9,Calculated reconciliation,81.90254944,81.9,6,NO_ISSUE,0.0,0.0,0.0,No material variance,PASS,762.26
ICP000393-202602,ICP000393,RET002,RES,Christchurch Urban,2026-02,2026-02-01,2026-02-28,28,2025,34.16459677,6,34.16,Calculated reconciliation,34.16459677,34.16,6,NO_ISSUE,0.0,0.0,0.0,No material variance,PASS,307.046
ICP000394-202602,ICP000394,RET001,URES,Christchurch Urban,2026-02,2026-02-01,2026-02-28,28,2025,42.00439978,6,42.0,Calculated reconciliation,42.00439978,42.0,6,NO_ISSUE,0.0,0.0,0.0,No material variance,PASS,302.218
ICP000395-202602,ICP000395,RET001,RES,Christchurch Urban,2026-02,2026-02-01,2026-02-28,28,2025,48.24453293,6,48.24,Calculated reconciliation,48.24453293,48.24,6,NO_ISSUE,0.0,0.0,0.0,No material variance,PASS,585.803
ICP000396-202602,ICP000396,RET003,RES,Christchurch Urban,2026-02,2026-02-01,2026-02-28,28,2025,43.57444347,6,43.57,Calculated reconciliation,43.57444347,43.57,6,NO_ISSUE,0.0,0.0,0.0,No material variance,PASS,408.658
ICP000397-202602,ICP000397,RET004,URES,Christchurch Urban,2026-02,2026-02-01,2026-02-28,28,2025,59.498967539999995,6,59.5,Calculated reconciliation,59.498967539999995,59.5,6,NO_ISSUE,0.0,0.0,0.0,No material variance,PASS,544.821
ICP000398-202602,ICP000398,RET003,RSC,Christchurch Urban,2026-02,2026-02-01,2026-02-28,28,2025,75.39169765,6,75.39,Calculated reconciliation,75.39169765,75.39,6,NO_ISSUE,0.0,0.0,0.0,No material variance,PASS,614.138
ICP000399-202602,ICP000399,RET003,RES,Christchurch Urban,2026-02,2026-02-01,2026-02-28,28,2025,51.06983742,6,51.07,Calculated reconciliation,51.06983742,51.07,6,NO_ISSUE,0.0,0.0,0.0,No material variance,PASS,432.348
ICP000400-202602,ICP000400,RET004,RES,Christchurch Urban,2026-02,2026-02-01,2026-02-28,28,2025,42.31658428,6,42.32,Calculated reconciliation,42.31658428,42.32,6,NO_ISSUE,0.0,0.0,0.0,No material variance,PASS,471.767
ICP000401-202602,ICP000401,RET001,RSC,Christchurch Urban,2026-02,2026-02-01,2026-02-28,28,2025,53.05668926999999,6,53.06,Calculated reconciliation,53.05668926999999,53.06,6,NO_ISSUE,0.0,0.0,0.0,No material variance,PASS,533.078
ICP000402-202602,ICP000402,RET003,RES,Christchurch Urban,2026-02,2026-02-01,2026-02-28,28,2025,48.92568214,6,48.93,Calculated reconciliation,48.92568214,48.93,6,NO_ISSUE,0.0,0.0,0.0,No material variance,PASS,453.345
ICP000403-202602,ICP000403,RET001,URES,Selwyn,2026-02,2026-02-01,2026-02-28,28,2025,51.610126939999994,6,51.61,Calculated reconciliation,51.610126939999994,51.61,6,NO_ISSUE,0.0,0.0,0.0,No material variance,PASS,403.859
ICP000404-202602,ICP000404,RET003,RES,Christchurch Urban,2026-02,2026-02-01,2026-02-28,28,2025,52.99279572,6,52.99,Calculated reconciliation,52.99279572,52.99,6,NO_ISSUE,0.0,0.0,0.0,No material variance,PASS,541.764
ICP000405-202602,ICP000405,RET005,RSC,Christchurch Urban,2026-02,2026-02-01,2026-02-28,28,2025,58.128883779999995,6,58.13,Calculated reconciliation,58.128883779999995,58.13,6,NO_ISSUE,0.0,0.0,0.0,No material variance,PASS,465.527
ICP000406-202602,ICP000406,RET002,RES,Christchurch Urban,2026-02,2026-02-01,2026-02-28,28,2025,51.53162843,6,51.53,Calculated reconciliation,51.53162843,51.53,6,NO_ISSUE,0.0,0.0,0.0,No material variance,PASS,444.263
ICP000407-202602,ICP000407,RET001,RSU,Christchurch Urban,2026-02,2026-02-01,2026-02-28,28,2025,60.556581339999994,6,60.56,Calculated reconciliation,60.556581339999994,60.56,6,NO_ISSUE,0.0,0.0,0.0,No material variance,PASS,543.279
ICP000408-202602,ICP000408,RET001,RES,Selwyn,2026-02,2026-02-01,2026-02-28,28,2025,54.31031092,6,54.31,Calculated reconciliation,54.31031092,54.31,6,NO_ISSUE,0.0,0.0,0.0,No material variance,PASS,474.163
ICP000409-202602,ICP000409,RET005,RSC,Selwyn,2026-02,2026-02-01,2026-02-28,28,2025,92.02117133,6,92.02,Calculated reconciliation,92.02117133,92.02,6,NO_ISSUE,0.0,0.0,0.0,No material variance,PASS,1061.086
ICP000410-202602,ICP000410,RET005,RES,Christchurch Urban,2026-02,2026-02-01,2026-02-28,28,2025,64.70004693,6,64.7,Calculated reconciliation,64.70004693,64.7,6,NO_ISSUE,0.0,0.0,0.0,No material variance,PASS,617.793
ICP000411-202602,ICP000411,RET002,RES,Selwyn,2026-02,2026-02-01,2026-02-28,28,2025,49.11628745,6,49.12,Calculated reconciliation,49.11628745,49.12,6,NO_ISSUE,0.0,0.0,0.0,No material variance,PASS,526.628
ICP000412-202602,ICP000412,RET001,RES,Selwyn,2026-02,2026-02-01,2026-02-28,28,2025,44.36124698,6,44.36,Calculated reconciliation,44.36124698,44.36,6,NO_ISSUE,0.0,0.0,0.0,No material variance,PASS,496.182
ICP000413-202602,ICP000413,RET001,RES,Selwyn,2026-02,2026-02-01,2026-02-28,28,2025,61.21767316,6,61.22,Calculated reconciliation,61.21767316,61.22,6,NO_ISSUE,0.0,0.0,0.0,No material variance,PASS,766.552
ICP000414-202602,ICP000414,RET001,RES,Selwyn,2026-02,2026-02-01,2026-02-28,28,2025,38.45267641,6,38.45,Calculated reconciliation,38.45267641,38.45,6,NO_ISSUE,0.0,0.0,0.0,No material variance,PASS,266.564
ICP000415-202602,ICP000415,RET005,RES,Christchurch Urban,2026-02,2026-02-01,2026-02-28,28,2025,47.18291617,6,47.18,Calculated reconciliation,47.18291617,47.18,6,NO_ISSUE,0.0,0.0,0.0,No material variance,PASS,482.143
ICP000416-202602,ICP000416,RET001,RES,Christchurch Urban,2026-02,2026-02-01,2026-02-28,28,2025,50.85675099,6,50.86,Calculated reconciliation,50.85675099,50.86,6,NO_ISSUE,0.0,0.0,0.0,No material variance,PASS,558.52
ICP000417-202602,ICP000417,RET001,RES,Christchurch Urban,2026-02,2026-02-01,2026-02-28,28,2025,61.023883999999995,6,61.02,Calculated reconciliation,61.023883999999995,61.02,6,NO_ISSUE,0.0,0.0,0.0,No material variance,PASS,611.775
ICP000418-202602,ICP000418,RET001,RES,Christchurch Urban,2026-02,2026-02-01,2026-02-28,28,2025,88.6930934,6,88.69,Calculated reconciliation,88.6930934,88.69,6,NO_ISSUE,0.0,0.0,0.0,No material variance,PASS,877.016
ICP000419-202602,ICP000419,RET001,URES,Selwyn,2026-02,2026-02-01,2026-02-28,28,2025,68.51146277999999,6,68.51,Calculated reconciliation,68.51146277999999,68.51,6,NO_ISSUE,0.0,0.0,0.0,No material variance,PASS,590.758
ICP000420-202602,ICP000420,RET002,RES,Central Canterbury Rural,2026-02,2026-02-01,2026-02-28,28,2025,48.78787048,6,48.79,Calculated reconciliation,48.78787048,48.79,6,NO_ISSUE,0.0,0.0,0.0,No material variance,PASS,519.25
ICP000421-202602,ICP000421,RET003,RSC,Christchurch Urban,2026-02,2026-02-01,2026-02-28,28,2025,65.07121384,6,65.07,Calculated reconciliation,65.07121384,65.07,6,NO_ISSUE,0.0,0.0,0.0,No material variance,PASS,706.129
ICP000422-202602,ICP000422,RET002,RSC,Christchurch Urban,2026-02,2026-02-01,2026-02-28,28,2025,96.10072851,6,96.1,Calculated reconciliation,96.10072851,96.1,6,NO_ISSUE,0.0,0.0,0.0,No material variance,PASS,984.592
ICP000423-202602,ICP000423,RET001,RES,Selwyn,2026-02,2026-02-01,2026-02-28,28,2025,49.18313221,6,49.18,Calculated reconciliation,49.18313221,49.18,6,NO_ISSUE,0.0,0.0,0.0,No material variance,PASS,600.283
ICP000424-202602,ICP000424,RET001,RES,Christchurch Urban,2026-02,2026-02-01,2026-02-28,28,2025,38.12525711,6,38.13,Calculated reconciliation,38.12525711,38.13,6,NO_ISSUE,0.0,0.0,0.0,No material variance,PASS,359.262
ICP000425-202602,ICP000425,RET004,RES,Christchurch Urban,2026-02,2026-02-01,2026-02-28,28,2025,56.77417582,6,56.77,Calculated reconciliation,56.77417582,56.77,6,NO_ISSUE,0.0,0.0,0.0,No material variance,PASS,494.489
ICP000426-202602,ICP000426,RET001,RES,Christchurch Urban,2026-02,2026-02-01,2026-02-28,28,2025,48.65059936,6,48.65,Calculated reconciliation,48.65059936,48.65,6,NO_ISSUE,0.0,0.0,0.0,No material variance,PASS,435.158
ICP000427-202602,ICP000427,RET001,URES,Selwyn,2026-02,2026-02-01,2026-02-28,28,2025,60.45917517,6,60.46,Calculated reconciliation,60.45917517,60.46,6,NO_ISSUE,0.0,0.0,0.0,No material variance,PASS,481.58
ICP000428-202602,ICP000428,RET004,RES,Christchurch Urban,2026-02,2026-02-01,2026-02-28,28,2025,63.52814178,6,63.53,Calculated reconciliation,63.52814178,63.53,6,NO_ISSUE,0.0,0.0,0.0,No material variance,PASS,566.987
ICP000429-202602,ICP000429,RET001,RES,Christchurch Urban,2026-02,2026-02-01,2026-02-28,28,2025,49.11188245,6,49.11,Calculated reconciliation,49.11188245,49.11,6,NO_ISSUE,0.0,0.0,0.0,No material variance,PASS,462.687
ICP000430-202602,ICP000430,RET002,RES,Selwyn,2026-02,2026-02-01,2026-02-28,28,2025,55.70961856,6,55.71,Calculated reconciliation,55.70961856,55.71,6,NO_ISSUE,0.0,0.0,0.0,No material variance,PASS,441.248
ICP000431-202602,ICP000431,RET002,RES,Christchurch Urban,2026-02,2026-02-01,2026-02-28,28,2025,45.15328651,6,45.15,Calculated reconciliation,45.15328651,45.15,6,NO_ISSUE,0.0,0.0,0.0,No material variance,PASS,452.51
ICP000432-202602,ICP000432,RET002,RES,Selwyn,2026-02,2026-02-01,2026-02-28,28,2025,45.9068943,6,45.91,Calculated reconciliation,45.9068943,45.91,6,NO_ISSUE,0.0,0.0,0.0,No material variance,PASS,435.927
ICP000433-202602,ICP000433,RET002,RES,Christchurch Urban,2026-02,2026-02-01,2026-02-28,28,2025,47.56229866,6,47.56,Calculated reconciliation,48.777898660000005,48.78,6,INCORRECT_ICP_DAYS,1.215600000000002,1.22,1.22,Overbilled,REVIEW,365.584
ICP000434-202602,ICP000434,RET002,RES,Central Canterbury Rural,2026-02,2026-02-01,2026-02-28,28,2025,69.31429933999999,6,69.31,Calculated reconciliation,69.31429933999999,69.31,6,NO_ISSUE,0.0,0.0,0.0,No material variance,PASS,499.52
ICP000435-202602,ICP000435,RET001,RES,Selwyn,2026-02,2026-02-01,2026-02-28,28,2025,54.13630933,6,54.14,Calculated reconciliation,54.13630933,54.14,6,NO_ISSUE,0.0,0.0,0.0,No material variance,PASS,571.875
ICP000436-202602,ICP000436,RET004,RSC,Christchurch Urban,2026-02,2026-02-01,2026-02-28,28,2025,44.92251279999999,6,44.92,Calculated reconciliation,44.92251279999999,44.92,6,NO_ISSUE,0.0,0.0,0.0,No material variance,PASS,359.554
ICP000437-202602,ICP000437,RET001,URES,Christchurch Urban,2026-02,2026-02-01,2026-02-28,28,2025,49.9556863,6,49.96,Calculated reconciliation,49.9556863,49.96,6,NO_ISSUE,0.0,0.0,0.0,No material variance,PASS,326.807
ICP000438-202602,ICP000438,RET004,RES,Christchurch Urban,2026-02,2026-02-01,2026-02-28,28,2025,71.41567825,6,71.42,Calculated reconciliation,71.41567825,71.42,6,NO_ISSUE,0.0,0.0,0.0,No material variance,PASS,787.22
ICP000439-202602,ICP000439,RET001,RES,Christchurch Urban,2026-02,2026-02-01,2026-02-28,28,2025,63.002704869999995,6,63.0,Calculated reconciliation,63.002704869999995,63.0,6,NO_ISSUE,0.0,0.0,0.0,No material variance,PASS,714.538
ICP000440-202602,ICP000440,RET001,RSC,Christchurch Urban,2026-02,2026-02-01,2026-02-28,28,2025,73.6920301,6,73.69,Calculated reconciliation,73.6920301,73.69,6,NO_ISSUE,0.0,0.0,0.0,No material variance,PASS,595.362
ICP000441-202602,ICP000441,RET003,RES,Christchurch Urban,2026-02,2026-02-01,2026-02-28,28,2025,51.60268975,6,51.6,Calculated reconciliation,51.60268975,51.6,6,NO_ISSUE,0.0,0.0,0.0,No material variance,PASS,600.668
ICP000442-202602,ICP000442,RET001,RES,Christchurch Urban,2026-02,2026-02-01,2026-02-28,28,2025,45.67680996,6,45.68,Calculated reconciliation,45.67680996,45.68,6,NO_ISSUE,0.0,0.0,0.0,No material variance,PASS,466.138
ICP000443-202602,ICP000443,RET001,RES,Christchurch Urban,2026-02,2026-02-01,2026-02-28,28,2025,79.32099179,6,79.32,Calculated reconciliation,79.32099179,79.32,6,NO_ISSUE,0.0,0.0,0.0,No material variance,PASS,752.987
ICP000444-202602,ICP000444,RET004,RES,Christchurch Urban,2026-02,2026-02-01,2026-02-28,28,2025,45.89008465,6,45.89,Calculated reconciliation,45.89008465,45.89,6,NO_ISSUE,0.0,0.0,0.0,No material variance,PASS,550.291
ICP000445-202602,ICP000445,RET004,RES,Christchurch Urban,2026-02,2026-02-01,2026-02-28,28,2025,62.60909923,6,62.61,Calculated reconciliation,62.60909923,62.61,6,NO_ISSUE,0.0,0.0,0.0,No material variance,PASS,604.879
ICP000446-202602,ICP000446,RET004,RES,Christchurch Urban,2026-02,2026-02-01,2026-02-28,28,2025,67.30947739999999,6,67.31,Calculated reconciliation,67.30947739999999,67.31,6,NO_ISSUE,0.0,0.0,0.0,No material variance,PASS,776.948
ICP000447-202602,ICP000447,RET002,RES,Christchurch Urban,2026-02,2026-02-01,2026-02-28,28,2025,63.02047981,6,63.02,Calculated reconciliation,63.02047981,63.02,6,NO_ISSUE,0.0,0.0,0.0,No material variance,PASS,614.795
ICP000448-202602,ICP000448,RET005,RES,Christchurch Urban,2026-02,2026-02-01,2026-02-28,28,2025,71.84019540999999,6,71.84,Calculated reconciliation,71.84019540999999,71.84,6,NO_ISSUE,0.0,0.0,0.0,No material variance,PASS,787.804
ICP000449-202602,ICP000449,RET001,URES,Christchurch Urban,2026-02,2026-02-01,2026-02-28,28,2025,50.69462426,6,50.69,Calculated reconciliation,50.69462426,50.69,6,NO_ISSUE,0.0,0.0,0.0,No material variance,PASS,396.926
ICP000450-202602,ICP000450,RET005,RES,Christchurch Urban,2026-02,2026-02-01,2026-02-28,28,2025,38.68406873,6,38.68,Calculated reconciliation,38.68406873,38.68,6,NO_ISSUE,0.0,0.0,0.0,No material variance,PASS,421.109
ICP000451-202602,ICP000451,RET003,RES,Christchurch Urban,2026-02,2026-02-01,2026-02-28,28,2025,49.215396049999995,6,49.22,Calculated reconciliation,49.215396049999995,49.22,6,NO_ISSUE,0.0,0.0,0.0,No material variance,PASS,527.909
ICP000452-202602,ICP000452,RET001,RES,Christchurch Urban,2026-02,2026-02-01,2026-02-28,28,2025,41.006858359999995,6,41.01,Calculated reconciliation,41.006858359999995,41.01,6,NO_ISSUE,0.0,0.0,0.0,No material variance,PASS,357.778
ICP000453-202602,ICP000453,RET004,RES,Selwyn,2026-02,2026-02-01,2026-02-28,28,2025,71.56359124,6,71.56,Calculated reconciliation,71.56359124,71.56,6,NO_ISSUE,0.0,0.0,0.0,No material variance,PASS,731.799
ICP000454-202602,ICP000454,RET002,RES,Christchurch Urban,2026-02,2026-02-01,2026-02-28,28,2025,51.25207544,6,51.25,Calculated reconciliation,51.25207544,51.25,6,NO_ISSUE,0.0,0.0,0.0,No material variance,PASS,539.873
ICP000455-202602,ICP000455,RET002,RES,Christchurch Urban,2026-02,2026-02-01,2026-02-28,28,2025,52.18867297,6,52.19,Calculated reconciliation,52.18867297,52.19,6,NO_ISSUE,0.0,0.0,0.0,No material variance,PASS,528.483
ICP000456-202602,ICP000456,RET001,RES,Christchurch Urban,2026-02,2026-02-01,2026-02-28,28,2025,52.07690481,6,52.08,Calculated reconciliation,52.07690481,52.08,6,NO_ISSUE,0.0,0.0,0.0,No material variance,PASS,518.327
ICP000457-202602,ICP000457,RET001,URES,Christchurch Urban,2026-02,2026-02-01,2026-02-28,28,2025,56.278611379999994,6,56.28,Calculated reconciliation,56.278611379999994,56.28,6,NO_ISSUE,0.0,0.0,0.0,No material variance,PASS,501.577
ICP000458-202602,ICP000458,RET001,RES,Christchurch Urban,2026-02,2026-02-01,2026-02-28,28,2025,50.47311396,6,50.47,Calculated reconciliation,50.47311396,50.47,6,NO_ISSUE,0.0,0.0,0.0,No material variance,PASS,455.64
ICP000459-202602,ICP000459,RET001,RSC,Christchurch Urban,2026-02,2026-02-01,2026-02-28,28,2025,87.54347824999999,6,87.54,Calculated reconciliation,87.54347824999999,87.54,6,NO_ISSUE,0.0,0.0,0.0,No material variance,PASS,1142.25
ICP000460-202602,ICP000460,RET001,RES,Christchurch Urban,2026-02,2026-02-01,2026-02-28,28,2025,54.62075539,6,54.62,Calculated reconciliation,54.62075539,54.62,6,NO_ISSUE,0.0,0.0,0.0,No material variance,PASS,539.778
ICP000461-202602,ICP000461,RET001,RES,Selwyn,2026-02,2026-02-01,2026-02-28,28,2025,55.76330274,6,55.76,Calculated reconciliation,55.76330274,55.76,6,NO_ISSUE,0.0,0.0,0.0,No material variance,PASS,569.686
ICP000462-202602,ICP000462,RET002,RES,Selwyn,2026-02,2026-02-01,2026-02-28,28,2025,56.01458239,6,56.01,Calculated reconciliation,56.01458239,56.01,6,NO_ISSUE,0.0,0.0,0.0,No material variance,PASS,470.343
ICP000463-202602,ICP000463,RET003,RES,Christchurch Urban,2026-02,2026-02-01,2026-02-28,28,2025,59.04407995,6,59.04,Calculated reconciliation,59.04407995,59.04,6,NO_ISSUE,0.0,0.0,0.0,No material variance,PASS,738.41
ICP000464-202602,ICP000464,RET005,RSC,Christchurch Urban,2026-02,2026-02-01,2026-02-28,28,2025,55.27102823,6,55.27,Calculated reconciliation,55.27102823,55.27,6,NO_ISSUE,0.0,0.0,0.0,No material variance,PASS,559.091
ICP000465-202602,ICP000465,RET001,RES,Christchurch Urban,2026-02,2026-02-01,2026-02-28,28,2025,61.83400884,6,61.83,Calculated reconciliation,61.83400884,61.83,6,NO_ISSUE,0.0,0.0,0.0,No material variance,PASS,563.322
ICP000466-202602,ICP000466,RET001,RES,Christchurch Urban,2026-02,2026-02-01,2026-02-28,28,2025,49.95174396,6,49.95,Calculated reconciliation,49.95174396,49.95,6,NO_ISSUE,0.0,0.0,0.0,No material variance,PASS,630.986
ICP000467-202602,ICP000467,RET001,RES,Christchurch Urban,2026-02,2026-02-01,2026-02-28,28,2025,58.632870100000005,6,58.63,Calculated reconciliation,58.632870100000005,58.63,6,NO_ISSUE,0.0,0.0,0.0,No material variance,PASS,441.609
ICP000468-202602,ICP000468,RET001,RES,Christchurch Urban,2026-02,2026-02-01,2026-02-28,28,2025,51.71492266,6,51.71,Calculated reconciliation,51.71492266,51.71,6,NO_ISSUE,0.0,0.0,0.0,No material variance,PASS,441.791
ICP000469-202602,ICP000469,RET005,RSC,Selwyn,2026-02,2026-02-01,2026-02-28,28,2025,84.66064818,6,84.66,Calculated reconciliation,84.66064818,84.66,6,NO_ISSUE,0.0,0.0,0.0,No material variance,PASS,1051.596
ICP000470-202602,ICP000470,RET002,URES,Christchurch Urban,2026-02,2026-02-01,2026-02-28,28,2025,56.92687135,6,56.93,Calculated reconciliation,56.92687135,56.93,6,NO_ISSUE,0.0,0.0,0.0,No material variance,PASS,438.541
ICP000471-202602,ICP000471,RET001,RSU,Selwyn,2026-02,2026-02-01,2026-02-28,28,2025,87.79343095,6,87.79,Calculated reconciliation,87.79343095,87.79,6,NO_ISSUE,0.0,0.0,0.0,No material variance,PASS,737.87
ICP000472-202602,ICP000472,RET001,RES,Christchurch Urban,2026-02,2026-02-01,2026-02-28,28,2025,49.03098995,6,49.03,Calculated reconciliation,49.03098995,49.03,6,NO_ISSUE,0.0,0.0,0.0,No material variance,PASS,496.995
ICP000473-202602,ICP000473,RET001,RES,Christchurch Urban,2026-02,2026-02-01,2026-02-28,28,2025,48.47884171,6,48.48,Calculated reconciliation,48.47884171,48.48,6,NO_ISSUE,0.0,0.0,0.0,No material variance,PASS,582.123
ICP000474-202602,ICP000474,RET005,RSC,Christchurch Urban,2026-02,2026-02-01,2026-02-28,28,2025,87.54126341,6,87.54,Calculated reconciliation,87.54126341,87.54,6,NO_ISSUE,0.0,0.0,0.0,No material variance,PASS,896.935
ICP000475-202602,ICP000475,RET002,RES,Christchurch Urban,2026-02,2026-02-01,2026-02-28,28,2025,40.04706467,6,40.05,Calculated reconciliation,40.04706467,40.05,6,NO_ISSUE,0.0,0.0,0.0,No material variance,PASS,335.624
ICP000476-202602,ICP000476,RET003,RES,Christchurch Urban,2026-02,2026-02-01,2026-02-28,28,2025,50.34398554,6,50.34,Calculated reconciliation,50.34398554,50.34,6,NO_ISSUE,0.0,0.0,0.0,No material variance,PASS,451.438
ICP000477-202602,ICP000477,RET003,RES,Christchurch Urban,2026-02,2026-02-01,2026-02-28,28,2025,32.603707719999996,6,32.6,Calculated reconciliation,32.603707719999996,32.6,6,NO_ISSUE,0.0,0.0,0.0,No material variance,PASS,321.951
ICP000478-202602,ICP000478,RET002,URES,Central Canterbury Rural,2026-02,2026-02-01,2026-02-28,28,2025,56.30617032,6,56.31,Calculated reconciliation,56.30617032,56.31,6,NO_ISSUE,0.0,0.0,0.0,No material variance,PASS,432.203
ICP000479-202602,ICP000479,RET002,RSC,Christchurch Urban,2026-02,2026-02-01,2026-02-28,28,2025,105.4800796,6,105.48,Calculated reconciliation,105.4800796,105.48,6,NO_ISSUE,0.0,0.0,0.0,No material variance,PASS,1050.908
ICP000480-202602,ICP000480,RET003,RES,Christchurch Urban,2026-02,2026-02-01,2026-02-28,28,2025,54.1166683,6,54.12,Calculated reconciliation,54.1166683,54.12,6,NO_ISSUE,0.0,0.0,0.0,No material variance,PASS,467.649
ICP000481-202602,ICP000481,RET003,URES,Christchurch Urban,2026-02,2026-02-01,2026-02-28,28,2025,66.81355244,6,66.81,Calculated reconciliation,66.81355244,66.81,6,NO_ISSUE,0.0,0.0,0.0,No material variance,PASS,520.456
ICP000482-202602,ICP000482,RET003,RES,Selwyn,2026-02,2026-02-01,2026-02-28,28,2025,43.55342726,6,43.55,Calculated reconciliation,43.55342726,43.55,6,NO_ISSUE,0.0,0.0,0.0,No material variance,PASS,505.877
ICP000483-202602,ICP000483,RET003,RES,Christchurch Urban,2026-02,2026-02-01,2026-02-28,28,2025,60.63748622,6,60.64,Calculated reconciliation,60.63748622,60.64,6,NO_ISSUE,0.0,0.0,0.0,No material variance,PASS,614.522
ICP000484-202602,ICP000484,RET004,RES,Christchurch Urban,2026-02,2026-02-01,2026-02-28,28,2025,45.482857679999995,6,45.48,Calculated reconciliation,45.482857679999995,45.48,6,NO_ISSUE,0.0,0.0,0.0,No material variance,PASS,370.524
ICP000485-202602,ICP000485,RET001,RSC,Selwyn,2026-02,2026-02-01,2026-02-28,28,2025,46.13794348,6,46.14,Calculated reconciliation,46.13794348,46.14,6,NO_ISSUE,0.0,0.0,0.0,No material variance,PASS,346.45
ICP000486-202602,ICP000486,RET001,RES,Christchurch Urban,2026-02,2026-02-01,2026-02-28,28,2025,55.5253144,6,55.53,Calculated reconciliation,55.5253144,55.53,6,NO_ISSUE,0.0,0.0,0.0,No material variance,PASS,418.989
ICP000487-202602,ICP000487,RET003,RES,Selwyn,2026-02,2026-02-01,2026-02-28,28,2025,66.39917967,6,66.4,Calculated reconciliation,66.39917967,66.4,6,NO_ISSUE,0.0,0.0,0.0,No material variance,PASS,688.322
ICP000488-202602,ICP000488,RET003,RES,Selwyn,2026-02,2026-02-01,2026-02-28,28,2025,44.25182712,6,44.25,Calculated reconciliation,44.25182712,44.25,6,NO_ISSUE,0.0,0.0,0.0,No material variance,PASS,459.684
ICP000489-202602,ICP000489,RET003,URES,Selwyn,2026-02,2026-02-01,2026-02-28,28,2025,89.85433349,6,89.85,Calculated reconciliation,89.85433349,89.85,6,NO_ISSUE,0.0,0.0,0.0,No material variance,PASS,800.607
ICP000490-202602,ICP000490,RET004,RSC,Christchurch Urban,2026-02,2026-02-01,2026-02-28,28,2025,78.32740523,6,78.33,Calculated reconciliation,78.32740523,78.33,6,NO_ISSUE,0.0,0.0,0.0,No material variance,PASS,916.124
ICP000491-202602,ICP000491,RET002,RSC,Christchurch Urban,2026-02,2026-02-01,2026-02-28,28,2025,55.24259693,6,55.24,Calculated reconciliation,55.24259693,55.24,6,NO_ISSUE,0.0,0.0,0.0,No material variance,PASS,533.582
ICP000492-202602,ICP000492,RET005,RES,Christchurch Urban,2026-02,2026-02-01,2026-02-28,28,2025,65.91823593,6,65.92,Calculated reconciliation,65.91823593,65.92,6,NO_ISSUE,0.0,0.0,0.0,No material variance,PASS,622.945
ICP000493-202602,ICP000493,RET001,RES,Central Canterbury Rural,2026-02,2026-02-01,2026-02-28,28,2025,62.408413409999994,6,62.41,Calculated reconciliation,62.408413409999994,62.41,6,NO_ISSUE,0.0,0.0,0.0,No material variance,PASS,712.999
ICP000494-202602,ICP000494,RET002,RES,Christchurch Urban,2026-02,2026-02-01,2026-02-28,28,2025,60.55876051,6,60.56,Calculated reconciliation,60.55876051,60.56,6,NO_ISSUE,0.0,0.0,0.0,No material variance,PASS,653.974
ICP000495-202602,ICP000495,RET001,RES,Christchurch Urban,2026-02,2026-02-01,2026-02-28,28,2025,72.63948174000001,6,72.64,Calculated reconciliation,72.63948174000001,72.64,6,NO_ISSUE,0.0,0.0,0.0,No material variance,PASS,598.758
ICP000496-202602,ICP000496,RET001,RSC,Christchurch Urban,2026-02,2026-02-01,2026-02-28,28,2025,47.201626909999995,6,47.2,Calculated reconciliation,47.201626909999995,47.2,6,NO_ISSUE,0.0,0.0,0.0,No material variance,PASS,290.227
ICP000497-202602,ICP000497,RET003,RES,Christchurch Urban,2026-02,2026-02-01,2026-02-28,28,2025,63.2083293,6,63.21,Calculated reconciliation,63.2083293,63.21,6,NO_ISSUE,0.0,0.0,0.0,No material variance,PASS,562.543
ICP000498-202602,ICP000498,RET004,RES,Selwyn,2026-02,2026-02-01,2026-02-28,28,2025,48.73076438,6,48.73,Calculated reconciliation,48.73076438,48.73,6,NO_ISSUE,0.0,0.0,0.0,No material variance,PASS,360.539
ICP000499-202602,ICP000499,RET001,RES,Christchurch Urban,2026-02,2026-02-01,2026-02-28,28,2025,48.61797564,6,48.62,Calculated reconciliation,48.61797564,48.62,6,NO_ISSUE,0.0,0.0,0.0,No material variance,PASS,383.514
ICP000500-202602,ICP000500,RET002,RES,Christchurch Urban,2026-02,2026-02-01,2026-02-28,28,2025,48.87872868,6,48.88,Calculated reconciliation,48.87872868,48.88,6,NO_ISSUE,0.0,0.0,0.0,No material variance,PASS,453.081
ICP000001-202603,ICP000001,RET002,URES,Selwyn,2026-03,2026-03-01,2026-03-31,31,2025,49.07251832,6,49.07,Calculated reconciliation,49.07251832,49.07,6,NO_ISSUE,0.0,0.0,0.0,No material variance,PASS,332.475
ICP000002-202603,ICP000002,RET004,RSC,Christchurch Urban,2026-03,2026-03-01,2026-03-31,31,2025,76.33452197999999,6,76.33,Calculated reconciliation,76.33452197999999,76.33,6,NO_ISSUE,0.0,0.0,0.0,No material variance,PASS,799.112
ICP000003-202603,ICP000003,RET001,RES,Christchurch Urban,2026-03,2026-03-01,2026-03-31,31,2025,88.74906161,6,88.75,Calculated reconciliation,88.74906161,88.75,6,NO_ISSUE,0.0,0.0,0.0,No material variance,PASS,866.451
ICP000004-202603,ICP000004,RET003,RES,Christchurch Urban,2026-03,2026-03-01,2026-03-31,31,2025,74.74832574999999,6,74.75,Calculated reconciliation,74.74832574999999,74.75,6,NO_ISSUE,0.0,0.0,0.0,No material variance,PASS,651.575
ICP000005-202603,ICP000005,RET001,RES,Christchurch Urban,2026-03,2026-03-01,2026-03-31,31,2025,50.24193664,6,50.24,Calculated reconciliation,50.24193664,50.24,6,NO_ISSUE,0.0,0.0,0.0,No material variance,PASS,468.652
ICP000006-202603,ICP000006,RET005,RSU,Christchurch Urban,2026-03,2026-03-01,2026-03-31,31,2025,84.0505852,6,84.05,Calculated reconciliation,84.0505852,84.05,6,NO_ISSUE,0.0,0.0,0.0,No material variance,PASS,847.919
ICP000007-202603,ICP000007,RET001,RSC,Christchurch Urban,2026-03,2026-03-01,2026-03-31,31,2025,94.42566448,6,94.43,Calculated reconciliation,94.42566448,94.43,6,NO_ISSUE,0.0,0.0,0.0,No material variance,PASS,1057.343
ICP000008-202603,ICP000008,RET002,RSC,Christchurch Urban,2026-03,2026-03-01,2026-03-31,31,2025,60.66268793,6,60.66,Calculated reconciliation,60.66268793,60.66,6,NO_ISSUE,0.0,0.0,0.0,No material variance,PASS,608.792
ICP000009-202603,ICP000009,RET005,URES,Christchurch Urban,2026-03,2026-03-01,2026-03-31,31,2025,85.43603252999999,6,85.44,Calculated reconciliation,85.43603252999999,85.44,6,NO_ISSUE,0.0,0.0,0.0,No material variance,PASS,858.456
ICP000010-202603,ICP000010,RET005,RES,Christchurch Urban,2026-03,2026-03-01,2026-03-31,31,2025,56.990738879999995,6,56.99,Calculated reconciliation,56.990738879999995,56.99,6,NO_ISSUE,0.0,0.0,0.0,No material variance,PASS,694.547
ICP000011-202603,ICP000011,RET001,RES,Christchurch Urban,2026-03,2026-03-01,2026-03-31,31,2025,47.48598453,6,47.49,Calculated reconciliation,47.48598453,47.49,6,NO_ISSUE,0.0,0.0,0.0,No material variance,PASS,361.427
ICP000012-202603,ICP000012,RET001,RES,Christchurch Urban,2026-03,2026-03-01,2026-03-31,31,2025,62.56756548999999,6,62.57,Calculated reconciliation,62.56756548999999,62.57,6,NO_ISSUE,0.0,0.0,0.0,No material variance,PASS,535.7
ICP000013-202603,ICP000013,RET002,URES,Central Canterbury Rural,2026-03,2026-03-01,2026-03-31,31,2025,56.40032798,6,56.4,Calculated reconciliation,56.40032798,56.4,6,NO_ISSUE,0.0,0.0,0.0,No material variance,PASS,514.221
ICP000014-202603,ICP000014,RET004,RSC,Christchurch Urban,2026-03,2026-03-01,2026-03-31,31,2025,63.525674169999995,6,63.53,Calculated reconciliation,63.525674169999995,63.53,6,NO_ISSUE,0.0,0.0,0.0,No material variance,PASS,632.33
ICP000015-202603,ICP000015,RET004,RES,Christchurch Urban,2026-03,2026-03-01,2026-03-31,31,2025,61.25324075,6,61.25,Calculated reconciliation,61.25324075,61.25,6,NO_ISSUE,0.0,0.0,0.0,No material variance,PASS,699.259
ICP000016-202603,ICP000016,RET002,URES,Central Canterbury Rural,2026-03,2026-03-01,2026-03-31,31,2025,70.37139584,6,70.37,Calculated reconciliation,70.37139584,70.37,6,NO_ISSUE,0.0,0.0,0.0,No material variance,PASS,584.784
ICP000017-202603,ICP000017,RET003,RSC,Christchurch Urban,2026-03,2026-03-01,2026-03-31,31,2025,83.78518754,6,83.79,Calculated reconciliation,83.78518754,83.79,6,NO_ISSUE,0.0,0.0,0.0,No material variance,PASS,965.901
ICP000018-202603,ICP000018,RET003,URES,Christchurch Urban,2026-03,2026-03-01,2026-03-31,31,2025,52.61124529,6,52.61,Calculated reconciliation,52.61124529,52.61,6,NO_ISSUE,0.0,0.0,0.0,No material variance,PASS,431.939
ICP000019-202603,ICP000019,RET001,RSU,Christchurch Urban,2026-03,2026-03-01,2026-03-31,31,2025,88.24179336,6,88.24,Calculated reconciliation,88.24179336,88.24,6,NO_ISSUE,0.0,0.0,0.0,No material variance,PASS,720.189
ICP000020-202603,ICP000020,RET001,URES,Selwyn,2026-03,2026-03-01,2026-03-31,31,2025,56.40514654,6,56.41,Calculated reconciliation,56.40514654,56.41,6,NO_ISSUE,0.0,0.0,0.0,No material variance,PASS,526.11
ICP000021-202603,ICP000021,RET005,URES,Christchurch Urban,2026-03,2026-03-01,2026-03-31,31,2025,69.43689479,6,69.44,Calculated reconciliation,74.68689479,74.69,6,CALCULATION_ERROR,5.25,5.25,5.25,Overbilled,REVIEW,554.523
ICP000022-202603,ICP000022,RET002,RSC,Christchurch Urban,2026-03,2026-03-01,2026-03-31,31,2025,92.28852939,6,92.29,Calculated reconciliation,92.28852939,92.29,6,NO_ISSUE,0.0,0.0,0.0,No material variance,PASS,1049.662
ICP000023-202603,ICP000023,RET002,RES,Christchurch Urban,2026-03,2026-03-01,2026-03-31,31,2025,68.12293075,6,68.12,Calculated reconciliation,68.12293075,68.12,6,NO_ISSUE,0.0,0.0,0.0,No material variance,PASS,850.78
ICP000024-202603,ICP000024,RET002,RES,Christchurch Urban,2026-03,2026-03-01,2026-03-31,31,2025,52.29260409,6,52.29,Calculated reconciliation,52.29260409,52.29,6,NO_ISSUE,0.0,0.0,0.0,No material variance,PASS,503.931
ICP000025-202603,ICP000025,RET002,RES,Christchurch Urban,2026-03,2026-03-01,2026-03-31,31,2025,41.93391426,6,41.93,Calculated reconciliation,41.93391426,41.93,6,NO_ISSUE,0.0,0.0,0.0,No material variance,PASS,434.432
ICP000026-202603,ICP000026,RET004,RES,Christchurch Urban,2026-03,2026-03-01,2026-03-31,31,2025,48.73664779,6,48.74,Calculated reconciliation,48.73664779,48.74,6,NO_ISSUE,0.0,0.0,0.0,No material variance,PASS,366.249
ICP000027-202603,ICP000027,RET002,RES,Christchurch Urban,2026-03,2026-03-01,2026-03-31,31,2025,53.56866141,6,53.57,Calculated reconciliation,53.56866141,53.57,6,NO_ISSUE,0.0,0.0,0.0,No material variance,PASS,441.666
ICP000028-202603,ICP000028,RET002,RES,Selwyn,2026-03,2026-03-01,2026-03-31,31,2025,45.58062229,6,45.58,Calculated reconciliation,45.58062229,45.58,6,NO_ISSUE,0.0,0.0,0.0,No material variance,PASS,350.727
ICP000029-202603,ICP000029,RET001,RSC,Christchurch Urban,2026-03,2026-03-01,2026-03-31,31,2025,86.15766281999998,6,86.16,Calculated reconciliation,86.15766281999998,86.16,6,NO_ISSUE,0.0,0.0,0.0,No material variance,PASS,911.736
ICP000030-202603,ICP000030,RET001,RES,Christchurch Urban,2026-03,2026-03-01,2026-03-31,31,2025,45.64090826,6,45.64,Calculated reconciliation,45.64090826,45.64,6,NO_ISSUE,0.0,0.0,0.0,No material variance,PASS,408.423
ICP000031-202603,ICP000031,RET002,RSU,Selwyn,2026-03,2026-03-01,2026-03-31,31,2025,66.10623671,6,66.11,Calculated reconciliation,66.10623671,66.11,6,NO_ISSUE,0.0,0.0,0.0,No material variance,PASS,506.915
ICP000032-202603,ICP000032,RET004,URES,Christchurch Urban,2026-03,2026-03-01,2026-03-31,31,2025,64.0187849,6,64.02,Calculated reconciliation,64.0187849,64.02,6,NO_ISSUE,0.0,0.0,0.0,No material variance,PASS,513.606
ICP000033-202603,ICP000033,RET002,RES,Christchurch Urban,2026-03,2026-03-01,2026-03-31,31,2025,80.15004191999999,6,80.15,Calculated reconciliation,80.15004191999999,80.15,6,NO_ISSUE,0.0,0.0,0.0,No material variance,PASS,714.278
ICP000034-202603,ICP000034,RET004,RES,Christchurch Urban,2026-03,2026-03-01,2026-03-31,31,2025,40.2134371,6,40.21,Calculated reconciliation,40.2134371,40.21,6,NO_ISSUE,0.0,0.0,0.0,No material variance,PASS,332.513
ICP000035-202603,ICP000035,RET005,RSC,Selwyn,2026-03,2026-03-01,2026-03-31,31,2025,72.73017567,6,72.73,Calculated reconciliation,72.73017567,72.73,6,NO_ISSUE,0.0,0.0,0.0,No material variance,PASS,518.187
ICP000036-202603,ICP000036,RET001,RES,Christchurch Urban,2026-03,2026-03-01,2026-03-31,31,2025,47.312106459999995,6,47.31,Calculated reconciliation,47.312106459999995,47.31,6,NO_ISSUE,0.0,0.0,0.0,No material variance,PASS,451.002
ICP000037-202603,ICP000037,RET004,RES,Christchurch Urban,2026-03,2026-03-01,2026-03-31,31,2025,48.46575454,6,48.47,Calculated reconciliation,48.46575454,48.47,6,NO_ISSUE,0.0,0.0,0.0,No material variance,PASS,434.879
ICP000038-202603,ICP000038,RET004,RSC,Christchurch Urban,2026-03,2026-03-01,2026-03-31,31,2025,90.24089204,6,90.24,Calculated reconciliation,90.24089204,90.24,6,NO_ISSUE,0.0,0.0,0.0,No material variance,PASS,873.406
ICP000039-202603,ICP000039,RET004,RES,Christchurch Urban,2026-03,2026-03-01,2026-03-31,31,2025,44.75597867,6,44.76,Calculated reconciliation,44.75597867,44.76,6,NO_ISSUE,0.0,0.0,0.0,No material variance,PASS,345.175
ICP000040-202603,ICP000040,RET004,RES,Christchurch Urban,2026-03,2026-03-01,2026-03-31,31,2025,38.29887432,6,38.3,Calculated reconciliation,38.29887432,38.3,6,NO_ISSUE,0.0,0.0,0.0,No material variance,PASS,327.194
ICP000041-202603,ICP000041,RET004,RES,Christchurch Urban,2026-03,2026-03-01,2026-03-31,31,2025,81.66185721,6,81.66,Calculated reconciliation,81.66185721,81.66,6,NO_ISSUE,0.0,0.0,0.0,No material variance,PASS,777.323
ICP000042-202603,ICP000042,RET002,RSC,Christchurch Urban,2026-03,2026-03-01,2026-03-31,31,2025,65.50796107,6,65.51,Calculated reconciliation,65.50796107,65.51,6,NO_ISSUE,0.0,0.0,0.0,No material variance,PASS,626.173
ICP000043-202603,ICP000043,RET001,RSC,Christchurch Urban,2026-03,2026-03-01,2026-03-31,31,2025,95.72951274,6,95.73,Calculated reconciliation,95.72951274,95.73,6,NO_ISSUE,0.0,0.0,0.0,No material variance,PASS,928.426
ICP000044-202603,ICP000044,RET003,URES,Christchurch Urban,2026-03,2026-03-01,2026-03-31,31,2025,68.25272246,6,68.25,Calculated reconciliation,68.25272246,68.25,6,NO_ISSUE,0.0,0.0,0.0,No material variance,PASS,447.083
ICP000045-202603,ICP000045,RET001,RSC,Central Canterbury Rural,2026-03,2026-03-01,2026-03-31,31,2025,67.06612514999999,6,67.07,Calculated reconciliation,67.06612514999999,67.07,6,NO_ISSUE,0.0,0.0,0.0,No material variance,PASS,764.809
ICP000046-202603,ICP000046,RET002,RSC,Christchurch Urban,2026-03,2026-03-01,2026-03-31,31,2025,89.89974634,6,89.9,Calculated reconciliation,89.89974634,89.9,6,NO_ISSUE,0.0,0.0,0.0,No material variance,PASS,853.854
ICP000047-202603,ICP000047,RET001,RSU,Christchurch Urban,2026-03,2026-03-01,2026-03-31,31,2025,76.49181695,6,76.49,Calculated reconciliation,76.49181695,76.49,6,NO_ISSUE,0.0,0.0,0.0,No material variance,PASS,637.298
ICP000048-202603,ICP000048,RET002,RES,Christchurch Urban,2026-03,2026-03-01,2026-03-31,31,2025,57.60683894,6,57.61,Calculated reconciliation,57.60683894,57.61,6,NO_ISSUE,0.0,0.0,0.0,No material variance,PASS,513.416
ICP000049-202603,ICP000049,RET001,RES,Christchurch Urban,2026-03,2026-03-01,2026-03-31,31,2025,51.69289247,6,51.69,Calculated reconciliation,51.69289247,51.69,6,NO_ISSUE,0.0,0.0,0.0,No material variance,PASS,448.034
ICP000050-202603,ICP000050,RET004,RES,Christchurch Urban,2026-03,2026-03-01,2026-03-31,31,2025,59.651505619999995,6,59.65,Calculated reconciliation,59.651505619999995,59.65,6,NO_ISSUE,0.0,0.0,0.0,No material variance,PASS,624.955
ICP000051-202603,ICP000051,RET004,URES,Christchurch Urban,2026-03,2026-03-01,2026-03-31,31,2025,56.45366621,6,56.45,Calculated reconciliation,56.45366621,56.45,6,NO_ISSUE,0.0,0.0,0.0,No material variance,PASS,505.056
ICP000052-202603,ICP000052,RET001,RSC,Christchurch Urban,2026-03,2026-03-01,2026-03-31,31,2025,111.83184004,6,111.83,Calculated reconciliation,111.83184004,111.83,6,NO_ISSUE,0.0,0.0,0.0,No material variance,PASS,1120.07
ICP000053-202603,ICP000053,RET003,RSC,Central Canterbury Rural,2026-03,2026-03-01,2026-03-31,31,2025,68.00071057999999,6,68.0,Calculated reconciliation,68.00071057999999,68.0,6,NO_ISSUE,0.0,0.0,0.0,No material variance,PASS,714.283
ICP000054-202603,ICP000054,RET002,RSC,Selwyn,2026-03,2026-03-01,2026-03-31,31,2025,84.60533353999999,6,84.61,Calculated reconciliation,84.60533353999999,84.61,6,NO_ISSUE,0.0,0.0,0.0,No material variance,PASS,834.997
ICP000055-202603,ICP000055,RET001,RES,Central Canterbury Rural,2026-03,2026-03-01,2026-03-31,31,2025,46.49905074,6,46.5,Calculated reconciliation,46.49905074,46.5,6,NO_ISSUE,0.0,0.0,0.0,No material variance,PASS,409.553
ICP000056-202603,ICP000056,RET005,URES,Christchurch Urban,2026-03,2026-03-01,2026-03-31,31,2025,48.43003015,6,48.43,Calculated reconciliation,48.43003015,48.43,6,NO_ISSUE,0.0,0.0,0.0,No material variance,PASS,259.254
ICP000057-202603,ICP000057,RET001,RES,Christchurch Urban,2026-03,2026-03-01,2026-03-31,31,2025,66.78031232,6,66.78,Calculated reconciliation,66.78031232,66.78,6,NO_ISSUE,0.0,0.0,0.0,No material variance,PASS,571.509
ICP000058-202603,ICP000058,RET003,RES,Selwyn,2026-03,2026-03-01,2026-03-31,31,2025,45.87371288999999,6,45.87,Calculated reconciliation,45.87371288999999,45.87,6,NO_ISSUE,0.0,0.0,0.0,No material variance,PASS,349.616
ICP000059-202603,ICP000059,RET002,RES,Christchurch Urban,2026-03,2026-03-01,2026-03-31,31,2025,51.02582588,6,51.03,Calculated reconciliation,51.02582588,51.03,6,NO_ISSUE,0.0,0.0,0.0,No material variance,PASS,445.151
ICP000060-202603,ICP000060,RET002,RES,Christchurch Urban,2026-03,2026-03-01,2026-03-31,31,2025,50.42326894999999,6,50.42,Calculated reconciliation,50.42326894999999,50.42,6,NO_ISSUE,0.0,0.0,0.0,No material variance,PASS,477.6
ICP000061-202603,ICP000061,RET001,RES,Christchurch Urban,2026-03,2026-03-01,2026-03-31,31,2025,86.05868559,6,86.06,Calculated reconciliation,86.05868559,86.06,6,NO_ISSUE,0.0,0.0,0.0,No material variance,PASS,751.005
ICP000062-202603,ICP000062,RET002,RES,Christchurch Urban,2026-03,2026-03-01,2026-03-31,31,2025,52.30176643,6,52.3,Calculated reconciliation,52.30176643,52.3,6,NO_ISSUE,0.0,0.0,0.0,No material variance,PASS,451.97
ICP000063-202603,ICP000063,RET002,RSC,Christchurch Urban,2026-03,2026-03-01,2026-03-31,31,2025,117.39996044,6,117.4,Calculated reconciliation,117.39996044,117.4,6,NO_ISSUE,0.0,0.0,0.0,No material variance,PASS,1804.925
ICP000064-202603,ICP000064,RET002,RES,Central Canterbury Rural,2026-03,2026-03-01,2026-03-31,31,2025,54.54480587,6,54.54,Calculated reconciliation,54.54480587,54.54,6,NO_ISSUE,0.0,0.0,0.0,No material variance,PASS,600.347
ICP000065-202603,ICP000065,RET001,RES,Christchurch Urban,2026-03,2026-03-01,2026-03-31,31,2025,57.20140953999999,6,57.2,Calculated reconciliation,57.20140953999999,57.2,6,NO_ISSUE,0.0,0.0,0.0,No material variance,PASS,632.326
ICP000066-202603,ICP000066,RET002,RSC,Christchurch Urban,2026-03,2026-03-01,2026-03-31,31,2025,93.96959023,6,93.97,Calculated reconciliation,93.96959023,93.97,6,NO_ISSUE,0.0,0.0,0.0,No material variance,PASS,949.03
ICP000067-202603,ICP000067,RET004,RES,Christchurch Urban,2026-03,2026-03-01,2026-03-31,31,2025,43.18430443,6,43.18,Calculated reconciliation,43.18430443,43.18,6,NO_ISSUE,0.0,0.0,0.0,No material variance,PASS,463.421
ICP000068-202603,ICP000068,RET004,RES,Christchurch Urban,2026-03,2026-03-01,2026-03-31,31,2025,45.17769439,6,45.18,Calculated reconciliation,45.17769439,45.18,6,NO_ISSUE,0.0,0.0,0.0,No material variance,PASS,406.905
ICP000069-202603,ICP000069,RET001,RES,Christchurch Urban,2026-03,2026-03-01,2026-03-31,31,2025,65.89747265999999,6,65.9,Calculated reconciliation,65.89747265999999,65.9,6,NO_ISSUE,0.0,0.0,0.0,No material variance,PASS,524.125
ICP000070-202603,ICP000070,RET001,RES,Christchurch Urban,2026-03,2026-03-01,2026-03-31,31,2025,63.6198462,6,63.62,Calculated reconciliation,63.6198462,63.62,6,NO_ISSUE,0.0,0.0,0.0,No material variance,PASS,527.6
ICP000071-202603,ICP000071,RET002,RES,Christchurch Urban,2026-03,2026-03-01,2026-03-31,31,2025,59.091810409999994,6,59.09,Calculated reconciliation,59.091810409999994,59.09,6,NO_ISSUE,0.0,0.0,0.0,No material variance,PASS,578.995
ICP000072-202603,ICP000072,RET004,RSC,Christchurch Urban,2026-03,2026-03-01,2026-03-31,31,2025,58.75980816999999,6,58.76,Calculated reconciliation,58.75980816999999,58.76,6,NO_ISSUE,0.0,0.0,0.0,No material variance,PASS,483.264
ICP000073-202603,ICP000073,RET002,RSC,Central Canterbury Rural,2026-03,2026-03-01,2026-03-31,31,2025,68.65806046,6,68.66,Calculated reconciliation,68.65806046,68.66,6,NO_ISSUE,0.0,0.0,0.0,No material variance,PASS,638.538
ICP000074-202603,ICP000074,RET003,RES,Christchurch Urban,2026-03,2026-03-01,2026-03-31,31,2025,51.465089719999995,6,51.47,Calculated reconciliation,51.465089719999995,51.47,6,NO_ISSUE,0.0,0.0,0.0,No material variance,PASS,424.798
ICP000075-202603,ICP000075,RET003,RES,Christchurch Urban,2026-03,2026-03-01,2026-03-31,31,2025,46.03250959,6,46.03,Calculated reconciliation,46.03250959,46.03,6,NO_ISSUE,0.0,0.0,0.0,No material variance,PASS,463.409
ICP000076-202603,ICP000076,RET003,RSC,Christchurch Urban,2026-03,2026-03-01,2026-03-31,31,2025,66.25125571,6,66.25,Calculated reconciliation,66.25125571,66.25,6,NO_ISSUE,0.0,0.0,0.0,No material variance,PASS,697.904
ICP000077-202603,ICP000077,RET002,RES,Central Canterbury Rural,2026-03,2026-03-01,2026-03-31,31,2025,64.15880066999999,6,64.16,Calculated reconciliation,64.15880066999999,64.16,6,NO_ISSUE,0.0,0.0,0.0,No material variance,PASS,573.539
ICP000078-202603,ICP000078,RET003,RES,Christchurch Urban,2026-03,2026-03-01,2026-03-31,31,2025,65.34816826000001,6,65.35,Calculated reconciliation,65.34816826000001,65.35,6,NO_ISSUE,0.0,0.0,0.0,No material variance,PASS,524.853
ICP000079-202603,ICP000079,RET002,RES,Christchurch Urban,2026-03,2026-03-01,2026-03-31,31,2025,43.55856607,6,43.56,Calculated reconciliation,43.55856607,43.56,6,NO_ISSUE,0.0,0.0,0.0,No material variance,PASS,484.309
ICP000080-202603,ICP000080,RET001,RES,Christchurch Urban,2026-03,2026-03-01,2026-03-31,31,2025,44.00816598,6,44.01,Calculated reconciliation,44.00816598,44.01,6,NO_ISSUE,0.0,0.0,0.0,No material variance,PASS,308.188
ICP000081-202603,ICP000081,RET003,RSU,Christchurch Urban,2026-03,2026-03-01,2026-03-31,31,2025,76.3270469,6,76.33,Calculated reconciliation,76.3270469,76.33,6,NO_ISSUE,0.0,0.0,0.0,No material variance,PASS,931.506
ICP000082-202603,ICP000082,RET003,RES,Christchurch Urban,2026-03,2026-03-01,2026-03-31,31,2025,63.39462921,6,63.39,Calculated reconciliation,63.39462921,63.39,6,NO_ISSUE,0.0,0.0,0.0,No material variance,PASS,678.623
ICP000083-202603,ICP000083,RET003,RES,Selwyn,2026-03,2026-03-01,2026-03-31,31,2025,36.81111782,6,36.81,Calculated reconciliation,36.81111782,36.81,6,NO_ISSUE,0.0,0.0,0.0,No material variance,PASS,320.123
ICP000084-202603,ICP000084,RET004,RSC,Christchurch Urban,2026-03,2026-03-01,2026-03-31,31,2025,70.26694192,6,70.27,Calculated reconciliation,70.26694192,70.27,6,NO_ISSUE,0.0,0.0,0.0,No material variance,PASS,686.309
ICP000085-202603,ICP000085,RET001,RES,Christchurch Urban,2026-03,2026-03-01,2026-03-31,31,2025,42.80832711,6,42.81,Calculated reconciliation,42.80832711,42.81,6,NO_ISSUE,0.0,0.0,0.0,No material variance,PASS,329.625
ICP000086-202603,ICP000086,RET004,RES,Christchurch Urban,2026-03,2026-03-01,2026-03-31,31,2025,70.90865975,6,70.91,Calculated reconciliation,70.90865975,70.91,6,NO_ISSUE,0.0,0.0,0.0,No material variance,PASS,631.922
ICP000087-202603,ICP000087,RET001,RES,Christchurch Urban,2026-03,2026-03-01,2026-03-31,31,2025,64.61533202000001,6,64.62,Calculated reconciliation,64.61533202000001,64.62,6,NO_ISSUE,0.0,0.0,0.0,No material variance,PASS,771.055
ICP000088-202603,ICP000088,RET001,RES,Christchurch Urban,2026-03,2026-03-01,2026-03-31,31,2025,55.48557803,6,55.49,Calculated reconciliation,55.48557803,55.49,6,NO_ISSUE,0.0,0.0,0.0,No material variance,PASS,509.295
ICP000089-202603,ICP000089,RET004,RES,Christchurch Urban,2026-03,2026-03-01,2026-03-31,31,2025,57.9362755,6,57.94,Calculated reconciliation,57.9362755,57.94,6,NO_ISSUE,0.0,0.0,0.0,No material variance,PASS,543.652
ICP000090-202603,ICP000090,RET002,RES,Christchurch Urban,2026-03,2026-03-01,2026-03-31,31,2025,64.00575029,6,64.01,Calculated reconciliation,64.00575029,64.01,6,NO_ISSUE,0.0,0.0,0.0,No material variance,PASS,704.107
ICP000091-202603,ICP000091,RET004,RES,Christchurch Urban,2026-03,2026-03-01,2026-03-31,31,2025,49.20102229,6,49.2,Calculated reconciliation,49.20102229,49.2,6,NO_ISSUE,0.0,0.0,0.0,No material variance,PASS,530.866
ICP000092-202603,ICP000092,RET001,RES,Christchurch Urban,2026-03,2026-03-01,2026-03-31,31,2025,58.4940782,6,58.49,Calculated reconciliation,58.4940782,58.49,6,NO_ISSUE,0.0,0.0,0.0,No material variance,PASS,554.929
ICP000093-202603,ICP000093,RET005,RES,Christchurch Urban,2026-03,2026-03-01,2026-03-31,31,2025,40.94631957,6,40.95,Calculated reconciliation,40.94631957,40.95,6,NO_ISSUE,0.0,0.0,0.0,No material variance,PASS,309.003
ICP000094-202603,ICP000094,RET005,RES,Christchurch Urban,2026-03,2026-03-01,2026-03-31,31,2025,51.94857663,6,51.95,Calculated reconciliation,51.94857663,51.95,6,NO_ISSUE,0.0,0.0,0.0,No material variance,PASS,541.125
ICP000095-202603,ICP000095,RET001,RES,Central Canterbury Rural,2026-03,2026-03-01,2026-03-31,31,2025,87.94344928,6,87.94,Calculated reconciliation,87.94344928,87.94,6,NO_ISSUE,0.0,0.0,0.0,No material variance,PASS,793.342
ICP000096-202603,ICP000096,RET002,URES,Christchurch Urban,2026-03,2026-03-01,2026-03-31,31,2025,78.53591363,6,78.54,Calculated reconciliation,78.53591363,78.54,6,NO_ISSUE,0.0,0.0,0.0,No material variance,PASS,809.511
ICP000097-202603,ICP000097,RET001,RES,Christchurch Urban,2026-03,2026-03-01,2026-03-31,31,2025,67.44374791999999,6,67.44,Calculated reconciliation,67.44374791999999,67.44,6,NO_ISSUE,0.0,0.0,0.0,No material variance,PASS,606.311
ICP000098-202603,ICP000098,RET005,RES,Christchurch Urban,2026-03,2026-03-01,2026-03-31,31,2025,51.10626266999999,6,51.11,Calculated reconciliation,51.10626266999999,51.11,6,NO_ISSUE,0.0,0.0,0.0,No material variance,PASS,563.791
ICP000099-202603,ICP000099,RET003,RSC,Selwyn,2026-03,2026-03-01,2026-03-31,31,2025,103.99669044,6,104.0,Calculated reconciliation,103.99669044,104.0,6,NO_ISSUE,0.0,0.0,0.0,No material variance,PASS,1045.155
ICP000100-202603,ICP000100,RET003,RSC,Central Canterbury Rural,2026-03,2026-03-01,2026-03-31,31,2025,77.71302119999999,6,77.71,Calculated reconciliation,77.71302119999999,77.71,6,NO_ISSUE,0.0,0.0,0.0,No material variance,PASS,960.267
ICP000101-202603,ICP000101,RET003,RES,Christchurch Urban,2026-03,2026-03-01,2026-03-31,31,2025,77.88812659,6,77.89,Calculated reconciliation,77.88812659,77.89,6,NO_ISSUE,0.0,0.0,0.0,No material variance,PASS,837.936
ICP000102-202603,ICP000102,RET001,RSC,Christchurch Urban,2026-03,2026-03-01,2026-03-31,31,2025,78.12660494999999,6,78.13,Calculated reconciliation,78.12660494999999,78.13,6,NO_ISSUE,0.0,0.0,0.0,No material variance,PASS,1025.705
ICP000103-202603,ICP000103,RET002,RSC,Christchurch Urban,2026-03,2026-03-01,2026-03-31,31,2025,75.90607643999999,6,75.91,Calculated reconciliation,75.90607643999999,75.91,6,NO_ISSUE,0.0,0.0,0.0,No material variance,PASS,799.342
ICP000104-202603,ICP000104,RET005,RSC,Christchurch Urban,2026-03,2026-03-01,2026-03-31,31,2025,64.59118443999999,6,64.59,Calculated reconciliation,64.59118443999999,64.59,6,NO_ISSUE,0.0,0.0,0.0,No material variance,PASS,574.201
ICP000105-202603,ICP000105,RET001,RES,Christchurch Urban,2026-03,2026-03-01,2026-03-31,31,2025,60.99480457,6,60.99,Calculated reconciliation,60.99480457,60.99,6,NO_ISSUE,0.0,0.0,0.0,No material variance,PASS,557.591
ICP000106-202603,ICP000106,RET001,RES,Christchurch Urban,2026-03,2026-03-01,2026-03-31,31,2025,52.97459359,6,52.97,Calculated reconciliation,52.97459359,52.97,6,NO_ISSUE,0.0,0.0,0.0,No material variance,PASS,450.489
ICP000107-202603,ICP000107,RET004,URES,Christchurch Urban,2026-03,2026-03-01,2026-03-31,31,2025,58.72825175,6,58.73,Calculated reconciliation,58.72825175,58.73,6,NO_ISSUE,0.0,0.0,0.0,No material variance,PASS,387.797
ICP000108-202603,ICP000108,RET001,RES,Christchurch Urban,2026-03,2026-03-01,2026-03-31,31,2025,39.20463223,6,39.2,Calculated reconciliation,39.20463223,39.2,6,NO_ISSUE,0.0,0.0,0.0,No material variance,PASS,371.701
ICP000109-202603,ICP000109,RET001,RSC,Selwyn,2026-03,2026-03-01,2026-03-31,31,2025,53.664910109999994,6,53.66,Calculated reconciliation,53.664910109999994,53.66,6,NO_ISSUE,0.0,0.0,0.0,No material variance,PASS,431.571
ICP000110-202603,ICP000110,RET002,RES,Christchurch Urban,2026-03,2026-03-01,2026-03-31,31,2025,56.08831882,6,56.09,Calculated reconciliation,56.08831882,56.09,6,NO_ISSUE,0.0,0.0,0.0,No material variance,PASS,618.375
ICP000111-202603,ICP000111,RET002,RES,Christchurch Urban,2026-03,2026-03-01,2026-03-31,31,2025,48.32471156,6,48.32,Calculated reconciliation,48.32471156,48.32,6,NO_ISSUE,0.0,0.0,0.0,No material variance,PASS,333.884
ICP000112-202603,ICP000112,RET003,RSU,Christchurch Urban,2026-03,2026-03-01,2026-03-31,31,2025,81.47856273000001,6,81.48,Calculated reconciliation,81.47856273000001,81.48,6,NO_ISSUE,0.0,0.0,0.0,No material variance,PASS,693.241
ICP000113-202603,ICP000113,RET001,RES,Christchurch Urban,2026-03,2026-03-01,2026-03-31,31,2025,48.15950884,6,48.16,Calculated reconciliation,48.15950884,48.16,6,NO_ISSUE,0.0,0.0,0.0,No material variance,PASS,446.853
ICP000114-202603,ICP000114,RET001,RES,Christchurch Urban,2026-03,2026-03-01,2026-03-31,31,2025,63.10680004,6,63.11,Calculated reconciliation,63.10680004,63.11,6,NO_ISSUE,0.0,0.0,0.0,No material variance,PASS,652.595
ICP000115-202603,ICP000115,RET004,RES,Christchurch Urban,2026-03,2026-03-01,2026-03-31,31,2025,53.0472493,6,53.05,Calculated reconciliation,53.0472493,53.05,6,NO_ISSUE,0.0,0.0,0.0,No material variance,PASS,653.27
ICP000116-202603,ICP000116,RET002,RES,Christchurch Urban,2026-03,2026-03-01,2026-03-31,31,2025,45.44997157,6,45.45,Calculated reconciliation,45.44997157,45.45,6,NO_ISSUE,0.0,0.0,0.0,No material variance,PASS,493.956
ICP000117-202603,ICP000117,RET001,RES,Christchurch Urban,2026-03,2026-03-01,2026-03-31,31,2025,57.00084605,6,57.0,Calculated reconciliation,57.00084605,57.0,6,NO_ISSUE,0.0,0.0,0.0,No material variance,PASS,585.262
ICP000118-202603,ICP000118,RET003,RES,Christchurch Urban,2026-03,2026-03-01,2026-03-31,31,2025,113.57085291,6,113.57,Calculated reconciliation,113.57085291,113.57,6,NO_ISSUE,0.0,0.0,0.0,No material variance,PASS,1215.806
ICP000119-202603,ICP000119,RET004,RES,Selwyn,2026-03,2026-03-01,2026-03-31,31,2025,43.64642928,6,43.65,Calculated reconciliation,43.64642928,43.65,6,NO_ISSUE,0.0,0.0,0.0,No material variance,PASS,449.095
ICP000120-202603,ICP000120,RET004,RES,Selwyn,2026-03,2026-03-01,2026-03-31,31,2025,72.22687311,6,72.23,Calculated reconciliation,72.22687311,72.23,6,NO_ISSUE,0.0,0.0,0.0,No material variance,PASS,702.608
ICP000121-202603,ICP000121,RET002,RES,Christchurch Urban,2026-03,2026-03-01,2026-03-31,31,2025,61.9232887,6,61.92,Calculated reconciliation,61.9232887,61.92,6,NO_ISSUE,0.0,0.0,0.0,No material variance,PASS,533.833
ICP000122-202603,ICP000122,RET005,RES,Selwyn,2026-03,2026-03-01,2026-03-31,31,2025,42.40460354,6,42.4,Calculated reconciliation,42.40460354,42.4,6,NO_ISSUE,0.0,0.0,0.0,No material variance,PASS,366.275
ICP000123-202603,ICP000123,RET005,RSU,Christchurch Urban,2026-03,2026-03-01,2026-03-31,31,2025,75.03710568000001,6,75.04,Calculated reconciliation,75.03710568000001,75.04,6,NO_ISSUE,0.0,0.0,0.0,No material variance,PASS,735.294
ICP000124-202603,ICP000124,RET004,RES,Central Canterbury Rural,2026-03,2026-03-01,2026-03-31,31,2025,56.52916267999999,6,56.53,Calculated reconciliation,56.52916267999999,56.53,6,NO_ISSUE,0.0,0.0,0.0,No material variance,PASS,556.663
ICP000125-202603,ICP000125,RET001,RES,Christchurch Urban,2026-03,2026-03-01,2026-03-31,31,2025,53.0360275,6,53.04,Calculated reconciliation,53.0360275,53.04,6,NO_ISSUE,0.0,0.0,0.0,No material variance,PASS,413.263
ICP000126-202603,ICP000126,RET001,RES,Christchurch Urban,2026-03,2026-03-01,2026-03-31,31,2025,44.28726632,6,44.29,Calculated reconciliation,44.28726632,44.29,6,NO_ISSUE,0.0,0.0,0.0,No material variance,PASS,427.907
ICP000127-202603,ICP000127,RET001,RSU,Christchurch Urban,2026-03,2026-03-01,2026-03-31,31,2025,99.23073841,6,99.23,Calculated reconciliation,99.23073841,99.23,6,NO_ISSUE,0.0,0.0,0.0,No material variance,PASS,891.541
ICP000128-202603,ICP000128,RET001,RES,Christchurch Urban,2026-03,2026-03-01,2026-03-31,31,2025,49.35330854,6,49.35,Calculated reconciliation,49.35330854,49.35,6,NO_ISSUE,0.0,0.0,0.0,No material variance,PASS,397.377
ICP000129-202603,ICP000129,RET002,RES,Selwyn,2026-03,2026-03-01,2026-03-31,31,2025,68.15638170999999,6,68.16,Calculated reconciliation,68.15638170999999,68.16,6,NO_ISSUE,0.0,0.0,0.0,No material variance,PASS,566.1
ICP000130-202603,ICP000130,RET001,RSU,Christchurch Urban,2026-03,2026-03-01,2026-03-31,31,2025,84.33443574,6,84.33,Calculated reconciliation,84.33443574,84.33,6,NO_ISSUE,0.0,0.0,0.0,No material variance,PASS,1181.092
ICP000131-202603,ICP000131,RET001,RSC,Christchurch Urban,2026-03,2026-03-01,2026-03-31,31,2025,76.17317715,6,76.17,Calculated reconciliation,76.17317715,76.17,6,NO_ISSUE,0.0,0.0,0.0,No material variance,PASS,639.677
ICP000132-202603,ICP000132,RET002,RES,Christchurch Urban,2026-03,2026-03-01,2026-03-31,31,2025,65.69491247,6,65.69,Calculated reconciliation,65.69491247,65.69,6,NO_ISSUE,0.0,0.0,0.0,No material variance,PASS,770.473
ICP000133-202603,ICP000133,RET002,RES,Christchurch Urban,2026-03,2026-03-01,2026-03-31,31,2025,62.64200312,6,62.64,Calculated reconciliation,62.64200312,62.64,6,NO_ISSUE,0.0,0.0,0.0,No material variance,PASS,505.925
ICP000134-202603,ICP000134,RET004,RES,Selwyn,2026-03,2026-03-01,2026-03-31,31,2025,66.9552593,6,66.96,Calculated reconciliation,66.9552593,66.96,6,NO_ISSUE,0.0,0.0,0.0,No material variance,PASS,631.772
ICP000135-202603,ICP000135,RET001,RSC,Central Canterbury Rural,2026-03,2026-03-01,2026-03-31,31,2025,89.86828523999999,6,89.87,Calculated reconciliation,89.86828523999999,89.87,6,NO_ISSUE,0.0,0.0,0.0,No material variance,PASS,1029.576
ICP000136-202603,ICP000136,RET001,URES,Christchurch Urban,2026-03,2026-03-01,2026-03-31,31,2025,49.03235487,6,49.03,Calculated reconciliation,49.03235487,49.03,6,NO_ISSUE,0.0,0.0,0.0,No material variance,PASS,372.133
ICP000137-202603,ICP000137,RET004,RES,Christchurch Urban,2026-03,2026-03-01,2026-03-31,31,2025,41.07617536,6,41.08,Calculated reconciliation,41.07617536,41.08,6,NO_ISSUE,0.0,0.0,0.0,No material variance,PASS,309.476
ICP000138-202603,ICP000138,RET001,RES,Selwyn,2026-03,2026-03-01,2026-03-31,31,2025,49.65762884,6,49.66,Calculated reconciliation,49.65762884,49.66,6,NO_ISSUE,0.0,0.0,0.0,No material variance,PASS,396.872
ICP000139-202603,ICP000139,RET003,RES,Christchurch Urban,2026-03,2026-03-01,2026-03-31,31,2025,74.08673055,6,74.09,Calculated reconciliation,75.30233055,75.3,6,INCORRECT_ICP_DAYS,1.215599999999995,1.22,1.22,Overbilled,REVIEW,650.744
ICP000140-202603,ICP000140,RET002,URES,Christchurch Urban,2026-03,2026-03-01,2026-03-31,31,2025,67.82042907,6,67.82,Calculated reconciliation,67.82042907,67.82,6,NO_ISSUE,0.0,0.0,0.0,No material variance,PASS,591.228
ICP000141-202603,ICP000141,RET002,RES,Selwyn,2026-03,2026-03-01,2026-03-31,31,2025,84.0582795,6,84.06,Calculated reconciliation,84.0582795,84.06,6,NO_ISSUE,0.0,0.0,0.0,No material variance,PASS,823.74
ICP000142-202603,ICP000142,RET001,RES,Christchurch Urban,2026-03,2026-03-01,2026-03-31,31,2025,54.75669048,6,54.76,Calculated reconciliation,54.75669048,54.76,6,NO_ISSUE,0.0,0.0,0.0,No material variance,PASS,508.804
ICP000143-202603,ICP000143,RET002,RES,Christchurch Urban,2026-03,2026-03-01,2026-03-31,31,2025,72.36083488999999,6,72.36,Calculated reconciliation,72.36083488999999,72.36,6,NO_ISSUE,0.0,0.0,0.0,No material variance,PASS,569.566
ICP000144-202603,ICP000144,RET001,RSC,Christchurch Urban,2026-03,2026-03-01,2026-03-31,31,2025,102.34345347,6,102.34,Calculated reconciliation,102.34345347,102.34,6,NO_ISSUE,0.0,0.0,0.0,No material variance,PASS,1065.84
ICP000145-202603,ICP000145,RET004,RES,Christchurch Urban,2026-03,2026-03-01,2026-03-31,31,2025,42.11630157,6,42.12,Calculated reconciliation,42.11630157,42.12,6,NO_ISSUE,0.0,0.0,0.0,No material variance,PASS,473.923
ICP000146-202603,ICP000146,RET002,RES,Christchurch Urban,2026-03,2026-03-01,2026-03-31,31,2025,47.12341981,6,47.12,Calculated reconciliation,47.12341981,47.12,6,NO_ISSUE,0.0,0.0,0.0,No material variance,PASS,455.829
ICP000147-202603,ICP000147,RET003,RSC,Christchurch Urban,2026-03,2026-03-01,2026-03-31,31,2025,102.80584962,6,102.81,Calculated reconciliation,102.80584962,102.81,6,NO_ISSUE,0.0,0.0,0.0,No material variance,PASS,1075.358
ICP000148-202603,ICP000148,RET005,URES,Selwyn,2026-03,2026-03-01,2026-03-31,31,2025,77.98975111,6,77.99,Calculated reconciliation,77.98975111,77.99,6,NO_ISSUE,0.0,0.0,0.0,No material variance,PASS,758.16
ICP000149-202603,ICP000149,RET001,RES,Christchurch Urban,2026-03,2026-03-01,2026-03-31,31,2025,41.84175603,6,41.84,Calculated reconciliation,41.84175603,41.84,6,NO_ISSUE,0.0,0.0,0.0,No material variance,PASS,383.422
ICP000150-202603,ICP000150,RET001,RES,Christchurch Urban,2026-03,2026-03-01,2026-03-31,31,2025,39.3078326,6,39.31,Calculated reconciliation,39.3078326,39.31,6,NO_ISSUE,0.0,0.0,0.0,No material variance,PASS,313.317
ICP000151-202603,ICP000151,RET003,RSC,Christchurch Urban,2026-03,2026-03-01,2026-03-31,31,2025,76.83175238,6,76.83,Calculated reconciliation,76.83175238,76.83,6,NO_ISSUE,0.0,0.0,0.0,No material variance,PASS,818.606
ICP000152-202603,ICP000152,RET002,RES,Selwyn,2026-03,2026-03-01,2026-03-31,31,2025,42.77971866,6,42.78,Calculated reconciliation,42.77971866,42.78,6,NO_ISSUE,0.0,0.0,0.0,No material variance,PASS,337.861
ICP000153-202603,ICP000153,RET003,URES,Christchurch Urban,2026-03,2026-03-01,2026-03-31,31,2025,87.83764013,6,87.84,Calculated reconciliation,87.83764013,87.84,6,NO_ISSUE,0.0,0.0,0.0,No material variance,PASS,610.059
ICP000154-202603,ICP000154,RET002,RES,Christchurch Urban,2026-03,2026-03-01,2026-03-31,31,2025,73.28668975,6,73.29,Calculated reconciliation,73.28668975,73.29,6,NO_ISSUE,0.0,0.0,0.0,No material variance,PASS,608.603
ICP000155-202603,ICP000155,RET004,RSC,Christchurch Urban,2026-03,2026-03-01,2026-03-31,31,2025,65.0227386,6,65.02,Calculated reconciliation,65.0227386,65.02,6,NO_ISSUE,0.0,0.0,0.0,No material variance,PASS,701.104
ICP000156-202603,ICP000156,RET002,RES,Christchurch Urban,2026-03,2026-03-01,2026-03-31,31,2025,51.421391709999995,6,51.42,Calculated reconciliation,51.421391709999995,51.42,6,NO_ISSUE,0.0,0.0,0.0,No material variance,PASS,575.582
ICP000157-202603,ICP000157,RET005,RES,Christchurch Urban,2026-03,2026-03-01,2026-03-31,31,2025,61.34499749,6,61.34,Calculated reconciliation,61.34499749,61.34,6,NO_ISSUE,0.0,0.0,0.0,No material variance,PASS,542.974
ICP000158-202603,ICP000158,RET005,RES,Christchurch Urban,2026-03,2026-03-01,2026-03-31,31,2025,44.451283669999995,6,44.45,Calculated reconciliation,44.451283669999995,44.45,6,NO_ISSUE,0.0,0.0,0.0,No material variance,PASS,353.618
ICP000159-202603,ICP000159,RET001,RSC,Christchurch Urban,2026-03,2026-03-01,2026-03-31,31,2025,70.24768379,6,70.25,Calculated reconciliation,70.24768379,70.25,6,NO_ISSUE,0.0,0.0,0.0,No material variance,PASS,630.857
ICP000160-202603,ICP000160,RET003,RSC,Christchurch Urban,2026-03,2026-03-01,2026-03-31,31,2025,56.010686699999994,6,56.01,Calculated reconciliation,56.010686699999994,56.01,6,NO_ISSUE,0.0,0.0,0.0,No material variance,PASS,493.568
ICP000161-202603,ICP000161,RET003,RES,Selwyn,2026-03,2026-03-01,2026-03-31,31,2025,53.93670152,6,53.94,Calculated reconciliation,53.93670152,53.94,6,NO_ISSUE,0.0,0.0,0.0,No material variance,PASS,392.268
ICP000162-202603,ICP000162,RET001,RES,Selwyn,2026-03,2026-03-01,2026-03-31,31,2025,39.17631711,6,39.18,Calculated reconciliation,39.17631711,39.18,6,NO_ISSUE,0.0,0.0,0.0,No material variance,PASS,289.874
ICP000163-202603,ICP000163,RET003,RES,Selwyn,2026-03,2026-03-01,2026-03-31,31,2025,41.50129492,6,41.5,Calculated reconciliation,41.50129492,41.5,6,NO_ISSUE,0.0,0.0,0.0,No material variance,PASS,411.25
ICP000164-202603,ICP000164,RET001,RSU,Christchurch Urban,2026-03,2026-03-01,2026-03-31,31,2025,82.12394475,6,82.12,Calculated reconciliation,82.12394475,82.12,6,NO_ISSUE,0.0,0.0,0.0,No material variance,PASS,877.578
ICP000165-202603,ICP000165,RET001,RSC,Selwyn,2026-03,2026-03-01,2026-03-31,31,2025,73.10427218999999,6,73.1,Calculated reconciliation,73.10427218999999,73.1,6,NO_ISSUE,0.0,0.0,0.0,No material variance,PASS,801.665
ICP000166-202603,ICP000166,RET005,URES,Christchurch Urban,2026-03,2026-03-01,2026-03-31,31,2025,68.06601405,6,68.07,Calculated reconciliation,68.06601405,68.07,6,NO_ISSUE,0.0,0.0,0.0,No material variance,PASS,652.956
ICP000167-202603,ICP000167,RET002,RSC,Christchurch Urban,2026-03,2026-03-01,2026-03-31,31,2025,93.71953755,6,93.72,Calculated reconciliation,93.71953755,93.72,6,NO_ISSUE,0.0,0.0,0.0,No material variance,PASS,980.713
ICP000168-202603,ICP000168,RET001,URES,Christchurch Urban,2026-03,2026-03-01,2026-03-31,31,2025,41.67464539,6,41.67,Calculated reconciliation,41.67464539,41.67,6,NO_ISSUE,0.0,0.0,0.0,No material variance,PASS,310.978
ICP000169-202603,ICP000169,RET005,RES,Christchurch Urban,2026-03,2026-03-01,2026-03-31,31,2025,37.34916028,6,37.35,Calculated reconciliation,37.34916028,37.35,6,NO_ISSUE,0.0,0.0,0.0,No material variance,PASS,402.806
ICP000170-202603,ICP000170,RET003,URES,Christchurch Urban,2026-03,2026-03-01,2026-03-31,31,2025,44.70724158,6,44.71,Calculated reconciliation,44.70724158,44.71,6,NO_ISSUE,0.0,0.0,0.0,No material variance,PASS,339.449
ICP000171-202603,ICP000171,RET002,URES,Christchurch Urban,2026-03,2026-03-01,2026-03-31,31,2025,109.44186356999998,6,109.44,Calculated reconciliation,109.44186356999998,109.44,6,NO_ISSUE,0.0,0.0,0.0,No material variance,PASS,876.411
ICP000172-202603,ICP000172,RET001,RES,Christchurch Urban,2026-03,2026-03-01,2026-03-31,31,2025,64.97577133,6,64.98,Calculated reconciliation,64.97577133,64.98,6,NO_ISSUE,0.0,0.0,0.0,No material variance,PASS,623.099
ICP000173-202603,ICP000173,RET004,RES,Christchurch Urban,2026-03,2026-03-01,2026-03-31,31,2025,63.49258023,6,63.49,Calculated reconciliation,63.49258023,63.49,6,NO_ISSUE,0.0,0.0,0.0,No material variance,PASS,483.417
ICP000174-202603,ICP000174,RET005,URES,Christchurch Urban,2026-03,2026-03-01,2026-03-31,31,2025,50.6848184,6,50.68,Calculated reconciliation,50.6848184,50.68,6,NO_ISSUE,0.0,0.0,0.0,No material variance,PASS,340.894
ICP000175-202603,ICP000175,RET003,RSC,Selwyn,2026-03,2026-03-01,2026-03-31,31,2025,74.47123123,6,74.47,Calculated reconciliation,74.47123123,74.47,6,NO_ISSUE,0.0,0.0,0.0,No material variance,PASS,768.708
ICP000176-202603,ICP000176,RET005,URES,Christchurch Urban,2026-03,2026-03-01,2026-03-31,31,2025,53.57681504,6,53.58,Calculated reconciliation,53.57681504,53.58,6,NO_ISSUE,0.0,0.0,0.0,No material variance,PASS,375.935
ICP000177-202603,ICP000177,RET003,RSC,Selwyn,2026-03,2026-03-01,2026-03-31,31,2025,59.05550872999999,6,59.06,Calculated reconciliation,59.05550872999999,59.06,6,NO_ISSUE,0.0,0.0,0.0,No material variance,PASS,811.053
ICP000178-202603,ICP000178,RET004,RES,Christchurch Urban,2026-03,2026-03-01,2026-03-31,31,2025,47.12217862,6,47.12,Calculated reconciliation,47.12217862,47.12,6,NO_ISSUE,0.0,0.0,0.0,No material variance,PASS,388.773
ICP000179-202603,ICP000179,RET001,URES,Christchurch Urban,2026-03,2026-03-01,2026-03-31,31,2025,63.13695129,6,63.14,Calculated reconciliation,63.13695129,63.14,6,NO_ISSUE,0.0,0.0,0.0,No material variance,PASS,483.935
ICP000180-202603,ICP000180,RET005,RES,Christchurch Urban,2026-03,2026-03-01,2026-03-31,31,2025,54.44341541,6,54.44,Calculated reconciliation,54.44341541,54.44,6,NO_ISSUE,0.0,0.0,0.0,No material variance,PASS,518.736
ICP000181-202603,ICP000181,RET002,URES,Christchurch Urban,2026-03,2026-03-01,2026-03-31,31,2025,97.21789678,6,97.22,Calculated reconciliation,97.21789678,97.22,6,NO_ISSUE,0.0,0.0,0.0,No material variance,PASS,935.329
ICP000182-202603,ICP000182,RET002,RSC,Christchurch Urban,2026-03,2026-03-01,2026-03-31,31,2025,88.05443315,6,88.05,Calculated reconciliation,88.05443315,88.05,6,NO_ISSUE,0.0,0.0,0.0,No material variance,PASS,1016.944
ICP000183-202603,ICP000183,RET002,RES,Christchurch Urban,2026-03,2026-03-01,2026-03-31,31,2025,51.46341181,6,51.46,Calculated reconciliation,51.46341181,51.46,6,NO_ISSUE,0.0,0.0,0.0,No material variance,PASS,534.25
ICP000184-202603,ICP000184,RET002,RES,Central Canterbury Rural,2026-03,2026-03-01,2026-03-31,31,2025,65.10343541,6,65.1,Calculated reconciliation,65.10343541,65.1,6,NO_ISSUE,0.0,0.0,0.0,No material variance,PASS,643.493
ICP000185-202603,ICP000185,RET004,RES,Central Canterbury Rural,2026-03,2026-03-01,2026-03-31,31,2025,51.83552251,6,51.84,Calculated reconciliation,51.83552251,51.84,6,NO_ISSUE,0.0,0.0,0.0,No material variance,PASS,398.42
ICP000186-202603,ICP000186,RET002,RSC,Christchurch Urban,2026-03,2026-03-01,2026-03-31,31,2025,76.89520446999998,6,76.9,Calculated reconciliation,76.89520446999998,76.9,6,NO_ISSUE,0.0,0.0,0.0,No material variance,PASS,699.918
ICP000187-202603,ICP000187,RET002,RES,Christchurch Urban,2026-03,2026-03-01,2026-03-31,31,2025,45.45413189,6,45.45,Calculated reconciliation,45.45413189,45.45,6,NO_ISSUE,0.0,0.0,0.0,No material variance,PASS,455.965
ICP000188-202603,ICP000188,RET004,RES,Selwyn,2026-03,2026-03-01,2026-03-31,31,2025,34.03430147,6,34.03,Calculated reconciliation,34.03430147,34.03,6,NO_ISSUE,0.0,0.0,0.0,No material variance,PASS,238.878
ICP000189-202603,ICP000189,RET005,RSC,Central Canterbury Rural,2026-03,2026-03-01,2026-03-31,31,2025,71.26198527999999,6,71.26,Calculated reconciliation,71.26198527999999,71.26,6,NO_ISSUE,0.0,0.0,0.0,No material variance,PASS,769.369
ICP000190-202603,ICP000190,RET005,RES,Christchurch Urban,2026-03,2026-03-01,2026-03-31,31,2025,52.4507084,6,52.45,Calculated reconciliation,52.4507084,52.45,6,NO_ISSUE,0.0,0.0,0.0,No material variance,PASS,437.13
ICP000191-202603,ICP000191,RET001,RES,Christchurch Urban,2026-03,2026-03-01,2026-03-31,31,2025,49.77572104,6,49.78,Calculated reconciliation,49.77572104,49.78,6,NO_ISSUE,0.0,0.0,0.0,No material variance,PASS,439.217
ICP000192-202603,ICP000192,RET002,RES,Central Canterbury Rural,2026-03,2026-03-01,2026-03-31,31,2025,59.06165858,6,59.06,Calculated reconciliation,59.06165858,59.06,6,NO_ISSUE,0.0,0.0,0.0,No material variance,PASS,524.939
ICP000193-202603,ICP000193,RET004,RES,Christchurch Urban,2026-03,2026-03-01,2026-03-31,31,2025,63.83136569999999,6,63.83,Calculated reconciliation,63.83136569999999,63.83,6,NO_ISSUE,0.0,0.0,0.0,No material variance,PASS,491.989
ICP000194-202603,ICP000194,RET002,RSC,Christchurch Urban,2026-03,2026-03-01,2026-03-31,31,2025,89.82565573999999,6,89.83,Calculated reconciliation,89.82565573999999,89.83,6,NO_ISSUE,0.0,0.0,0.0,No material variance,PASS,984.167
ICP000195-202603,ICP000195,RET002,RES,Christchurch Urban,2026-03,2026-03-01,2026-03-31,31,2025,53.55793799,6,53.56,Calculated reconciliation,53.55793799,53.56,6,NO_ISSUE,0.0,0.0,0.0,No material variance,PASS,384.958
ICP000196-202603,ICP000196,RET002,URES,Christchurch Urban,2026-03,2026-03-01,2026-03-31,31,2025,49.39967688,6,49.4,Calculated reconciliation,49.39967688,49.4,6,NO_ISSUE,0.0,0.0,0.0,No material variance,PASS,440.467
ICP000197-202603,ICP000197,RET004,RES,Christchurch Urban,2026-03,2026-03-01,2026-03-31,31,2025,55.33660228,6,55.34,Calculated reconciliation,55.33660228,55.34,6,NO_ISSUE,0.0,0.0,0.0,No material variance,PASS,539.313
ICP000198-202603,ICP000198,RET002,RES,Selwyn,2026-03,2026-03-01,2026-03-31,31,2025,45.99483176,6,45.99,Calculated reconciliation,45.99483176,45.99,6,NO_ISSUE,0.0,0.0,0.0,No material variance,PASS,376.588
ICP000199-202603,ICP000199,RET003,RES,Christchurch Urban,2026-03,2026-03-01,2026-03-31,31,2025,48.92157754,6,48.92,Calculated reconciliation,48.92157754,48.92,6,NO_ISSUE,0.0,0.0,0.0,No material variance,PASS,477.464
ICP000200-202603,ICP000200,RET002,RES,Central Canterbury Rural,2026-03,2026-03-01,2026-03-31,31,2025,50.27563461,6,50.28,Calculated reconciliation,50.27563461,50.28,6,NO_ISSUE,0.0,0.0,0.0,No material variance,PASS,340.802
ICP000201-202603,ICP000201,RET001,RES,Selwyn,2026-03,2026-03-01,2026-03-31,31,2025,47.74999166,6,47.75,Calculated reconciliation,47.74999166,47.75,6,NO_ISSUE,0.0,0.0,0.0,No material variance,PASS,437.232
ICP000202-202603,ICP000202,RET005,RSC,Christchurch Urban,2026-03,2026-03-01,2026-03-31,31,2025,77.38129516,6,77.38,Calculated reconciliation,77.38129516,77.38,6,NO_ISSUE,0.0,0.0,0.0,No material variance,PASS,886.52
ICP000203-202603,ICP000203,RET004,URES,Selwyn,2026-03,2026-03-01,2026-03-31,31,2025,55.22277646,6,55.22,Calculated reconciliation,55.22277646,55.22,6,NO_ISSUE,0.0,0.0,0.0,No material variance,PASS,479.437
ICP000204-202603,ICP000204,RET005,RSU,Christchurch Urban,2026-03,2026-03-01,2026-03-31,31,2025,79.60075001,6,79.6,Calculated reconciliation,79.60075001,79.6,6,NO_ISSUE,0.0,0.0,0.0,No material variance,PASS,636.025
ICP000205-202603,ICP000205,RET005,URES,Selwyn,2026-03,2026-03-01,2026-03-31,31,2025,51.62399882,6,51.62,Calculated reconciliation,51.62399882,51.62,6,NO_ISSUE,0.0,0.0,0.0,No material variance,PASS,505.413
ICP000206-202603,ICP000206,RET001,RSC,Christchurch Urban,2026-03,2026-03-01,2026-03-31,31,2025,89.47390234999999,6,89.47,Calculated reconciliation,89.47390234999999,89.47,6,NO_ISSUE,0.0,0.0,0.0,No material variance,PASS,968.561
ICP000207-202603,ICP000207,RET001,RES,Christchurch Urban,2026-03,2026-03-01,2026-03-31,31,2025,97.57927801,6,97.58,Calculated reconciliation,97.57927801,97.58,6,NO_ISSUE,0.0,0.0,0.0,No material variance,PASS,1066.867
ICP000208-202603,ICP000208,RET003,RES,Christchurch Urban,2026-03,2026-03-01,2026-03-31,31,2025,52.52850375,6,52.53,Calculated reconciliation,52.52850375,52.53,6,NO_ISSUE,0.0,0.0,0.0,No material variance,PASS,585.008
ICP000209-202603,ICP000209,RET001,RES,Selwyn,2026-03,2026-03-01,2026-03-31,31,2025,52.59895124,6,52.6,Calculated reconciliation,52.59895124,52.6,6,NO_ISSUE,0.0,0.0,0.0,No material variance,PASS,457.893
ICP000210-202603,ICP000210,RET003,RES,Christchurch Urban,2026-03,2026-03-01,2026-03-31,31,2025,57.01396784,6,57.01,Calculated reconciliation,57.01396784,57.01,6,NO_ISSUE,0.0,0.0,0.0,No material variance,PASS,473.624
ICP000211-202603,ICP000211,RET002,RES,Selwyn,2026-03,2026-03-01,2026-03-31,31,2025,65.7858473,6,65.79,Calculated reconciliation,65.7858473,65.79,6,NO_ISSUE,0.0,0.0,0.0,No material variance,PASS,653.277
ICP000212-202603,ICP000212,RET002,RES,Central Canterbury Rural,2026-03,2026-03-01,2026-03-31,31,2025,53.28889036,6,53.29,Calculated reconciliation,53.28889036,53.29,6,NO_ISSUE,0.0,0.0,0.0,No material variance,PASS,426.361
ICP000213-202603,ICP000213,RET002,RSC,Christchurch Urban,2026-03,2026-03-01,2026-03-31,31,2025,63.63790218999999,6,63.64,Calculated reconciliation,63.63790218999999,63.64,6,NO_ISSUE,0.0,0.0,0.0,No material variance,PASS,626.538
ICP000214-202603,ICP000214,RET002,RES,Christchurch Urban,2026-03,2026-03-01,2026-03-31,31,2025,54.24851929,6,54.25,Calculated reconciliation,54.24851929,54.25,6,NO_ISSUE,0.0,0.0,0.0,No material variance,PASS,581.632
ICP000215-202603,ICP000215,RET004,RES,Central Canterbury Rural,2026-03,2026-03-01,2026-03-31,31,2025,61.6907712,6,61.69,Calculated reconciliation,61.6907712,61.69,6,NO_ISSUE,0.0,0.0,0.0,No material variance,PASS,634.084
ICP000216-202603,ICP000216,RET003,URES,Christchurch Urban,2026-03,2026-03-01,2026-03-31,31,2025,49.77764793,6,49.78,Calculated reconciliation,49.77764793,49.78,6,NO_ISSUE,0.0,0.0,0.0,No material variance,PASS,381.734
ICP000217-202603,ICP000217,RET001,RES,Central Canterbury Rural,2026-03,2026-03-01,2026-03-31,31,2025,62.94553311,6,62.95,Calculated reconciliation,62.94553311,62.95,6,NO_ISSUE,0.0,0.0,0.0,No material variance,PASS,554.061
ICP000218-202603,ICP000218,RET005,RES,Christchurch Urban,2026-03,2026-03-01,2026-03-31,31,2025,81.21587652999999,6,81.22,Calculated reconciliation,81.21587652999999,81.22,6,NO_ISSUE,0.0,0.0,0.0,No material variance,PASS,944.61
ICP000219-202603,ICP000219,RET005,RSC,Christchurch Urban,2026-03,2026-03-01,2026-03-31,31,2025,102.77514419,6,102.78,Calculated reconciliation,102.77514419,102.78,6,NO_ISSUE,0.0,0.0,0.0,No material variance,PASS,1087.018
ICP000220-202603,ICP000220,RET004,URES,Christchurch Urban,2026-03,2026-03-01,2026-03-31,31,2025,53.25563559,6,53.26,Calculated reconciliation,53.25563559,53.26,6,NO_ISSUE,0.0,0.0,0.0,No material variance,PASS,320.734
ICP000221-202603,ICP000221,RET001,RSC,Christchurch Urban,2026-03,2026-03-01,2026-03-31,31,2025,78.26655197999999,6,78.27,Calculated reconciliation,78.26655197999999,78.27,6,NO_ISSUE,0.0,0.0,0.0,No material variance,PASS,754.758
ICP000222-202603,ICP000222,RET002,RES,Selwyn,2026-03,2026-03-01,2026-03-31,31,2025,54.06461999,6,54.06,Calculated reconciliation,54.06461999,54.06,6,NO_ISSUE,0.0,0.0,0.0,No material variance,PASS,492.647
ICP000223-202603,ICP000223,RET001,RES,Christchurch Urban,2026-03,2026-03-01,2026-03-31,31,2025,42.456109479999995,6,42.46,Calculated reconciliation,42.456109479999995,42.46,6,NO_ISSUE,0.0,0.0,0.0,No material variance,PASS,414.543
ICP000224-202603,ICP000224,RET001,RSC,Christchurch Urban,2026-03,2026-03-01,2026-03-31,31,2025,89.06274248,6,89.06,Calculated reconciliation,89.06274248,89.06,6,NO_ISSUE,0.0,0.0,0.0,No material variance,PASS,952.25
ICP000225-202603,ICP000225,RET001,RES,Christchurch Urban,2026-03,2026-03-01,2026-03-31,31,2025,54.82964318,6,54.83,Calculated reconciliation,54.82964318,54.83,6,NO_ISSUE,0.0,0.0,0.0,No material variance,PASS,578.305
ICP000226-202603,ICP000226,RET001,RES,Christchurch Urban,2026-03,2026-03-01,2026-03-31,31,2025,55.20075058,6,55.2,Calculated reconciliation,55.20075058,55.2,6,NO_ISSUE,0.0,0.0,0.0,No material variance,PASS,483.819
ICP000227-202603,ICP000227,RET001,RSC,Christchurch Urban,2026-03,2026-03-01,2026-03-31,31,2025,63.612199739999994,6,63.61,Calculated reconciliation,63.612199739999994,63.61,6,NO_ISSUE,0.0,0.0,0.0,No material variance,PASS,658.118
ICP000228-202603,ICP000228,RET001,RES,Christchurch Urban,2026-03,2026-03-01,2026-03-31,31,2025,48.37581921,6,48.38,Calculated reconciliation,48.37581921,48.38,6,NO_ISSUE,0.0,0.0,0.0,No material variance,PASS,443.493
ICP000229-202603,ICP000229,RET002,URES,Christchurch Urban,2026-03,2026-03-01,2026-03-31,31,2025,45.77977016,6,45.78,Calculated reconciliation,45.77977016,45.78,6,NO_ISSUE,0.0,0.0,0.0,No material variance,PASS,421.001
ICP000230-202603,ICP000230,RET003,RES,Central Canterbury Rural,2026-03,2026-03-01,2026-03-31,31,2025,54.154684069999995,6,54.15,Calculated reconciliation,54.154684069999995,54.15,6,NO_ISSUE,0.0,0.0,0.0,No material variance,PASS,465.142
ICP000231-202603,ICP000231,RET004,RES,Christchurch Urban,2026-03,2026-03-01,2026-03-31,31,2025,47.2433359,6,47.24,Calculated reconciliation,47.2433359,47.24,6,NO_ISSUE,0.0,0.0,0.0,No material variance,PASS,387.609
ICP000232-202603,ICP000232,RET002,RES,Christchurch Urban,2026-03,2026-03-01,2026-03-31,31,2025,47.270857719999995,6,47.27,Calculated reconciliation,47.270857719999995,47.27,6,NO_ISSUE,0.0,0.0,0.0,No material variance,PASS,386.79
ICP000233-202603,ICP000233,RET002,RES,Central Canterbury Rural,2026-03,2026-03-01,2026-03-31,31,2025,58.02631524,6,58.03,Calculated reconciliation,58.02631524,58.03,6,NO_ISSUE,0.0,0.0,0.0,No material variance,PASS,877.921
ICP000234-202603,ICP000234,RET003,RSC,Selwyn,2026-03,2026-03-01,2026-03-31,31,2025,100.52187515,6,100.52,Calculated reconciliation,105.23747647,105.24,6,WRONG_PRICE_CATEGORY,4.715601320000005,4.72,4.72,Overbilled,REVIEW,968.912
ICP000235-202603,ICP000235,RET001,RES,Christchurch Urban,2026-03,2026-03-01,2026-03-31,31,2025,39.83789435,6,39.84,Calculated reconciliation,39.83789435,39.84,6,NO_ISSUE,0.0,0.0,0.0,No material variance,PASS,354.366
ICP000236-202603,ICP000236,RET001,RES,Selwyn,2026-03,2026-03-01,2026-03-31,31,2025,35.99199514,6,35.99,Calculated reconciliation,35.99199514,35.99,6,NO_ISSUE,0.0,0.0,0.0,No material variance,PASS,365.134
ICP000237-202603,ICP000237,RET001,URES,Christchurch Urban,2026-03,2026-03-01,2026-03-31,31,2025,63.96544217,6,63.97,Calculated reconciliation,63.96544217,63.97,6,NO_ISSUE,0.0,0.0,0.0,No material variance,PASS,489.009
ICP000238-202603,ICP000238,RET001,RES,Christchurch Urban,2026-03,2026-03-01,2026-03-31,31,2025,86.15347541,6,86.15,Calculated reconciliation,86.15347541,86.15,6,NO_ISSUE,0.0,0.0,0.0,No material variance,PASS,892.003
ICP000239-202603,ICP000239,RET003,RES,Christchurch Urban,2026-03,2026-03-01,2026-03-31,31,2025,68.07291036000001,6,68.07,Calculated reconciliation,68.07291036000001,68.07,6,NO_ISSUE,0.0,0.0,0.0,No material variance,PASS,610.446
ICP000240-202603,ICP000240,RET002,RES,Christchurch Urban,2026-03,2026-03-01,2026-03-31,31,2025,57.86475863,6,57.86,Calculated reconciliation,57.86475863,57.86,6,NO_ISSUE,0.0,0.0,0.0,No material variance,PASS,439.327
ICP000241-202603,ICP000241,RET001,RSC,Christchurch Urban,2026-03,2026-03-01,2026-03-31,31,2025,73.70446428,6,73.7,Calculated reconciliation,73.70446428,73.7,6,NO_ISSUE,0.0,0.0,0.0,No material variance,PASS,886.942
ICP000242-202603,ICP000242,RET002,RES,Christchurch Urban,2026-03,2026-03-01,2026-03-31,31,2025,83.84000964,6,83.84,Calculated reconciliation,83.84000964,83.84,6,NO_ISSUE,0.0,0.0,0.0,No material variance,PASS,833.524
ICP000243-202603,ICP000243,RET003,RSC,Christchurch Urban,2026-03,2026-03-01,2026-03-31,31,2025,68.20785538999999,6,68.21,Calculated reconciliation,68.20785538999999,68.21,6,NO_ISSUE,0.0,0.0,0.0,No material variance,PASS,547.807
ICP000244-202603,ICP000244,RET001,RES,Christchurch Urban,2026-03,2026-03-01,2026-03-31,31,2025,46.80638551999999,6,46.81,Calculated reconciliation,46.80638551999999,46.81,6,NO_ISSUE,0.0,0.0,0.0,No material variance,PASS,403.506
ICP000245-202603,ICP000245,RET004,RES,Christchurch Urban,2026-03,2026-03-01,2026-03-31,31,2025,45.15332325,6,45.15,Calculated reconciliation,45.15332325,45.15,6,NO_ISSUE,0.0,0.0,0.0,No material variance,PASS,406.496
ICP000246-202603,ICP000246,RET003,RES,Central Canterbury Rural,2026-03,2026-03-01,2026-03-31,31,2025,50.47576813,6,50.48,Calculated reconciliation,50.47576813,50.48,6,NO_ISSUE,0.0,0.0,0.0,No material variance,PASS,389.816
ICP000247-202603,ICP000247,RET003,RES,Christchurch Urban,2026-03,2026-03-01,2026-03-31,31,2025,60.394923639999995,6,60.39,Calculated reconciliation,60.394923639999995,60.39,6,NO_ISSUE,0.0,0.0,0.0,No material variance,PASS,573.393
ICP000248-202603,ICP000248,RET001,RSC,Christchurch Urban,2026-03,2026-03-01,2026-03-31,31,2025,71.59278681999999,6,71.59,Calculated reconciliation,71.59278681999999,71.59,6,NO_ISSUE,0.0,0.0,0.0,No material variance,PASS,666.718
ICP000249-202603,ICP000249,RET001,URES,Selwyn,2026-03,2026-03-01,2026-03-31,31,2025,80.58377242,6,80.58,Calculated reconciliation,80.58377242,80.58,6,NO_ISSUE,0.0,0.0,0.0,No material variance,PASS,693.135
ICP000250-202603,ICP000250,RET001,RES,Christchurch Urban,2026-03,2026-03-01,2026-03-31,31,2025,74.60936455999999,6,74.61,Calculated reconciliation,74.60936455999999,74.61,6,NO_ISSUE,0.0,0.0,0.0,No material variance,PASS,646.997
ICP000251-202603,ICP000251,RET004,RES,Christchurch Urban,2026-03,2026-03-01,2026-03-31,31,2025,64.2820426,6,64.28,Calculated reconciliation,64.2820426,64.28,6,NO_ISSUE,0.0,0.0,0.0,No material variance,PASS,442.843
ICP000252-202603,ICP000252,RET002,RSU,Christchurch Urban,2026-03,2026-03-01,2026-03-31,31,2025,67.42581499,6,67.43,Calculated reconciliation,67.42581499,67.43,6,NO_ISSUE,0.0,0.0,0.0,No material variance,PASS,451.398
ICP000253-202603,ICP000253,RET002,URES,Christchurch Urban,2026-03,2026-03-01,2026-03-31,31,2025,51.92407851,6,51.92,Calculated reconciliation,51.92407851,51.92,6,NO_ISSUE,0.0,0.0,0.0,No material variance,PASS,487.206
ICP000254-202603,ICP000254,RET002,RES,Selwyn,2026-03,2026-03-01,2026-03-31,31,2025,58.29589762,6,58.3,Calculated reconciliation,58.29589762,58.3,6,NO_ISSUE,0.0,0.0,0.0,No material variance,PASS,661.575
ICP000255-202603,ICP000255,RET003,URES,Christchurch Urban,2026-03,2026-03-01,2026-03-31,31,2025,66.78622517,6,66.79,Calculated reconciliation,66.78622517,66.79,6,NO_ISSUE,0.0,0.0,0.0,No material variance,PASS,493.378
ICP000256-202603,ICP000256,RET001,RES,Selwyn,2026-03,2026-03-01,2026-03-31,31,2025,47.08209666,6,47.08,Calculated reconciliation,47.08209666,47.08,6,NO_ISSUE,0.0,0.0,0.0,No material variance,PASS,352.815
ICP000257-202603,ICP000257,RET003,RSC,Selwyn,2026-03,2026-03-01,2026-03-31,31,2025,68.08086032,6,68.08,Calculated reconciliation,68.08086032,68.08,6,NO_ISSUE,0.0,0.0,0.0,No material variance,PASS,584.672
ICP000258-202603,ICP000258,RET001,RSC,Christchurch Urban,2026-03,2026-03-01,2026-03-31,31,2025,161.65390247,6,161.65,Calculated reconciliation,161.65390247,161.65,6,NO_ISSUE,0.0,0.0,0.0,No material variance,PASS,2014.507
ICP000259-202603,ICP000259,RET002,RSC,Christchurch Urban,2026-03,2026-03-01,2026-03-31,31,2025,75.79293278,6,75.79,Calculated reconciliation,75.79293278,75.79,6,NO_ISSUE,0.0,0.0,0.0,No material variance,PASS,711.533
ICP000260-202603,ICP000260,RET002,RES,Central Canterbury Rural,2026-03,2026-03-01,2026-03-31,31,2025,57.38394855999999,6,57.38,Calculated reconciliation,57.38394855999999,57.38,6,NO_ISSUE,0.0,0.0,0.0,No material variance,PASS,505.795
ICP000261-202603,ICP000261,RET004,RES,Central Canterbury Rural,2026-03,2026-03-01,2026-03-31,31,2025,65.72230092,6,65.72,Calculated reconciliation,65.72230092,65.72,6,NO_ISSUE,0.0,0.0,0.0,No material variance,PASS,662.923
ICP000262-202603,ICP000262,RET001,RES,Selwyn,2026-03,2026-03-01,2026-03-31,31,2025,51.87844069,6,51.88,Calculated reconciliation,51.87844069,51.88,6,NO_ISSUE,0.0,0.0,0.0,No material variance,PASS,524.877
ICP000263-202603,ICP000263,RET001,URES,Christchurch Urban,2026-03,2026-03-01,2026-03-31,31,2025,71.2675246,6,71.27,Calculated reconciliation,76.5175246,76.52,6,CALCULATION_ERROR,5.25,5.25,5.25,Overbilled,REVIEW,644.502
ICP000264-202603,ICP000264,RET001,RES,Central Canterbury Rural,2026-03,2026-03-01,2026-03-31,31,2025,52.58131736,6,52.58,Calculated reconciliation,52.58131736,52.58,6,NO_ISSUE,0.0,0.0,0.0,No material variance,PASS,448.219
ICP000265-202603,ICP000265,RET003,RES,Christchurch Urban,2026-03,2026-03-01,2026-03-31,31,2025,78.63126467,6,78.63,Calculated reconciliation,78.63126467,78.63,6,NO_ISSUE,0.0,0.0,0.0,No material variance,PASS,722.368
ICP000266-202603,ICP000266,RET003,RES,Christchurch Urban,2026-03,2026-03-01,2026-03-31,31,2025,64.11540891,6,64.12,Calculated reconciliation,64.11540891,64.12,6,NO_ISSUE,0.0,0.0,0.0,No material variance,PASS,681.3
ICP000267-202603,ICP000267,RET001,RES,Christchurch Urban,2026-03,2026-03-01,2026-03-31,31,2025,58.81907777,6,58.82,Calculated reconciliation,58.81907777,58.82,6,NO_ISSUE,0.0,0.0,0.0,No material variance,PASS,523.298
ICP000268-202603,ICP000268,RET001,RES,Christchurch Urban,2026-03,2026-03-01,2026-03-31,31,2025,59.88761442,6,59.89,Calculated reconciliation,59.88761442,59.89,6,NO_ISSUE,0.0,0.0,0.0,No material variance,PASS,564.248
ICP000269-202603,ICP000269,RET003,RSC,Selwyn,2026-03,2026-03-01,2026-03-31,31,2025,75.47974784,6,75.48,Calculated reconciliation,75.47974784,75.48,6,NO_ISSUE,0.0,0.0,0.0,No material variance,PASS,741.065
ICP000270-202603,ICP000270,RET002,RES,Christchurch Urban,2026-03,2026-03-01,2026-03-31,31,2025,87.25004908999999,6,87.25,Calculated reconciliation,87.25004908999999,87.25,6,NO_ISSUE,0.0,0.0,0.0,No material variance,PASS,732.341
ICP000271-202603,ICP000271,RET004,RES,Christchurch Urban,2026-03,2026-03-01,2026-03-31,31,2025,55.70455029,6,55.7,Calculated reconciliation,55.70455029,55.7,6,NO_ISSUE,0.0,0.0,0.0,No material variance,PASS,525.865
ICP000272-202603,ICP000272,RET005,RES,Christchurch Urban,2026-03,2026-03-01,2026-03-31,31,2025,50.74295628,6,50.74,Calculated reconciliation,50.74295628,50.74,6,NO_ISSUE,0.0,0.0,0.0,No material variance,PASS,440.568
ICP000273-202603,ICP000273,RET001,RSC,Christchurch Urban,2026-03,2026-03-01,2026-03-31,31,2025,72.06697098,6,72.07,Calculated reconciliation,72.06697098,72.07,6,NO_ISSUE,0.0,0.0,0.0,No material variance,PASS,720.325
ICP000274-202603,ICP000274,RET002,RSC,Christchurch Urban,2026-03,2026-03-01,2026-03-31,31,2025,78.58040496,6,78.58,Calculated reconciliation,78.58040496,78.58,6,NO_ISSUE,0.0,0.0,0.0,No material variance,PASS,792.691
ICP000275-202603,ICP000275,RET004,RSC,Christchurch Urban,2026-03,2026-03-01,2026-03-31,31,2025,75.68095147,6,75.68,Calculated reconciliation,75.68095147,75.68,6,NO_ISSUE,0.0,0.0,0.0,No material variance,PASS,604.878
ICP000276-202603,ICP000276,RET001,RES,Selwyn,2026-03,2026-03-01,2026-03-31,31,2025,60.51604207,6,60.52,Calculated reconciliation,60.51604207,60.52,6,NO_ISSUE,0.0,0.0,0.0,No material variance,PASS,781.569
ICP000277-202603,ICP000277,RET001,RES,Christchurch Urban,2026-03,2026-03-01,2026-03-31,31,2025,65.94939755,6,65.95,Calculated reconciliation,65.94939755,65.95,6,NO_ISSUE,0.0,0.0,0.0,No material variance,PASS,693.609
ICP000278-202603,ICP000278,RET001,RES,Christchurch Urban,2026-03,2026-03-01,2026-03-31,31,2025,54.410616270000006,6,54.41,Calculated reconciliation,54.410616270000006,54.41,6,NO_ISSUE,0.0,0.0,0.0,No material variance,PASS,481.041
ICP000279-202603,ICP000279,RET001,RSC,Central Canterbury Rural,2026-03,2026-03-01,2026-03-31,31,2025,55.59219114999999,6,55.59,Calculated reconciliation,55.59219114999999,55.59,6,NO_ISSUE,0.0,0.0,0.0,No material variance,PASS,548.557
ICP000280-202603,ICP000280,RET002,RSC,Selwyn,2026-03,2026-03-01,2026-03-31,31,2025,72.08716939,6,72.09,Calculated reconciliation,72.08716939,72.09,6,NO_ISSUE,0.0,0.0,0.0,No material variance,PASS,751.469
ICP000281-202603,ICP000281,RET001,RES,Selwyn,2026-03,2026-03-01,2026-03-31,31,2025,70.45612460999999,6,70.46,Calculated reconciliation,70.45612460999999,70.46,6,NO_ISSUE,0.0,0.0,0.0,No material variance,PASS,685.391
ICP000282-202603,ICP000282,RET001,RES,Christchurch Urban,2026-03,2026-03-01,2026-03-31,31,2025,68.35863941,6,68.36,Calculated reconciliation,68.35863941,68.36,6,NO_ISSUE,0.0,0.0,0.0,No material variance,PASS,803.818
ICP000283-202603,ICP000283,RET004,RES,Christchurch Urban,2026-03,2026-03-01,2026-03-31,31,2025,69.51960346999999,6,69.52,Calculated reconciliation,69.51960346999999,69.52,6,NO_ISSUE,0.0,0.0,0.0,No material variance,PASS,646.923
ICP000284-202603,ICP000284,RET002,URES,Christchurch Urban,2026-03,2026-03-01,2026-03-31,31,2025,48.74602748,6,48.75,Calculated reconciliation,48.74602748,48.75,6,NO_ISSUE,0.0,0.0,0.0,No material variance,PASS,320.92
ICP000285-202603,ICP000285,RET001,RES,Christchurch Urban,2026-03,2026-03-01,2026-03-31,31,2025,61.26580348,6,61.27,Calculated reconciliation,61.26580348,61.27,6,NO_ISSUE,0.0,0.0,0.0,No material variance,PASS,534.086
ICP000286-202603,ICP000286,RET001,RES,Christchurch Urban,2026-03,2026-03-01,2026-03-31,31,2025,46.55047282,6,46.55,Calculated reconciliation,46.55047282,46.55,6,NO_ISSUE,0.0,0.0,0.0,No material variance,PASS,518.157
ICP000287-202603,ICP000287,RET005,RSC,Christchurch Urban,2026-03,2026-03-01,2026-03-31,31,2025,70.40606638999999,6,70.41,Calculated reconciliation,70.40606638999999,70.41,6,NO_ISSUE,0.0,0.0,0.0,No material variance,PASS,749.926
ICP000288-202603,ICP000288,RET002,RSU,Christchurch Urban,2026-03,2026-03-01,2026-03-31,31,2025,102.96104655,6,102.96,Calculated reconciliation,102.96104655,102.96,6,NO_ISSUE,0.0,0.0,0.0,No material variance,PASS,979.891
ICP000289-202603,ICP000289,RET001,RES,Christchurch Urban,2026-03,2026-03-01,2026-03-31,31,2025,39.55357508,6,39.55,Calculated reconciliation,39.55357508,39.55,6,NO_ISSUE,0.0,0.0,0.0,No material variance,PASS,380.827
ICP000290-202603,ICP000290,RET001,RES,Christchurch Urban,2026-03,2026-03-01,2026-03-31,31,2025,84.82433455,6,84.82,Calculated reconciliation,84.82433455,84.82,6,NO_ISSUE,0.0,0.0,0.0,No material variance,PASS,756.964
ICP000291-202603,ICP000291,RET003,RES,Christchurch Urban,2026-03,2026-03-01,2026-03-31,31,2025,49.031810879999995,6,49.03,Calculated reconciliation,49.031810879999995,49.03,6,NO_ISSUE,0.0,0.0,0.0,No material variance,PASS,410.714
ICP000292-202603,ICP000292,RET001,RES,Christchurch Urban,2026-03,2026-03-01,2026-03-31,31,2025,58.71264274999999,6,58.71,Calculated reconciliation,58.71264274999999,58.71,6,NO_ISSUE,0.0,0.0,0.0,No material variance,PASS,727.567
ICP000293-202603,ICP000293,RET002,RSC,Christchurch Urban,2026-03,2026-03-01,2026-03-31,31,2025,68.90648755999999,6,68.91,Calculated reconciliation,68.90648755999999,68.91,6,NO_ISSUE,0.0,0.0,0.0,No material variance,PASS,763.908
ICP000294-202603,ICP000294,RET002,RES,Christchurch Urban,2026-03,2026-03-01,2026-03-31,31,2025,49.930603649999995,6,49.93,Calculated reconciliation,49.930603649999995,49.93,6,NO_ISSUE,0.0,0.0,0.0,No material variance,PASS,524.228
ICP000295-202603,ICP000295,RET001,RES,Christchurch Urban,2026-03,2026-03-01,2026-03-31,31,2025,48.70803587,6,48.71,Calculated reconciliation,48.70803587,48.71,6,NO_ISSUE,0.0,0.0,0.0,No material variance,PASS,417.457
ICP000296-202603,ICP000296,RET002,RES,Christchurch Urban,2026-03,2026-03-01,2026-03-31,31,2025,48.39038873,6,48.39,Calculated reconciliation,48.39038873,48.39,6,NO_ISSUE,0.0,0.0,0.0,No material variance,PASS,471.422
ICP000297-202603,ICP000297,RET001,RES,Christchurch Urban,2026-03,2026-03-01,2026-03-31,31,2025,101.0075516,6,101.01,Calculated reconciliation,101.0075516,101.01,6,NO_ISSUE,0.0,0.0,0.0,No material variance,PASS,1049.024
ICP000298-202603,ICP000298,RET003,URES,Christchurch Urban,2026-03,2026-03-01,2026-03-31,31,2025,55.18160009,6,55.18,Calculated reconciliation,55.18160009,55.18,6,NO_ISSUE,0.0,0.0,0.0,No material variance,PASS,421.598
ICP000299-202603,ICP000299,RET002,RES,Central Canterbury Rural,2026-03,2026-03-01,2026-03-31,31,2025,46.44267257,6,46.44,Calculated reconciliation,46.44267257,46.44,6,NO_ISSUE,0.0,0.0,0.0,No material variance,PASS,517.79
ICP000300-202603,ICP000300,RET005,RES,Selwyn,2026-03,2026-03-01,2026-03-31,31,2025,64.07885303,6,64.08,Calculated reconciliation,64.07885303,64.08,6,NO_ISSUE,0.0,0.0,0.0,No material variance,PASS,500.398
ICP000301-202603,ICP000301,RET001,URES,Christchurch Urban,2026-03,2026-03-01,2026-03-31,31,2025,71.55431574999999,6,71.55,Calculated reconciliation,71.55431574999999,71.55,6,NO_ISSUE,0.0,0.0,0.0,No material variance,PASS,483.899
ICP000302-202603,ICP000302,RET003,RES,Christchurch Urban,2026-03,2026-03-01,2026-03-31,31,2025,41.84198829,6,41.84,Calculated reconciliation,41.84198829,41.84,6,NO_ISSUE,0.0,0.0,0.0,No material variance,PASS,260.944
ICP000303-202603,ICP000303,RET005,RES,Selwyn,2026-03,2026-03-01,2026-03-31,31,2025,65.93984445,6,65.94,Calculated reconciliation,71.18984445,71.19,6,CALCULATION_ERROR,5.25,5.25,5.25,Overbilled,REVIEW,667.855
ICP000304-202603,ICP000304,RET001,RSC,Christchurch Urban,2026-03,2026-03-01,2026-03-31,31,2025,62.25960452,6,62.26,Calculated reconciliation,62.25960452,62.26,6,NO_ISSUE,0.0,0.0,0.0,No material variance,PASS,531.692
ICP000305-202603,ICP000305,RET002,RSC,Christchurch Urban,2026-03,2026-03-01,2026-03-31,31,2025,66.55632578,6,66.56,Calculated reconciliation,66.55632578,66.56,6,NO_ISSUE,0.0,0.0,0.0,No material variance,PASS,738.854
ICP000306-202603,ICP000306,RET004,RES,Christchurch Urban,2026-03,2026-03-01,2026-03-31,31,2025,56.67165486,6,56.67,Calculated reconciliation,56.67165486,56.67,6,NO_ISSUE,0.0,0.0,0.0,No material variance,PASS,505.16
ICP000307-202603,ICP000307,RET002,RES,Christchurch Urban,2026-03,2026-03-01,2026-03-31,31,2025,43.8259323,6,43.83,Calculated reconciliation,43.8259323,43.83,6,NO_ISSUE,0.0,0.0,0.0,No material variance,PASS,416.491
ICP000308-202603,ICP000308,RET003,RES,Christchurch Urban,2026-03,2026-03-01,2026-03-31,31,2025,73.55809135,6,73.56,Calculated reconciliation,73.55809135,73.56,6,NO_ISSUE,0.0,0.0,0.0,No material variance,PASS,739.511
ICP000309-202603,ICP000309,RET002,RES,Christchurch Urban,2026-03,2026-03-01,2026-03-31,31,2025,49.62855698,6,49.63,Calculated reconciliation,49.62855698,49.63,6,NO_ISSUE,0.0,0.0,0.0,No material variance,PASS,560.211
ICP000310-202603,ICP000310,RET001,RES,Christchurch Urban,2026-03,2026-03-01,2026-03-31,31,2025,50.17821654,6,50.18,Calculated reconciliation,50.17821654,50.18,6,NO_ISSUE,0.0,0.0,0.0,No material variance,PASS,425.191
ICP000311-202603,ICP000311,RET005,URES,Selwyn,2026-03,2026-03-01,2026-03-31,31,2025,105.29714131,6,105.3,Calculated reconciliation,105.29714131,105.3,6,NO_ISSUE,0.0,0.0,0.0,No material variance,PASS,1052.051
ICP000312-202603,ICP000312,RET001,RES,Central Canterbury Rural,2026-03,2026-03-01,2026-03-31,31,2025,48.81534539,6,48.82,Calculated reconciliation,48.81534539,48.82,6,NO_ISSUE,0.0,0.0,0.0,No material variance,PASS,408.075
ICP000313-202603,ICP000313,RET004,RES,Central Canterbury Rural,2026-03,2026-03-01,2026-03-31,31,2025,52.80306767,6,52.8,Calculated reconciliation,52.80306767,52.8,6,NO_ISSUE,0.0,0.0,0.0,No material variance,PASS,487.724
ICP000314-202603,ICP000314,RET001,RSC,Christchurch Urban,2026-03,2026-03-01,2026-03-31,31,2025,59.52709958999999,6,59.53,Calculated reconciliation,59.52709958999999,59.53,6,NO_ISSUE,0.0,0.0,0.0,No material variance,PASS,632.302
ICP000315-202603,ICP000315,RET002,RES,Christchurch Urban,2026-03,2026-03-01,2026-03-31,31,2025,83.19790203,6,83.2,Calculated reconciliation,83.19790203,83.2,6,NO_ISSUE,0.0,0.0,0.0,No material variance,PASS,1028.271
ICP000316-202603,ICP000316,RET005,RES,Central Canterbury Rural,2026-03,2026-03-01,2026-03-31,31,2025,49.33834371,6,49.34,Calculated reconciliation,49.33834371,49.34,6,NO_ISSUE,0.0,0.0,0.0,No material variance,PASS,421.033
ICP000317-202603,ICP000317,RET003,RES,Christchurch Urban,2026-03,2026-03-01,2026-03-31,31,2025,62.5432615,6,62.54,Calculated reconciliation,62.5432615,62.54,6,NO_ISSUE,0.0,0.0,0.0,No material variance,PASS,609.994
ICP000318-202603,ICP000318,RET004,RSU,Christchurch Urban,2026-03,2026-03-01,2026-03-31,31,2025,75.16880532,6,75.17,Calculated reconciliation,75.16880532,75.17,6,NO_ISSUE,0.0,0.0,0.0,No material variance,PASS,673.362
ICP000319-202603,ICP000319,RET001,RSC,Christchurch Urban,2026-03,2026-03-01,2026-03-31,31,2025,60.12184967,6,60.12,Calculated reconciliation,60.12184967,60.12,6,NO_ISSUE,0.0,0.0,0.0,No material variance,PASS,504.607
ICP000320-202603,ICP000320,RET004,RES,Christchurch Urban,2026-03,2026-03-01,2026-03-31,31,2025,50.89456266,6,50.89,Calculated reconciliation,50.89456266,50.89,6,NO_ISSUE,0.0,0.0,0.0,No material variance,PASS,349.313
ICP000321-202603,ICP000321,RET001,RES,Christchurch Urban,2026-03,2026-03-01,2026-03-31,31,2025,64.65571814,6,64.66,Calculated reconciliation,64.65571814,64.66,6,NO_ISSUE,0.0,0.0,0.0,No material variance,PASS,802.146
ICP000322-202603,ICP000322,RET002,RES,Christchurch Urban,2026-03,2026-03-01,2026-03-31,31,2025,75.52571642,6,75.53,Calculated reconciliation,75.52571642,75.53,6,NO_ISSUE,0.0,0.0,0.0,No material variance,PASS,701.743
ICP000323-202603,ICP000323,RET002,URES,Central Canterbury Rural,2026-03,2026-03-01,2026-03-31,31,2025,56.89616539,6,56.9,Calculated reconciliation,56.89616539,56.9,6,NO_ISSUE,0.0,0.0,0.0,No material variance,PASS,452.411
ICP000324-202603,ICP000324,RET002,RSC,Selwyn,2026-03,2026-03-01,2026-03-31,31,2025,90.44172315,6,90.44,Calculated reconciliation,90.44172315,90.44,6,NO_ISSUE,0.0,0.0,0.0,No material variance,PASS,1275.718
ICP000325-202603,ICP000325,RET004,RES,Christchurch Urban,2026-03,2026-03-01,2026-03-31,31,2025,70.34144483,6,70.34,Calculated reconciliation,70.34144483,70.34,6,NO_ISSUE,0.0,0.0,0.0,No material variance,PASS,668.441
ICP000326-202603,ICP000326,RET002,RES,Christchurch Urban,2026-03,2026-03-01,2026-03-31,31,2025,48.09410456,6,48.09,Calculated reconciliation,54.91442137999999,54.91,6,WRONG_PRICE_CATEGORY,6.820316819999995,6.82,6.82,Overbilled,REVIEW,444.422
ICP000327-202603,ICP000327,RET001,RES,Christchurch Urban,2026-03,2026-03-01,2026-03-31,31,2025,59.63827267,6,59.64,Calculated reconciliation,59.63827267,59.64,6,NO_ISSUE,0.0,0.0,0.0,No material variance,PASS,516.257
ICP000328-202603,ICP000328,RET001,RES,Christchurch Urban,2026-03,2026-03-01,2026-03-31,31,2025,61.61856787999999,6,61.62,Calculated reconciliation,61.61856787999999,61.62,6,NO_ISSUE,0.0,0.0,0.0,No material variance,PASS,528.488
ICP000329-202603,ICP000329,RET001,RES,Selwyn,2026-03,2026-03-01,2026-03-31,31,2025,45.423946519999994,6,45.42,Calculated reconciliation,45.423946519999994,45.42,6,NO_ISSUE,0.0,0.0,0.0,No material variance,PASS,466.813
ICP000330-202603,ICP000330,RET001,RSC,Christchurch Urban,2026-03,2026-03-01,2026-03-31,31,2025,67.13399258999999,6,67.13,Calculated reconciliation,67.13399258999999,67.13,6,NO_ISSUE,0.0,0.0,0.0,No material variance,PASS,622.86
ICP000331-202603,ICP000331,RET001,RES,Christchurch Urban,2026-03,2026-03-01,2026-03-31,31,2025,76.86165197000001,6,76.86,Calculated reconciliation,76.86165197000001,76.86,6,NO_ISSUE,0.0,0.0,0.0,No material variance,PASS,621.304
ICP000332-202603,ICP000332,RET002,RES,Christchurch Urban,2026-03,2026-03-01,2026-03-31,31,2025,47.47120131,6,47.47,Calculated reconciliation,47.47120131,47.47,6,NO_ISSUE,0.0,0.0,0.0,No material variance,PASS,381.271
ICP000333-202603,ICP000333,RET001,RES,Christchurch Urban,2026-03,2026-03-01,2026-03-31,31,2025,63.59791892,6,63.6,Calculated reconciliation,63.59791892,63.6,6,NO_ISSUE,0.0,0.0,0.0,No material variance,PASS,505.019
ICP000334-202603,ICP000334,RET001,RES,Christchurch Urban,2026-03,2026-03-01,2026-03-31,31,2025,73.92907962,6,73.93,Calculated reconciliation,73.92907962,73.93,6,NO_ISSUE,0.0,0.0,0.0,No material variance,PASS,587.237
ICP000335-202603,ICP000335,RET001,RES,Christchurch Urban,2026-03,2026-03-01,2026-03-31,31,2025,101.26568138,6,101.27,Calculated reconciliation,101.26568138,101.27,6,NO_ISSUE,0.0,0.0,0.0,No material variance,PASS,1131.793
ICP000336-202603,ICP000336,RET003,RSC,Christchurch Urban,2026-03,2026-03-01,2026-03-31,31,2025,74.44647199999999,6,74.45,Calculated reconciliation,74.44647199999999,74.45,6,NO_ISSUE,0.0,0.0,0.0,No material variance,PASS,721.601
ICP000337-202603,ICP000337,RET001,RSU,Christchurch Urban,2026-03,2026-03-01,2026-03-31,31,2025,67.78401625000001,6,67.78,Calculated reconciliation,67.78401625000001,67.78,6,NO_ISSUE,0.0,0.0,0.0,No material variance,PASS,457.158
ICP000338-202603,ICP000338,RET002,RES,Central Canterbury Rural,2026-03,2026-03-01,2026-03-31,31,2025,59.58150594999999,6,59.58,Calculated reconciliation,59.58150594999999,59.58,6,NO_ISSUE,0.0,0.0,0.0,No material variance,PASS,609.85
ICP000339-202603,ICP000339,RET002,RES,Christchurch Urban,2026-03,2026-03-01,2026-03-31,31,2025,69.08661348999999,6,69.09,Calculated reconciliation,69.08661348999999,69.09,6,NO_ISSUE,0.0,0.0,0.0,No material variance,PASS,581.756
ICP000340-202603,ICP000340,RET003,RES,Christchurch Urban,2026-03,2026-03-01,2026-03-31,31,2025,63.48432532,6,63.48,Calculated reconciliation,63.48432532,63.48,6,NO_ISSUE,0.0,0.0,0.0,No material variance,PASS,647.739
ICP000341-202603,ICP000341,RET005,RSC,Central Canterbury Rural,2026-03,2026-03-01,2026-03-31,31,2025,71.09235004,6,71.09,Calculated reconciliation,71.09235004,71.09,6,NO_ISSUE,0.0,0.0,0.0,No material variance,PASS,871.745
ICP000342-202603,ICP000342,RET003,URES,Christchurch Urban,2026-03,2026-03-01,2026-03-31,31,2025,55.37728975,6,55.38,Calculated reconciliation,55.37728975,55.38,6,NO_ISSUE,0.0,0.0,0.0,No material variance,PASS,523.047
ICP000343-202603,ICP000343,RET004,RES,Christchurch Urban,2026-03,2026-03-01,2026-03-31,31,2025,80.7061845,6,80.71,Calculated reconciliation,80.7061845,80.71,6,NO_ISSUE,0.0,0.0,0.0,No material variance,PASS,746.108
ICP000344-202603,ICP000344,RET003,RES,Selwyn,2026-03,2026-03-01,2026-03-31,31,2025,78.18709733,6,78.19,Calculated reconciliation,78.18709733,78.19,6,NO_ISSUE,0.0,0.0,0.0,No material variance,PASS,767.539
ICP000345-202603,ICP000345,RET004,RES,Christchurch Urban,2026-03,2026-03-01,2026-03-31,31,2025,44.26513342,6,44.27,Calculated reconciliation,44.26513342,44.27,6,NO_ISSUE,0.0,0.0,0.0,No material variance,PASS,418.657
ICP000346-202603,ICP000346,RET001,RES,Christchurch Urban,2026-03,2026-03-01,2026-03-31,31,2025,44.169604539999995,6,44.17,Calculated reconciliation,44.169604539999995,44.17,6,NO_ISSUE,0.0,0.0,0.0,No material variance,PASS,515.328
ICP000347-202603,ICP000347,RET004,RSC,Christchurch Urban,2026-03,2026-03-01,2026-03-31,31,2025,80.50248561,6,80.5,Calculated reconciliation,80.50248561,80.5,6,NO_ISSUE,0.0,0.0,0.0,No material variance,PASS,942.262
ICP000348-202603,ICP000348,RET002,RES,Christchurch Urban,2026-03,2026-03-01,2026-03-31,31,2025,78.71892547,6,78.72,Calculated reconciliation,78.71892547,78.72,6,NO_ISSUE,0.0,0.0,0.0,No material variance,PASS,821.199
ICP000349-202603,ICP000349,RET002,RSC,Christchurch Urban,2026-03,2026-03-01,2026-03-31,31,2025,60.32741966999999,6,60.33,Calculated reconciliation,60.32741966999999,60.33,6,NO_ISSUE,0.0,0.0,0.0,No material variance,PASS,831.145
ICP000350-202603,ICP000350,RET003,URES,Selwyn,2026-03,2026-03-01,2026-03-31,31,2025,65.51936354,6,65.52,Calculated reconciliation,65.51936354,65.52,6,NO_ISSUE,0.0,0.0,0.0,No material variance,PASS,468.989
ICP000351-202603,ICP000351,RET001,RES,Christchurch Urban,2026-03,2026-03-01,2026-03-31,31,2025,48.88406153,6,48.88,Calculated reconciliation,48.88406153,48.88,6,NO_ISSUE,0.0,0.0,0.0,No material variance,PASS,432.175
ICP000352-202603,ICP000352,RET003,RES,Christchurch Urban,2026-03,2026-03-01,2026-03-31,31,2025,61.52741338999999,6,61.53,Calculated reconciliation,61.52741338999999,61.53,6,NO_ISSUE,0.0,0.0,0.0,No material variance,PASS,593.798
ICP000353-202603,ICP000353,RET001,URES,Christchurch Urban,2026-03,2026-03-01,2026-03-31,31,2025,69.37360486,6,69.37,Calculated reconciliation,69.37360486,69.37,6,NO_ISSUE,0.0,0.0,0.0,No material variance,PASS,540.489
ICP000354-202603,ICP000354,RET001,RSC,Christchurch Urban,2026-03,2026-03-01,2026-03-31,31,2025,61.953769359999995,6,61.95,Calculated reconciliation,61.953769359999995,61.95,6,NO_ISSUE,0.0,0.0,0.0,No material variance,PASS,627.277
ICP000355-202603,ICP000355,RET001,RES,Christchurch Urban,2026-03,2026-03-01,2026-03-31,31,2025,56.09398409999999,6,56.09,Calculated reconciliation,56.09398409999999,56.09,6,NO_ISSUE,0.0,0.0,0.0,No material variance,PASS,476.899
ICP000356-202603,ICP000356,RET002,RSC,Christchurch Urban,2026-03,2026-03-01,2026-03-31,31,2025,83.29573872,6,83.3,Calculated reconciliation,83.29573872,83.3,6,NO_ISSUE,0.0,0.0,0.0,No material variance,PASS,764.767
ICP000357-202603,ICP000357,RET003,URES,Central Canterbury Rural,2026-03,2026-03-01,2026-03-31,31,2025,55.88971558,6,55.89,Calculated reconciliation,55.88971558,55.89,6,NO_ISSUE,0.0,0.0,0.0,No material variance,PASS,394.608
ICP000358-202603,ICP000358,RET001,RES,Christchurch Urban,2026-03,2026-03-01,2026-03-31,31,2025,50.33982871,6,50.34,Calculated reconciliation,50.33982871,50.34,6,NO_ISSUE,0.0,0.0,0.0,No material variance,PASS,503.427
ICP000359-202603,ICP000359,RET004,RES,Christchurch Urban,2026-03,2026-03-01,2026-03-31,31,2025,59.3891469,6,59.39,Calculated reconciliation,59.3891469,59.39,6,NO_ISSUE,0.0,0.0,0.0,No material variance,PASS,611.164
ICP000360-202603,ICP000360,RET002,RES,Christchurch Urban,2026-03,2026-03-01,2026-03-31,31,2025,68.06636007,6,68.07,Calculated reconciliation,68.06636007,68.07,6,NO_ISSUE,0.0,0.0,0.0,No material variance,PASS,753.233
ICP000361-202603,ICP000361,RET004,URES,Christchurch Urban,2026-03,2026-03-01,2026-03-31,31,2025,56.8813218,6,56.88,Calculated reconciliation,56.8813218,56.88,6,NO_ISSUE,0.0,0.0,0.0,No material variance,PASS,425.717
ICP000362-202603,ICP000362,RET003,RSC,Christchurch Urban,2026-03,2026-03-01,2026-03-31,31,2025,85.59289883999999,6,85.59,Calculated reconciliation,85.59289883999999,85.59,6,NO_ISSUE,0.0,0.0,0.0,No material variance,PASS,755.449
ICP000363-202603,ICP000363,RET004,RES,Christchurch Urban,2026-03,2026-03-01,2026-03-31,31,2025,50.21366577,6,50.21,Calculated reconciliation,70.35294854,70.35,7,DUPLICATE_CONSUMPTION,20.13928277,20.14,20.14,Overbilled,REVIEW,385.571
ICP000364-202603,ICP000364,RET005,RES,Christchurch Urban,2026-03,2026-03-01,2026-03-31,31,2025,65.08011728,6,65.08,Calculated reconciliation,65.08011728,65.08,6,NO_ISSUE,0.0,0.0,0.0,No material variance,PASS,838.111
ICP000365-202603,ICP000365,RET002,RES,Christchurch Urban,2026-03,2026-03-01,2026-03-31,31,2025,40.69818548,6,40.7,Calculated reconciliation,40.69818548,40.7,6,NO_ISSUE,0.0,0.0,0.0,No material variance,PASS,343.569
ICP000366-202603,ICP000366,RET001,RES,Selwyn,2026-03,2026-03-01,2026-03-31,31,2025,71.13673162,6,71.14,Calculated reconciliation,71.13673162,71.14,6,NO_ISSUE,0.0,0.0,0.0,No material variance,PASS,671.035
ICP000367-202603,ICP000367,RET001,RES,Christchurch Urban,2026-03,2026-03-01,2026-03-31,31,2025,73.50710439,6,73.51,Calculated reconciliation,73.50710439,73.51,6,NO_ISSUE,0.0,0.0,0.0,No material variance,PASS,675.591
ICP000368-202603,ICP000368,RET002,RES,Christchurch Urban,2026-03,2026-03-01,2026-03-31,31,2025,47.40315697,6,47.4,Calculated reconciliation,47.40315697,47.4,6,NO_ISSUE,0.0,0.0,0.0,No material variance,PASS,414.71
ICP000369-202603,ICP000369,RET004,RES,Christchurch Urban,2026-03,2026-03-01,2026-03-31,31,2025,80.78610911,6,80.79,Calculated reconciliation,80.78610911,80.79,6,NO_ISSUE,0.0,0.0,0.0,No material variance,PASS,737.253
ICP000370-202603,ICP000370,RET001,RSC,Christchurch Urban,2026-03,2026-03-01,2026-03-31,31,2025,53.947476519999995,6,53.95,Calculated reconciliation,53.947476519999995,53.95,6,NO_ISSUE,0.0,0.0,0.0,No material variance,PASS,512.905
ICP000371-202603,ICP000371,RET001,RES,Christchurch Urban,2026-03,2026-03-01,2026-03-31,31,2025,48.44627711,6,48.45,Calculated reconciliation,48.44627711,48.45,6,NO_ISSUE,0.0,0.0,0.0,No material variance,PASS,441.515
ICP000372-202603,ICP000372,RET004,RES,Christchurch Urban,2026-03,2026-03-01,2026-03-31,31,2025,47.01399306,6,47.01,Calculated reconciliation,47.01399306,47.01,6,NO_ISSUE,0.0,0.0,0.0,No material variance,PASS,382.649
ICP000373-202603,ICP000373,RET001,RES,Christchurch Urban,2026-03,2026-03-01,2026-03-31,31,2025,51.81963245,6,51.82,Calculated reconciliation,51.81963245,51.82,6,NO_ISSUE,0.0,0.0,0.0,No material variance,PASS,568.615
ICP000374-202603,ICP000374,RET004,RES,Central Canterbury Rural,2026-03,2026-03-01,2026-03-31,31,2025,41.003219269999995,6,41.0,Calculated reconciliation,41.003219269999995,41.0,6,NO_ISSUE,0.0,0.0,0.0,No material variance,PASS,248.155
ICP000375-202603,ICP000375,RET002,RES,Christchurch Urban,2026-03,2026-03-01,2026-03-31,31,2025,63.39353057,6,63.39,Calculated reconciliation,63.39353057,63.39,6,NO_ISSUE,0.0,0.0,0.0,No material variance,PASS,556.489
ICP000376-202603,ICP000376,RET002,RES,Selwyn,2026-03,2026-03-01,2026-03-31,31,2025,46.328404039999995,6,46.33,Calculated reconciliation,46.328404039999995,46.33,6,NO_ISSUE,0.0,0.0,0.0,No material variance,PASS,409.782
ICP000377-202603,ICP000377,RET004,RES,Selwyn,2026-03,2026-03-01,2026-03-31,31,2025,49.92109119,6,49.92,Calculated reconciliation,49.92109119,49.92,6,NO_ISSUE,0.0,0.0,0.0,No material variance,PASS,506.905
ICP000378-202603,ICP000378,RET003,URES,Christchurch Urban,2026-03,2026-03-01,2026-03-31,31,2025,47.20901198,6,47.21,Calculated reconciliation,47.20901198,47.21,6,NO_ISSUE,0.0,0.0,0.0,No material variance,PASS,387.016
ICP000379-202603,ICP000379,RET003,RES,Christchurch Urban,2026-03,2026-03-01,2026-03-31,31,2025,88.37483474999999,6,88.37,Calculated reconciliation,88.37483474999999,88.37,6,NO_ISSUE,0.0,0.0,0.0,No material variance,PASS,817.331
ICP000380-202603,ICP000380,RET004,RES,Christchurch Urban,2026-03,2026-03-01,2026-03-31,31,2025,73.54639492,6,73.55,Calculated reconciliation,73.54639492,73.55,6,NO_ISSUE,0.0,0.0,0.0,No material variance,PASS,681.472
ICP000381-202603,ICP000381,RET001,RES,Christchurch Urban,2026-03,2026-03-01,2026-03-31,31,2025,55.07524522,6,55.08,Calculated reconciliation,55.07524522,55.08,6,NO_ISSUE,0.0,0.0,0.0,No material variance,PASS,511.586
ICP000382-202603,ICP000382,RET002,RSU,Christchurch Urban,2026-03,2026-03-01,2026-03-31,31,2025,57.66609022,6,57.67,Calculated reconciliation,57.66609022,57.67,6,NO_ISSUE,0.0,0.0,0.0,No material variance,PASS,520.774
ICP000383-202603,ICP000383,RET004,RES,Selwyn,2026-03,2026-03-01,2026-03-31,31,2025,55.63675227,6,55.64,Calculated reconciliation,55.63675227,55.64,6,NO_ISSUE,0.0,0.0,0.0,No material variance,PASS,570.575
ICP000384-202603,ICP000384,RET001,RES,Christchurch Urban,2026-03,2026-03-01,2026-03-31,31,2025,49.73255751,6,49.73,Calculated reconciliation,49.73255751,49.73,6,NO_ISSUE,0.0,0.0,0.0,No material variance,PASS,651.916
ICP000385-202603,ICP000385,RET003,RSC,Christchurch Urban,2026-03,2026-03-01,2026-03-31,31,2025,75.73787782,6,75.74,Calculated reconciliation,75.73787782,75.74,6,NO_ISSUE,0.0,0.0,0.0,No material variance,PASS,647.323
ICP000386-202603,ICP000386,RET002,RES,Christchurch Urban,2026-03,2026-03-01,2026-03-31,31,2025,53.59825918999999,6,53.6,Calculated reconciliation,53.59825918999999,53.6,6,NO_ISSUE,0.0,0.0,0.0,No material variance,PASS,542.452
ICP000387-202603,ICP000387,RET004,URES,Christchurch Urban,2026-03,2026-03-01,2026-03-31,31,2025,67.49526684,6,67.5,Calculated reconciliation,67.49526684,67.5,6,NO_ISSUE,0.0,0.0,0.0,No material variance,PASS,703.672
ICP000388-202603,ICP000388,RET003,RSC,Christchurch Urban,2026-03,2026-03-01,2026-03-31,31,2025,61.86628697,6,61.87,Calculated reconciliation,61.86628697,61.87,6,NO_ISSUE,0.0,0.0,0.0,No material variance,PASS,501.212
ICP000389-202603,ICP000389,RET001,RES,Christchurch Urban,2026-03,2026-03-01,2026-03-31,31,2025,78.51806002000001,6,78.52,Calculated reconciliation,78.51806002000001,78.52,6,NO_ISSUE,0.0,0.0,0.0,No material variance,PASS,752.005
ICP000390-202603,ICP000390,RET004,RES,Christchurch Urban,2026-03,2026-03-01,2026-03-31,31,2025,44.74058047,6,44.74,Calculated reconciliation,44.74058047,44.74,6,NO_ISSUE,0.0,0.0,0.0,No material variance,PASS,428.72
ICP000391-202603,ICP000391,RET002,RES,Christchurch Urban,2026-03,2026-03-01,2026-03-31,31,2025,47.1584148,6,47.16,Calculated reconciliation,47.1584148,47.16,6,NO_ISSUE,0.0,0.0,0.0,No material variance,PASS,525.347
ICP000392-202603,ICP000392,RET002,RSU,Christchurch Urban,2026-03,2026-03-01,2026-03-31,31,2025,97.86019511,6,97.86,Calculated reconciliation,97.86019511,97.86,6,NO_ISSUE,0.0,0.0,0.0,No material variance,PASS,861.759
ICP000393-202603,ICP000393,RET002,RES,Christchurch Urban,2026-03,2026-03-01,2026-03-31,31,2025,44.92914611,6,44.93,Calculated reconciliation,44.92914611,44.93,6,NO_ISSUE,0.0,0.0,0.0,No material variance,PASS,364.709
ICP000394-202603,ICP000394,RET001,URES,Christchurch Urban,2026-03,2026-03-01,2026-03-31,31,2025,57.02731794,6,57.03,Calculated reconciliation,57.02731794,57.03,6,NO_ISSUE,0.0,0.0,0.0,No material variance,PASS,539.094
ICP000395-202603,ICP000395,RET001,RES,Christchurch Urban,2026-03,2026-03-01,2026-03-31,31,2025,73.40436378,6,73.4,Calculated reconciliation,73.40436378,73.4,6,NO_ISSUE,0.0,0.0,0.0,No material variance,PASS,914.604
ICP000396-202603,ICP000396,RET003,RES,Christchurch Urban,2026-03,2026-03-01,2026-03-31,31,2025,71.14065407,6,71.14,Calculated reconciliation,71.14065407,71.14,6,NO_ISSUE,0.0,0.0,0.0,No material variance,PASS,789.245
ICP000397-202603,ICP000397,RET004,URES,Christchurch Urban,2026-03,2026-03-01,2026-03-31,31,2025,61.16100041,6,61.16,Calculated reconciliation,61.16100041,61.16,6,NO_ISSUE,0.0,0.0,0.0,No material variance,PASS,481.843
ICP000398-202603,ICP000398,RET003,RSC,Christchurch Urban,2026-03,2026-03-01,2026-03-31,31,2025,70.07797126,6,70.08,Calculated reconciliation,70.07797126,70.08,6,NO_ISSUE,0.0,0.0,0.0,No material variance,PASS,683.916
ICP000399-202603,ICP000399,RET003,RES,Christchurch Urban,2026-03,2026-03-01,2026-03-31,31,2025,54.64733343,6,54.65,Calculated reconciliation,54.64733343,54.65,6,NO_ISSUE,0.0,0.0,0.0,No material variance,PASS,480.508
ICP000400-202603,ICP000400,RET004,RES,Christchurch Urban,2026-03,2026-03-01,2026-03-31,31,2025,55.630595119999995,6,55.63,Calculated reconciliation,55.630595119999995,55.63,6,NO_ISSUE,0.0,0.0,0.0,No material variance,PASS,487.72
ICP000401-202603,ICP000401,RET001,RSC,Christchurch Urban,2026-03,2026-03-01,2026-03-31,31,2025,66.88691761999999,6,66.89,Calculated reconciliation,66.88691761999999,66.89,6,NO_ISSUE,0.0,0.0,0.0,No material variance,PASS,604.923
ICP000402-202603,ICP000402,RET003,RES,Christchurch Urban,2026-03,2026-03-01,2026-03-31,31,2025,99.66384069,6,99.66,Calculated reconciliation,99.66384069,99.66,6,NO_ISSUE,0.0,0.0,0.0,No material variance,PASS,1158.533
ICP000403-202603,ICP000403,RET001,URES,Selwyn,2026-03,2026-03-01,2026-03-31,31,2025,72.70125372999999,6,72.7,Calculated reconciliation,72.70125372999999,72.7,6,NO_ISSUE,0.0,0.0,0.0,No material variance,PASS,654.85
ICP000404-202603,ICP000404,RET003,RES,Christchurch Urban,2026-03,2026-03-01,2026-03-31,31,2025,41.36007273,6,41.36,Calculated reconciliation,41.36007273,41.36,6,NO_ISSUE,0.0,0.0,0.0,No material variance,PASS,373.836
ICP000405-202603,ICP000405,RET005,RSC,Christchurch Urban,2026-03,2026-03-01,2026-03-31,31,2025,69.24859862,6,69.25,Calculated reconciliation,69.24859862,69.25,6,NO_ISSUE,0.0,0.0,0.0,No material variance,PASS,615.783
ICP000406-202603,ICP000406,RET002,RES,Christchurch Urban,2026-03,2026-03-01,2026-03-31,31,2025,64.72444299,6,64.72,Calculated reconciliation,64.72444299,64.72,6,NO_ISSUE,0.0,0.0,0.0,No material variance,PASS,620.504
ICP000407-202603,ICP000407,RET001,RSU,Christchurch Urban,2026-03,2026-03-01,2026-03-31,31,2025,90.38021217,6,90.38,Calculated reconciliation,90.38021217,90.38,6,NO_ISSUE,0.0,0.0,0.0,No material variance,PASS,927.039
ICP000408-202603,ICP000408,RET001,RES,Selwyn,2026-03,2026-03-01,2026-03-31,31,2025,49.08966633,6,49.09,Calculated reconciliation,49.08966633,49.09,6,NO_ISSUE,0.0,0.0,0.0,No material variance,PASS,463.916
ICP000409-202603,ICP000409,RET005,RSC,Selwyn,2026-03,2026-03-01,2026-03-31,31,2025,77.55770505,6,77.56,Calculated reconciliation,77.55770505,77.56,6,NO_ISSUE,0.0,0.0,0.0,No material variance,PASS,721.488
ICP000410-202603,ICP000410,RET005,RES,Christchurch Urban,2026-03,2026-03-01,2026-03-31,31,2025,62.60357934,6,62.6,Calculated reconciliation,62.60357934,62.6,6,NO_ISSUE,0.0,0.0,0.0,No material variance,PASS,639.049
ICP000411-202603,ICP000411,RET002,RES,Selwyn,2026-03,2026-03-01,2026-03-31,31,2025,58.67225565,6,58.67,Calculated reconciliation,58.67225565,58.67,6,NO_ISSUE,0.0,0.0,0.0,No material variance,PASS,633.492
ICP000412-202603,ICP000412,RET001,RES,Selwyn,2026-03,2026-03-01,2026-03-31,31,2025,45.55770681999999,6,45.56,Calculated reconciliation,45.55770681999999,45.56,6,NO_ISSUE,0.0,0.0,0.0,No material variance,PASS,320.731
ICP000413-202603,ICP000413,RET001,RES,Selwyn,2026-03,2026-03-01,2026-03-31,31,2025,47.02999425,6,47.03,Calculated reconciliation,47.02999425,47.03,6,NO_ISSUE,0.0,0.0,0.0,No material variance,PASS,363.186
ICP000414-202603,ICP000414,RET001,RES,Selwyn,2026-03,2026-03-01,2026-03-31,31,2025,64.01551184,6,64.02,Calculated reconciliation,64.01551184,64.02,6,NO_ISSUE,0.0,0.0,0.0,No material variance,PASS,715.589
ICP000415-202603,ICP000415,RET005,RES,Christchurch Urban,2026-03,2026-03-01,2026-03-31,31,2025,58.04177968,6,58.04,Calculated reconciliation,58.04177968,58.04,6,NO_ISSUE,0.0,0.0,0.0,No material variance,PASS,664.706
ICP000416-202603,ICP000416,RET001,RES,Christchurch Urban,2026-03,2026-03-01,2026-03-31,31,2025,60.56247306,6,60.56,Calculated reconciliation,60.56247306,60.56,6,NO_ISSUE,0.0,0.0,0.0,No material variance,PASS,769.656
ICP000417-202603,ICP000417,RET001,RES,Christchurch Urban,2026-03,2026-03-01,2026-03-31,31,2025,34.00312249,6,34.0,Calculated reconciliation,34.00312249,34.0,6,NO_ISSUE,0.0,0.0,0.0,No material variance,PASS,239.317
ICP000418-202603,ICP000418,RET001,RES,Christchurch Urban,2026-03,2026-03-01,2026-03-31,31,2025,51.3046554,6,51.3,Calculated reconciliation,51.3046554,51.3,6,NO_ISSUE,0.0,0.0,0.0,No material variance,PASS,523.857
ICP000419-202603,ICP000419,RET001,URES,Selwyn,2026-03,2026-03-01,2026-03-31,31,2025,55.35942136999999,6,55.36,Calculated reconciliation,55.35942136999999,55.36,6,NO_ISSUE,0.0,0.0,0.0,No material variance,PASS,534.18
ICP000420-202603,ICP000420,RET002,RES,Central Canterbury Rural,2026-03,2026-03-01,2026-03-31,31,2025,35.98490802,6,35.98,Calculated reconciliation,35.98490802,35.98,6,NO_ISSUE,0.0,0.0,0.0,No material variance,PASS,303.627
ICP000421-202603,ICP000421,RET003,RSC,Christchurch Urban,2026-03,2026-03-01,2026-03-31,31,2025,112.66669516999998,6,112.67,Calculated reconciliation,112.66669516999998,112.67,6,NO_ISSUE,0.0,0.0,0.0,No material variance,PASS,1173.555
ICP000422-202603,ICP000422,RET002,RSC,Christchurch Urban,2026-03,2026-03-01,2026-03-31,31,2025,85.78324047,6,85.78,Calculated reconciliation,85.78324047,85.78,6,NO_ISSUE,0.0,0.0,0.0,No material variance,PASS,754.441
ICP000423-202603,ICP000423,RET001,RES,Selwyn,2026-03,2026-03-01,2026-03-31,31,2025,74.29150761,6,74.29,Calculated reconciliation,74.29150761,74.29,6,NO_ISSUE,0.0,0.0,0.0,No material variance,PASS,705.953
ICP000424-202603,ICP000424,RET001,RES,Christchurch Urban,2026-03,2026-03-01,2026-03-31,31,2025,74.12677645,6,74.13,Calculated reconciliation,74.12677645,74.13,6,NO_ISSUE,0.0,0.0,0.0,No material variance,PASS,659.873
ICP000425-202603,ICP000425,RET004,RES,Christchurch Urban,2026-03,2026-03-01,2026-03-31,31,2025,57.58139074,6,57.58,Calculated reconciliation,57.58139074,57.58,6,NO_ISSUE,0.0,0.0,0.0,No material variance,PASS,679.678
ICP000426-202603,ICP000426,RET001,RES,Christchurch Urban,2026-03,2026-03-01,2026-03-31,31,2025,42.92389291,6,42.92,Calculated reconciliation,42.92389291,42.92,6,NO_ISSUE,0.0,0.0,0.0,No material variance,PASS,317.927
ICP000427-202603,ICP000427,RET001,URES,Selwyn,2026-03,2026-03-01,2026-03-31,31,2025,66.01460057,6,66.01,Calculated reconciliation,66.01460057,66.01,6,NO_ISSUE,0.0,0.0,0.0,No material variance,PASS,512.857
ICP000428-202603,ICP000428,RET004,RES,Christchurch Urban,2026-03,2026-03-01,2026-03-31,31,2025,63.56010347,6,63.56,Calculated reconciliation,63.56010347,63.56,6,NO_ISSUE,0.0,0.0,0.0,No material variance,PASS,638.965
ICP000429-202603,ICP000429,RET001,RES,Christchurch Urban,2026-03,2026-03-01,2026-03-31,31,2025,43.72018397,6,43.72,Calculated reconciliation,43.72018397,43.72,6,NO_ISSUE,0.0,0.0,0.0,No material variance,PASS,376.678
ICP000430-202603,ICP000430,RET002,RES,Selwyn,2026-03,2026-03-01,2026-03-31,31,2025,65.35646016999999,6,65.36,Calculated reconciliation,65.35646016999999,65.36,6,NO_ISSUE,0.0,0.0,0.0,No material variance,PASS,691.734
ICP000431-202603,ICP000431,RET002,RES,Christchurch Urban,2026-03,2026-03-01,2026-03-31,31,2025,40.95889112,6,40.96,Calculated reconciliation,40.95889112,40.96,6,NO_ISSUE,0.0,0.0,0.0,No material variance,PASS,287.309
ICP000432-202603,ICP000432,RET002,RES,Selwyn,2026-03,2026-03-01,2026-03-31,31,2025,51.4910611,6,51.49,Calculated reconciliation,51.4910611,51.49,6,NO_ISSUE,0.0,0.0,0.0,No material variance,PASS,427.662
ICP000433-202603,ICP000433,RET002,RES,Christchurch Urban,2026-03,2026-03-01,2026-03-31,31,2025,45.28612372,6,45.29,Calculated reconciliation,45.28612372,45.29,6,NO_ISSUE,0.0,0.0,0.0,No material variance,PASS,280.868
ICP000434-202603,ICP000434,RET002,RES,Central Canterbury Rural,2026-03,2026-03-01,2026-03-31,31,2025,52.98838872,6,52.99,Calculated reconciliation,52.98838872,52.99,6,NO_ISSUE,0.0,0.0,0.0,No material variance,PASS,487.356
ICP000435-202603,ICP000435,RET001,RES,Selwyn,2026-03,2026-03-01,2026-03-31,31,2025,75.17382151,6,75.17,Calculated reconciliation,75.17382151,75.17,6,NO_ISSUE,0.0,0.0,0.0,No material variance,PASS,757.634
ICP000436-202603,ICP000436,RET004,RSC,Christchurch Urban,2026-03,2026-03-01,2026-03-31,31,2025,89.06752416999998,6,89.07,Calculated reconciliation,89.06752416999998,89.07,6,NO_ISSUE,0.0,0.0,0.0,No material variance,PASS,893.835
ICP000437-202603,ICP000437,RET001,URES,Christchurch Urban,2026-03,2026-03-01,2026-03-31,31,2025,62.4059756,6,62.41,Calculated reconciliation,62.4059756,62.41,6,NO_ISSUE,0.0,0.0,0.0,No material variance,PASS,473.875
ICP000438-202603,ICP000438,RET004,RES,Christchurch Urban,2026-03,2026-03-01,2026-03-31,31,2025,65.39206579,6,65.39,Calculated reconciliation,65.39206579,65.39,6,NO_ISSUE,0.0,0.0,0.0,No material variance,PASS,678.468
ICP000439-202603,ICP000439,RET001,RES,Christchurch Urban,2026-03,2026-03-01,2026-03-31,31,2025,80.20608362,6,80.21,Calculated reconciliation,80.20608362,80.21,6,NO_ISSUE,0.0,0.0,0.0,No material variance,PASS,765.699
ICP000440-202603,ICP000440,RET001,RSC,Christchurch Urban,2026-03,2026-03-01,2026-03-31,31,2025,63.922148449999995,6,63.92,Calculated reconciliation,63.922148449999995,63.92,6,NO_ISSUE,0.0,0.0,0.0,No material variance,PASS,693.629
ICP000441-202603,ICP000441,RET003,RES,Christchurch Urban,2026-03,2026-03-01,2026-03-31,31,2025,31.65287428,6,31.65,Calculated reconciliation,31.65287428,31.65,6,NO_ISSUE,0.0,0.0,0.0,No material variance,PASS,270.469
ICP000442-202603,ICP000442,RET001,RES,Christchurch Urban,2026-03,2026-03-01,2026-03-31,31,2025,54.10526179,6,54.11,Calculated reconciliation,54.10526179,54.11,6,NO_ISSUE,0.0,0.0,0.0,No material variance,PASS,565.549
ICP000443-202603,ICP000443,RET001,RES,Christchurch Urban,2026-03,2026-03-01,2026-03-31,31,2025,39.66294334,6,39.66,Calculated reconciliation,39.66294334,39.66,6,NO_ISSUE,0.0,0.0,0.0,No material variance,PASS,361.616
ICP000444-202603,ICP000444,RET004,RES,Christchurch Urban,2026-03,2026-03-01,2026-03-31,31,2025,62.65126497,6,62.65,Calculated reconciliation,62.65126497,62.65,6,NO_ISSUE,0.0,0.0,0.0,No material variance,PASS,577.927
ICP000445-202603,ICP000445,RET004,RES,Christchurch Urban,2026-03,2026-03-01,2026-03-31,31,2025,41.67935256,6,41.68,Calculated reconciliation,41.67935256,41.68,6,NO_ISSUE,0.0,0.0,0.0,No material variance,PASS,322.437
ICP000446-202603,ICP000446,RET004,RES,Christchurch Urban,2026-03,2026-03-01,2026-03-31,31,2025,82.48310133,6,82.48,Calculated reconciliation,82.48310133,82.48,6,NO_ISSUE,0.0,0.0,0.0,No material variance,PASS,966.792
ICP000447-202603,ICP000447,RET002,RES,Christchurch Urban,2026-03,2026-03-01,2026-03-31,31,2025,58.74997897,6,58.75,Calculated reconciliation,58.74997897,58.75,6,NO_ISSUE,0.0,0.0,0.0,No material variance,PASS,438.298
ICP000448-202603,ICP000448,RET005,RES,Christchurch Urban,2026-03,2026-03-01,2026-03-31,31,2025,49.27092768,6,49.27,Calculated reconciliation,64.14118572999999,64.14,7,DUPLICATE_CONSUMPTION,14.87025804999999,14.87,14.87,Overbilled,REVIEW,458.855
ICP000449-202603,ICP000449,RET001,URES,Christchurch Urban,2026-03,2026-03-01,2026-03-31,31,2025,47.65441156,6,47.65,Calculated reconciliation,47.65441156,47.65,6,NO_ISSUE,0.0,0.0,0.0,No material variance,PASS,368.848
ICP000450-202603,ICP000450,RET005,RES,Christchurch Urban,2026-03,2026-03-01,2026-03-31,31,2025,67.08129673,6,67.08,Calculated reconciliation,70.07207138,70.07,6,WRONG_PRICE_CATEGORY,2.9907746499999917,2.99,2.99,Overbilled,REVIEW,594.957
ICP000451-202603,ICP000451,RET003,RES,Christchurch Urban,2026-03,2026-03-01,2026-03-31,31,2025,39.57842128,6,39.58,Calculated reconciliation,39.57842128,39.58,6,NO_ISSUE,0.0,0.0,0.0,No material variance,PASS,345.518
ICP000452-202603,ICP000452,RET001,RES,Christchurch Urban,2026-03,2026-03-01,2026-03-31,31,2025,57.33823765,6,57.34,Calculated reconciliation,57.33823765,57.34,6,NO_ISSUE,0.0,0.0,0.0,No material variance,PASS,539.259
ICP000453-202603,ICP000453,RET004,RES,Selwyn,2026-03,2026-03-01,2026-03-31,31,2025,56.778337539999995,6,56.78,Calculated reconciliation,56.778337539999995,56.78,6,NO_ISSUE,0.0,0.0,0.0,No material variance,PASS,574.672
ICP000454-202603,ICP000454,RET002,RES,Christchurch Urban,2026-03,2026-03-01,2026-03-31,31,2025,50.81945172,6,50.82,Calculated reconciliation,50.81945172,50.82,6,NO_ISSUE,0.0,0.0,0.0,No material variance,PASS,441.752
ICP000455-202603,ICP000455,RET002,RES,Christchurch Urban,2026-03,2026-03-01,2026-03-31,31,2025,65.63549327,6,65.64,Calculated reconciliation,65.63549327,65.64,6,NO_ISSUE,0.0,0.0,0.0,No material variance,PASS,575.124
ICP000456-202603,ICP000456,RET001,RES,Christchurch Urban,2026-03,2026-03-01,2026-03-31,31,2025,37.1219431,6,37.12,Calculated reconciliation,37.1219431,37.12,6,NO_ISSUE,0.0,0.0,0.0,No material variance,PASS,421.16
ICP000457-202603,ICP000457,RET001,URES,Christchurch Urban,2026-03,2026-03-01,2026-03-31,31,2025,52.7389228,6,52.74,Calculated reconciliation,52.7389228,52.74,6,NO_ISSUE,0.0,0.0,0.0,No material variance,PASS,352.892
ICP000458-202603,ICP000458,RET001,RES,Christchurch Urban,2026-03,2026-03-01,2026-03-31,31,2025,49.67329125,6,49.67,Calculated reconciliation,49.67329125,49.67,6,NO_ISSUE,0.0,0.0,0.0,No material variance,PASS,495.122
ICP000459-202603,ICP000459,RET001,RSC,Christchurch Urban,2026-03,2026-03-01,2026-03-31,31,2025,73.18427077999999,6,73.18,Calculated reconciliation,73.18427077999999,73.18,6,NO_ISSUE,0.0,0.0,0.0,No material variance,PASS,680.381
ICP000460-202603,ICP000460,RET001,RES,Christchurch Urban,2026-03,2026-03-01,2026-03-31,31,2025,57.09475923,6,57.09,Calculated reconciliation,57.09475923,57.09,6,NO_ISSUE,0.0,0.0,0.0,No material variance,PASS,588.394
ICP000461-202603,ICP000461,RET001,RES,Selwyn,2026-03,2026-03-01,2026-03-31,31,2025,67.69283872,6,67.69,Calculated reconciliation,67.69283872,67.69,6,NO_ISSUE,0.0,0.0,0.0,No material variance,PASS,589.958
ICP000462-202603,ICP000462,RET002,RES,Selwyn,2026-03,2026-03-01,2026-03-31,31,2025,63.76756876,6,63.77,Calculated reconciliation,64.98316876,64.98,6,INCORRECT_ICP_DAYS,1.215599999999995,1.22,1.22,Overbilled,REVIEW,712.643
ICP000463-202603,ICP000463,RET003,RES,Christchurch Urban,2026-03,2026-03-01,2026-03-31,31,2025,107.44398291,6,107.44,Calculated reconciliation,107.44398291,107.44,6,NO_ISSUE,0.0,0.0,0.0,No material variance,PASS,1067.803
ICP000464-202603,ICP000464,RET005,RSC,Christchurch Urban,2026-03,2026-03-01,2026-03-31,31,2025,75.21746504,6,75.22,Calculated reconciliation,75.21746504,75.22,6,NO_ISSUE,0.0,0.0,0.0,No material variance,PASS,868.717
ICP000465-202603,ICP000465,RET001,RES,Christchurch Urban,2026-03,2026-03-01,2026-03-31,31,2025,48.13330532,6,48.13,Calculated reconciliation,48.13330532,48.13,6,NO_ISSUE,0.0,0.0,0.0,No material variance,PASS,438.635
ICP000466-202603,ICP000466,RET001,RES,Christchurch Urban,2026-03,2026-03-01,2026-03-31,31,2025,61.185441659999995,6,61.19,Calculated reconciliation,61.185441659999995,61.19,6,NO_ISSUE,0.0,0.0,0.0,No material variance,PASS,643.287
ICP000467-202603,ICP000467,RET001,RES,Christchurch Urban,2026-03,2026-03-01,2026-03-31,31,2025,56.29513261,6,56.3,Calculated reconciliation,56.29513261,56.3,6,NO_ISSUE,0.0,0.0,0.0,No material variance,PASS,453.158
ICP000468-202603,ICP000468,RET001,RES,Christchurch Urban,2026-03,2026-03-01,2026-03-31,31,2025,59.63296525,6,59.63,Calculated reconciliation,59.63296525,59.63,6,NO_ISSUE,0.0,0.0,0.0,No material variance,PASS,629.82
ICP000469-202603,ICP000469,RET005,RSC,Selwyn,2026-03,2026-03-01,2026-03-31,31,2025,72.63197164,6,72.63,Calculated reconciliation,72.63197164,72.63,6,NO_ISSUE,0.0,0.0,0.0,No material variance,PASS,642.541
ICP000470-202603,ICP000470,RET002,URES,Christchurch Urban,2026-03,2026-03-01,2026-03-31,31,2025,70.23715048,6,70.24,Calculated reconciliation,70.23715048,70.24,6,NO_ISSUE,0.0,0.0,0.0,No material variance,PASS,529.494
ICP000471-202603,ICP000471,RET001,RSU,Selwyn,2026-03,2026-03-01,2026-03-31,31,2025,71.28570312000001,6,71.29,Calculated reconciliation,71.28570312000001,71.29,6,NO_ISSUE,0.0,0.0,0.0,No material variance,PASS,479.012
ICP000472-202603,ICP000472,RET001,RES,Christchurch Urban,2026-03,2026-03-01,2026-03-31,31,2025,59.04463137,6,59.04,Calculated reconciliation,59.04463137,59.04,6,NO_ISSUE,0.0,0.0,0.0,No material variance,PASS,504.62
ICP000473-202603,ICP000473,RET001,RES,Christchurch Urban,2026-03,2026-03-01,2026-03-31,31,2025,77.57408602999999,6,77.57,Calculated reconciliation,77.57408602999999,77.57,6,NO_ISSUE,0.0,0.0,0.0,No material variance,PASS,766.435
ICP000474-202603,ICP000474,RET005,RSC,Christchurch Urban,2026-03,2026-03-01,2026-03-31,31,2025,64.71512131,6,64.72,Calculated reconciliation,64.71512131,64.72,6,NO_ISSUE,0.0,0.0,0.0,No material variance,PASS,689.679
ICP000475-202603,ICP000475,RET002,RES,Christchurch Urban,2026-03,2026-03-01,2026-03-31,31,2025,61.1958707,6,61.2,Calculated reconciliation,61.1958707,61.2,6,NO_ISSUE,0.0,0.0,0.0,No material variance,PASS,709.355
ICP000476-202603,ICP000476,RET003,RES,Christchurch Urban,2026-03,2026-03-01,2026-03-31,31,2025,57.797672379999995,6,57.8,Calculated reconciliation,57.797672379999995,57.8,6,NO_ISSUE,0.0,0.0,0.0,No material variance,PASS,559.185
ICP000477-202603,ICP000477,RET003,RES,Christchurch Urban,2026-03,2026-03-01,2026-03-31,31,2025,48.59801039999999,6,48.6,Calculated reconciliation,48.59801039999999,48.6,6,NO_ISSUE,0.0,0.0,0.0,No material variance,PASS,418.095
ICP000478-202603,ICP000478,RET002,URES,Central Canterbury Rural,2026-03,2026-03-01,2026-03-31,31,2025,58.40630637,6,58.41,Calculated reconciliation,58.40630637,58.41,6,NO_ISSUE,0.0,0.0,0.0,No material variance,PASS,556.989
ICP000479-202603,ICP000479,RET002,RSC,Christchurch Urban,2026-03,2026-03-01,2026-03-31,31,2025,62.16130445,6,62.16,Calculated reconciliation,62.16130445,62.16,6,NO_ISSUE,0.0,0.0,0.0,No material variance,PASS,555.959
ICP000480-202603,ICP000480,RET003,RES,Christchurch Urban,2026-03,2026-03-01,2026-03-31,31,2025,52.123931129999995,6,52.12,Calculated reconciliation,52.123931129999995,52.12,6,NO_ISSUE,0.0,0.0,0.0,No material variance,PASS,447.892
ICP000481-202603,ICP000481,RET003,URES,Christchurch Urban,2026-03,2026-03-01,2026-03-31,31,2025,50.91646312,6,50.92,Calculated reconciliation,50.91646312,50.92,6,NO_ISSUE,0.0,0.0,0.0,No material variance,PASS,399.91
ICP000482-202603,ICP000482,RET003,RES,Selwyn,2026-03,2026-03-01,2026-03-31,31,2025,41.36265537,6,41.36,Calculated reconciliation,41.36265537,41.36,6,NO_ISSUE,0.0,0.0,0.0,No material variance,PASS,373.751
ICP000483-202603,ICP000483,RET003,RES,Christchurch Urban,2026-03,2026-03-01,2026-03-31,31,2025,51.79210884,6,51.79,Calculated reconciliation,51.79210884,51.79,6,NO_ISSUE,0.0,0.0,0.0,No material variance,PASS,536.894
ICP000484-202603,ICP000484,RET004,RES,Christchurch Urban,2026-03,2026-03-01,2026-03-31,31,2025,50.05439019999999,6,50.05,Calculated reconciliation,50.05439019999999,50.05,6,NO_ISSUE,0.0,0.0,0.0,No material variance,PASS,370.81
ICP000485-202603,ICP000485,RET001,RSC,Selwyn,2026-03,2026-03-01,2026-03-31,31,2025,65.17521547999999,6,65.18,Calculated reconciliation,65.17521547999999,65.18,6,NO_ISSUE,0.0,0.0,0.0,No material variance,PASS,656.972
ICP000486-202603,ICP000486,RET001,RES,Christchurch Urban,2026-03,2026-03-01,2026-03-31,31,2025,63.698513459999994,6,63.7,Calculated reconciliation,63.698513459999994,63.7,6,NO_ISSUE,0.0,0.0,0.0,No material variance,PASS,607.09
ICP000487-202603,ICP000487,RET003,RES,Selwyn,2026-03,2026-03-01,2026-03-31,31,2025,78.77669838,6,78.78,Calculated reconciliation,78.77669838,78.78,6,NO_ISSUE,0.0,0.0,0.0,No material variance,PASS,851.571
ICP000488-202603,ICP000488,RET003,RES,Selwyn,2026-03,2026-03-01,2026-03-31,31,2025,49.5294589,6,49.53,Calculated reconciliation,49.5294589,49.53,6,NO_ISSUE,0.0,0.0,0.0,No material variance,PASS,407.558
ICP000489-202603,ICP000489,RET003,URES,Selwyn,2026-03,2026-03-01,2026-03-31,31,2025,56.8909213,6,56.89,Calculated reconciliation,56.8909213,56.89,6,NO_ISSUE,0.0,0.0,0.0,No material variance,PASS,528.822
ICP000490-202603,ICP000490,RET004,RSC,Christchurch Urban,2026-03,2026-03-01,2026-03-31,31,2025,172.04037787,6,172.04,Calculated reconciliation,172.04037787,172.04,6,NO_ISSUE,0.0,0.0,0.0,No material variance,PASS,1728.826
ICP000491-202603,ICP000491,RET002,RSC,Christchurch Urban,2026-03,2026-03-01,2026-03-31,31,2025,78.39050785999999,6,78.39,Calculated reconciliation,78.39050785999999,78.39,6,NO_ISSUE,0.0,0.0,0.0,No material variance,PASS,770.633
ICP000492-202603,ICP000492,RET005,RES,Christchurch Urban,2026-03,2026-03-01,2026-03-31,31,2025,80.17319719999999,6,80.17,Calculated reconciliation,80.17319719999999,80.17,6,NO_ISSUE,0.0,0.0,0.0,No material variance,PASS,757.504
ICP000493-202603,ICP000493,RET001,RES,Central Canterbury Rural,2026-03,2026-03-01,2026-03-31,31,2025,73.64570356,6,73.65,Calculated reconciliation,73.64570356,73.65,6,NO_ISSUE,0.0,0.0,0.0,No material variance,PASS,792.295
ICP000494-202603,ICP000494,RET002,RES,Christchurch Urban,2026-03,2026-03-01,2026-03-31,31,2025,57.38964213999999,6,57.39,Calculated reconciliation,57.38964213999999,57.39,6,NO_ISSUE,0.0,0.0,0.0,No material variance,PASS,527.546
ICP000495-202603,ICP000495,RET001,RES,Christchurch Urban,2026-03,2026-03-01,2026-03-31,31,2025,48.093123979999994,6,48.09,Calculated reconciliation,48.093123979999994,48.09,6,NO_ISSUE,0.0,0.0,0.0,No material variance,PASS,445.835
ICP000496-202603,ICP000496,RET001,RSC,Christchurch Urban,2026-03,2026-03-01,2026-03-31,31,2025,82.12030302,6,82.12,Calculated reconciliation,84.15850302,84.16,6,INCORRECT_ICP_DAYS,2.0382000000000033,2.04,2.04,Overbilled,REVIEW,603.712
ICP000497-202603,ICP000497,RET003,RES,Christchurch Urban,2026-03,2026-03-01,2026-03-31,31,2025,46.91106992,6,46.91,Calculated reconciliation,46.91106992,46.91,6,NO_ISSUE,0.0,0.0,0.0,No material variance,PASS,521.283
ICP000498-202603,ICP000498,RET004,RES,Selwyn,2026-03,2026-03-01,2026-03-31,31,2025,59.43531956,6,59.44,Calculated reconciliation,59.43531956,59.44,6,NO_ISSUE,0.0,0.0,0.0,No material variance,PASS,607.551
ICP000499-202603,ICP000499,RET001,RES,Christchurch Urban,2026-03,2026-03-01,2026-03-31,31,2025,55.35670206,6,55.36,Calculated reconciliation,55.35670206,55.36,6,NO_ISSUE,0.0,0.0,0.0,No material variance,PASS,486.509
ICP000500-202603,ICP000500,RET002,RES,Christchurch Urban,2026-03,2026-03-01,2026-03-31,31,2025,63.02484105,6,63.02,Calculated reconciliation,63.02484105,63.02,6,NO_ISSUE,0.0,0.0,0.0,No material variance,PASS,547.57
ICP000001-202604,ICP000001,RET002,URES,Selwyn,2026-04,2026-04-01,2026-04-30,30,2026,67.40923241,6,67.41,Calculated reconciliation,67.40923241,67.41,6,NO_ISSUE,0.0,0.0,0.0,No material variance,PASS,402.582
ICP000002-202604,ICP000002,RET004,RSC,Christchurch Urban,2026-04,2026-04-01,2026-04-30,30,2026,84.51127352,6,84.51,Calculated reconciliation,75.31281442,75.31,6,OLD_PRICE_APPLIED,-9.198459100000008,-9.2,9.2,Underbilled,REVIEW,976.994
ICP000003-202604,ICP000003,RET001,RES,Christchurch Urban,2026-04,2026-04-01,2026-04-30,30,2026,78.27733605,6,78.28,Calculated reconciliation,78.27733605,78.28,6,NO_ISSUE,0.0,0.0,0.0,No material variance,PASS,717.926
ICP000004-202604,ICP000004,RET003,RES,Christchurch Urban,2026-04,2026-04-01,2026-04-30,30,2026,68.82741621,6,68.83,Calculated reconciliation,68.82741621,68.83,6,NO_ISSUE,0.0,0.0,0.0,No material variance,PASS,692.053
ICP000005-202604,ICP000005,RET001,RES,Christchurch Urban,2026-04,2026-04-01,2026-04-30,30,2026,54.86298927,6,54.86,Calculated reconciliation,54.86298927,54.86,6,NO_ISSUE,0.0,0.0,0.0,No material variance,PASS,382.401
ICP000006-202604,ICP000006,RET005,RSU,Christchurch Urban,2026-04,2026-04-01,2026-04-30,30,2026,96.5717745,6,96.57,Calculated reconciliation,96.5717745,96.57,6,NO_ISSUE,0.0,0.0,0.0,No material variance,PASS,721.377
ICP000007-202604,ICP000007,RET001,RSC,Christchurch Urban,2026-04,2026-04-01,2026-04-30,30,2026,106.42780754,6,106.43,Calculated reconciliation,106.42780754,106.43,6,NO_ISSUE,0.0,0.0,0.0,No material variance,PASS,987.135
ICP000008-202604,ICP000008,RET002,RSC,Christchurch Urban,2026-04,2026-04-01,2026-04-30,30,2026,99.57091047,6,99.57,Calculated reconciliation,99.57091047,99.57,6,NO_ISSUE,0.0,0.0,0.0,No material variance,PASS,989.82
ICP000009-202604,ICP000009,RET005,URES,Christchurch Urban,2026-04,2026-04-01,2026-04-30,30,2026,68.26689348000001,6,68.27,Calculated reconciliation,68.26689348000001,68.27,6,NO_ISSUE,0.0,0.0,0.0,No material variance,PASS,532.158
ICP000010-202604,ICP000010,RET005,RES,Christchurch Urban,2026-04,2026-04-01,2026-04-30,30,2026,98.8251475,6,98.83,Calculated reconciliation,98.8251475,98.83,6,NO_ISSUE,0.0,0.0,0.0,No material variance,PASS,720.552
ICP000011-202604,ICP000011,RET001,RES,Christchurch Urban,2026-04,2026-04-01,2026-04-30,30,2026,83.30615766000001,6,83.31,Calculated reconciliation,83.30615766000001,83.31,6,NO_ISSUE,0.0,0.0,0.0,No material variance,PASS,709.839
ICP000012-202604,ICP000012,RET001,RES,Christchurch Urban,2026-04,2026-04-01,2026-04-30,30,2026,73.15916017,6,73.16,Calculated reconciliation,73.15916017,73.16,6,NO_ISSUE,0.0,0.0,0.0,No material variance,PASS,549.287
ICP000013-202604,ICP000013,RET002,URES,Central Canterbury Rural,2026-04,2026-04-01,2026-04-30,30,2026,86.18378747,6,86.18,Calculated reconciliation,86.18378747,86.18,6,NO_ISSUE,0.0,0.0,0.0,No material variance,PASS,546.757
ICP000014-202604,ICP000014,RET004,RSC,Christchurch Urban,2026-04,2026-04-01,2026-04-30,30,2026,85.30161237,6,85.3,Calculated reconciliation,85.30161237,85.3,6,NO_ISSUE,0.0,0.0,0.0,No material variance,PASS,778.846
ICP000015-202604,ICP000015,RET004,RES,Christchurch Urban,2026-04,2026-04-01,2026-04-30,30,2026,73.96368615,6,73.96,Calculated reconciliation,73.96368615,73.96,6,NO_ISSUE,0.0,0.0,0.0,No material variance,PASS,744.519
ICP000016-202604,ICP000016,RET002,URES,Central Canterbury Rural,2026-04,2026-04-01,2026-04-30,30,2026,59.74705905,6,59.75,Calculated reconciliation,59.74705905,59.75,6,NO_ISSUE,0.0,0.0,0.0,No material variance,PASS,410.18
ICP000017-202604,ICP000017,RET003,RSC,Christchurch Urban,2026-04,2026-04-01,2026-04-30,30,2026,94.65065164,6,94.65,Calculated reconciliation,94.65065164,94.65,6,NO_ISSUE,0.0,0.0,0.0,No material variance,PASS,758.018
ICP000018-202604,ICP000018,RET003,URES,Christchurch Urban,2026-04,2026-04-01,2026-04-30,30,2026,73.8935639,6,73.89,Calculated reconciliation,73.8935639,73.89,6,NO_ISSUE,0.0,0.0,0.0,No material variance,PASS,504.2
ICP000019-202604,ICP000019,RET001,RSU,Christchurch Urban,2026-04,2026-04-01,2026-04-30,30,2026,87.78356511,6,87.78,Calculated reconciliation,87.78356511,87.78,6,NO_ISSUE,0.0,0.0,0.0,No material variance,PASS,609.571
ICP000020-202604,ICP000020,RET001,URES,Selwyn,2026-04,2026-04-01,2026-04-30,30,2026,92.33255985,6,92.33,Calculated reconciliation,92.33255985,92.33,6,NO_ISSUE,0.0,0.0,0.0,No material variance,PASS,603.98
ICP000021-202604,ICP000021,RET005,URES,Christchurch Urban,2026-04,2026-04-01,2026-04-30,30,2026,61.43336648,6,61.43,Calculated reconciliation,61.43336648,61.43,6,NO_ISSUE,0.0,0.0,0.0,No material variance,PASS,409.529
ICP000022-202604,ICP000022,RET002,RSC,Christchurch Urban,2026-04,2026-04-01,2026-04-30,30,2026,89.51247364,6,89.51,Calculated reconciliation,89.51247364,89.51,6,NO_ISSUE,0.0,0.0,0.0,No material variance,PASS,865.675
ICP000023-202604,ICP000023,RET002,RES,Christchurch Urban,2026-04,2026-04-01,2026-04-30,30,2026,83.3584145,6,83.36,Calculated reconciliation,83.3584145,83.36,6,NO_ISSUE,0.0,0.0,0.0,No material variance,PASS,666.601
ICP000024-202604,ICP000024,RET002,RES,Christchurch Urban,2026-04,2026-04-01,2026-04-30,30,2026,68.80124554,6,68.8,Calculated reconciliation,68.80124554,68.8,6,NO_ISSUE,0.0,0.0,0.0,No material variance,PASS,563.455
ICP000025-202604,ICP000025,RET002,RES,Christchurch Urban,2026-04,2026-04-01,2026-04-30,30,2026,58.598540660000005,6,58.6,Calculated reconciliation,58.598540660000005,58.6,6,NO_ISSUE,0.0,0.0,0.0,No material variance,PASS,421.878
ICP000026-202604,ICP000026,RET004,RES,Christchurch Urban,2026-04,2026-04-01,2026-04-30,30,2026,65.78392861,6,65.78,Calculated reconciliation,65.78392861,65.78,6,NO_ISSUE,0.0,0.0,0.0,No material variance,PASS,706.791
ICP000027-202604,ICP000027,RET002,RES,Christchurch Urban,2026-04,2026-04-01,2026-04-30,30,2026,56.591456230000006,6,56.59,Calculated reconciliation,56.591456230000006,56.59,6,NO_ISSUE,0.0,0.0,0.0,No material variance,PASS,463.194
ICP000028-202604,ICP000028,RET002,RES,Selwyn,2026-04,2026-04-01,2026-04-30,30,2026,86.93937254000001,6,86.94,Calculated reconciliation,86.93937254000001,86.94,6,NO_ISSUE,0.0,0.0,0.0,No material variance,PASS,914.712
ICP000029-202604,ICP000029,RET001,RSC,Christchurch Urban,2026-04,2026-04-01,2026-04-30,30,2026,108.72641415,6,108.73,Calculated reconciliation,108.72641415,108.73,6,NO_ISSUE,0.0,0.0,0.0,No material variance,PASS,1264.038
ICP000030-202604,ICP000030,RET001,RES,Christchurch Urban,2026-04,2026-04-01,2026-04-30,30,2026,104.74804612,6,104.75,Calculated reconciliation,104.74804612,104.75,6,NO_ISSUE,0.0,0.0,0.0,No material variance,PASS,825.83
ICP000031-202604,ICP000031,RET002,RSU,Selwyn,2026-04,2026-04-01,2026-04-30,30,2026,92.30994694,6,92.31,Calculated reconciliation,92.30994694,92.31,6,NO_ISSUE,0.0,0.0,0.0,No material variance,PASS,720.088
ICP000032-202604,ICP000032,RET004,URES,Christchurch Urban,2026-04,2026-04-01,2026-04-30,30,2026,96.76590678,6,96.77,Calculated reconciliation,96.76590678,96.77,6,NO_ISSUE,0.0,0.0,0.0,No material variance,PASS,769.249
ICP000033-202604,ICP000033,RET002,RES,Christchurch Urban,2026-04,2026-04-01,2026-04-30,30,2026,64.71358321,6,64.71,Calculated reconciliation,64.71358321,64.71,6,NO_ISSUE,0.0,0.0,0.0,No material variance,PASS,547.676
ICP000034-202604,ICP000034,RET004,RES,Christchurch Urban,2026-04,2026-04-01,2026-04-30,30,2026,61.06652776,6,61.07,Calculated reconciliation,61.06652776,61.07,6,NO_ISSUE,0.0,0.0,0.0,No material variance,PASS,563.603
ICP000035-202604,ICP000035,RET005,RSC,Selwyn,2026-04,2026-04-01,2026-04-30,30,2026,94.8998611,6,94.9,Calculated reconciliation,94.8998611,94.9,6,NO_ISSUE,0.0,0.0,0.0,No material variance,PASS,858.252
ICP000036-202604,ICP000036,RET001,RES,Christchurch Urban,2026-04,2026-04-01,2026-04-30,30,2026,68.33975809,6,68.34,Calculated reconciliation,68.33975809,68.34,6,NO_ISSUE,0.0,0.0,0.0,No material variance,PASS,670.646
ICP000037-202604,ICP000037,RET004,RES,Christchurch Urban,2026-04,2026-04-01,2026-04-30,30,2026,51.22071265,6,51.22,Calculated reconciliation,51.22071265,51.22,6,NO_ISSUE,0.0,0.0,0.0,No material variance,PASS,414.958
ICP000038-202604,ICP000038,RET004,RSC,Christchurch Urban,2026-04,2026-04-01,2026-04-30,30,2026,81.69299999,6,81.69,Calculated reconciliation,81.69299999,81.69,6,NO_ISSUE,0.0,0.0,0.0,No material variance,PASS,755.825
ICP000039-202604,ICP000039,RET004,RES,Christchurch Urban,2026-04,2026-04-01,2026-04-30,30,2026,59.98025524,6,59.98,Calculated reconciliation,59.98025524,59.98,6,NO_ISSUE,0.0,0.0,0.0,No material variance,PASS,507.453
ICP000040-202604,ICP000040,RET004,RES,Christchurch Urban,2026-04,2026-04-01,2026-04-30,30,2026,79.3996084,6,79.4,Calculated reconciliation,79.3996084,79.4,6,NO_ISSUE,0.0,0.0,0.0,No material variance,PASS,579.734
ICP000041-202604,ICP000041,RET004,RES,Christchurch Urban,2026-04,2026-04-01,2026-04-30,30,2026,86.19733826,6,86.2,Calculated reconciliation,86.19733826,86.2,6,NO_ISSUE,0.0,0.0,0.0,No material variance,PASS,794.743
ICP000042-202604,ICP000042,RET002,RSC,Christchurch Urban,2026-04,2026-04-01,2026-04-30,30,2026,97.44975119,6,97.45,Calculated reconciliation,97.44975119,97.45,6,NO_ISSUE,0.0,0.0,0.0,No material variance,PASS,856.576
ICP000043-202604,ICP000043,RET001,RSC,Christchurch Urban,2026-04,2026-04-01,2026-04-30,30,2026,71.22024103,6,71.22,Calculated reconciliation,71.22024103,71.22,6,NO_ISSUE,0.0,0.0,0.0,No material variance,PASS,844.381
ICP000044-202604,ICP000044,RET003,URES,Christchurch Urban,2026-04,2026-04-01,2026-04-30,30,2026,86.27540033,6,86.28,Calculated reconciliation,86.27540033,86.28,6,NO_ISSUE,0.0,0.0,0.0,No material variance,PASS,672.798
ICP000045-202604,ICP000045,RET001,RSC,Central Canterbury Rural,2026-04,2026-04-01,2026-04-30,30,2026,108.09795851,6,108.1,Calculated reconciliation,108.09795851,108.1,6,NO_ISSUE,0.0,0.0,0.0,No material variance,PASS,893.652
ICP000046-202604,ICP000046,RET002,RSC,Christchurch Urban,2026-04,2026-04-01,2026-04-30,30,2026,85.25236227,6,85.25,Calculated reconciliation,85.25236227,85.25,6,NO_ISSUE,0.0,0.0,0.0,No material variance,PASS,692.39
ICP000047-202604,ICP000047,RET001,RSU,Christchurch Urban,2026-04,2026-04-01,2026-04-30,30,2026,62.83780586,6,62.84,Calculated reconciliation,62.83780586,62.84,6,NO_ISSUE,0.0,0.0,0.0,No material variance,PASS,461.519
ICP000048-202604,ICP000048,RET002,RES,Christchurch Urban,2026-04,2026-04-01,2026-04-30,30,2026,61.027602120000005,6,61.03,Calculated reconciliation,61.027602120000005,61.03,6,NO_ISSUE,0.0,0.0,0.0,No material variance,PASS,467.664
ICP000049-202604,ICP000049,RET001,RES,Christchurch Urban,2026-04,2026-04-01,2026-04-30,30,2026,51.87831085,6,51.88,Calculated reconciliation,51.87831085,51.88,6,NO_ISSUE,0.0,0.0,0.0,No material variance,PASS,361.302
ICP000050-202604,ICP000050,RET004,RES,Christchurch Urban,2026-04,2026-04-01,2026-04-30,30,2026,86.42945618,6,86.43,Calculated reconciliation,86.42945618,86.43,6,NO_ISSUE,0.0,0.0,0.0,No material variance,PASS,592.839
ICP000051-202604,ICP000051,RET004,URES,Christchurch Urban,2026-04,2026-04-01,2026-04-30,30,2026,71.65827775999999,6,71.66,Calculated reconciliation,71.65827775999999,71.66,6,NO_ISSUE,0.0,0.0,0.0,No material variance,PASS,644.609
ICP000052-202604,ICP000052,RET001,RSC,Christchurch Urban,2026-04,2026-04-01,2026-04-30,30,2026,69.28633907,6,69.29,Calculated reconciliation,69.28633907,69.29,6,NO_ISSUE,0.0,0.0,0.0,No material variance,PASS,724.12
ICP000053-202604,ICP000053,RET003,RSC,Central Canterbury Rural,2026-04,2026-04-01,2026-04-30,30,2026,82.68738784,6,82.69,Calculated reconciliation,82.68738784,82.69,6,NO_ISSUE,0.0,0.0,0.0,No material variance,PASS,553.762
ICP000054-202604,ICP000054,RET002,RSC,Selwyn,2026-04,2026-04-01,2026-04-30,30,2026,108.70330402,6,108.7,Calculated reconciliation,108.70330402,108.7,6,NO_ISSUE,0.0,0.0,0.0,No material variance,PASS,839.391
ICP000055-202604,ICP000055,RET001,RES,Central Canterbury Rural,2026-04,2026-04-01,2026-04-30,30,2026,90.80544078,6,90.81,Calculated reconciliation,90.80544078,90.81,6,NO_ISSUE,0.0,0.0,0.0,No material variance,PASS,912.77
ICP000056-202604,ICP000056,RET005,URES,Christchurch Urban,2026-04,2026-04-01,2026-04-30,30,2026,75.5731472,6,75.57,Calculated reconciliation,80.8231472,80.82,6,CALCULATION_ERROR,5.25,5.25,5.25,Overbilled,REVIEW,560.161
ICP000057-202604,ICP000057,RET001,RES,Christchurch Urban,2026-04,2026-04-01,2026-04-30,30,2026,122.61799384,6,122.62,Calculated reconciliation,122.61799384,122.62,6,NO_ISSUE,0.0,0.0,0.0,No material variance,PASS,1298.182
ICP000058-202604,ICP000058,RET003,RES,Selwyn,2026-04,2026-04-01,2026-04-30,30,2026,69.03644547,6,69.04,Calculated reconciliation,69.03644547,69.04,6,NO_ISSUE,0.0,0.0,0.0,No material variance,PASS,553.639
ICP000059-202604,ICP000059,RET002,RES,Christchurch Urban,2026-04,2026-04-01,2026-04-30,30,2026,88.41846292000001,6,88.42,Calculated reconciliation,88.41846292000001,88.42,6,NO_ISSUE,0.0,0.0,0.0,No material variance,PASS,700.614
ICP000060-202604,ICP000060,RET002,RES,Christchurch Urban,2026-04,2026-04-01,2026-04-30,30,2026,54.90167448,6,54.9,Calculated reconciliation,54.90167448,54.9,6,NO_ISSUE,0.0,0.0,0.0,No material variance,PASS,404.376
ICP000061-202604,ICP000061,RET001,RES,Christchurch Urban,2026-04,2026-04-01,2026-04-30,30,2026,64.98881813,6,64.99,Calculated reconciliation,64.98881813,64.99,6,NO_ISSUE,0.0,0.0,0.0,No material variance,PASS,403.27
ICP000062-202604,ICP000062,RET002,RES,Christchurch Urban,2026-04,2026-04-01,2026-04-30,30,2026,75.79628796,6,75.8,Calculated reconciliation,75.79628796,75.8,6,NO_ISSUE,0.0,0.0,0.0,No material variance,PASS,495.031
ICP000063-202604,ICP000063,RET002,RSC,Christchurch Urban,2026-04,2026-04-01,2026-04-30,30,2026,110.49004009,6,110.49,Calculated reconciliation,110.49004009,110.49,6,NO_ISSUE,0.0,0.0,0.0,No material variance,PASS,1148.389
ICP000064-202604,ICP000064,RET002,RES,Central Canterbury Rural,2026-04,2026-04-01,2026-04-30,30,2026,75.09732624,6,75.1,Calculated reconciliation,65.36652693,65.37,6,OLD_PRICE_APPLIED,-9.730799309999995,-9.73,9.73,Underbilled,REVIEW,704.732
ICP000065-202604,ICP000065,RET001,RES,Christchurch Urban,2026-04,2026-04-01,2026-04-30,30,2026,59.55016902,6,59.55,Calculated reconciliation,59.55016902,59.55,6,NO_ISSUE,0.0,0.0,0.0,No material variance,PASS,516.635
ICP000066-202604,ICP000066,RET002,RSC,Christchurch Urban,2026-04,2026-04-01,2026-04-30,30,2026,90.57985987,6,90.58,Calculated reconciliation,90.57985987,90.58,6,NO_ISSUE,0.0,0.0,0.0,No material variance,PASS,1182.84
ICP000067-202604,ICP000067,RET004,RES,Christchurch Urban,2026-04,2026-04-01,2026-04-30,30,2026,69.81824112000001,6,69.82,Calculated reconciliation,69.81824112000001,69.82,6,NO_ISSUE,0.0,0.0,0.0,No material variance,PASS,638.967
ICP000068-202604,ICP000068,RET004,RES,Christchurch Urban,2026-04,2026-04-01,2026-04-30,30,2026,62.96158812,6,62.96,Calculated reconciliation,62.96158812,62.96,6,NO_ISSUE,0.0,0.0,0.0,No material variance,PASS,469.346
ICP000069-202604,ICP000069,RET001,RES,Christchurch Urban,2026-04,2026-04-01,2026-04-30,30,2026,65.10784105,6,65.11,Calculated reconciliation,65.10784105,65.11,6,NO_ISSUE,0.0,0.0,0.0,No material variance,PASS,421.822
ICP000070-202604,ICP000070,RET001,RES,Christchurch Urban,2026-04,2026-04-01,2026-04-30,30,2026,73.93281532,6,73.93,Calculated reconciliation,73.93281532,73.93,6,NO_ISSUE,0.0,0.0,0.0,No material variance,PASS,601.566
ICP000071-202604,ICP000071,RET002,RES,Christchurch Urban,2026-04,2026-04-01,2026-04-30,30,2026,57.91241307,6,57.91,Calculated reconciliation,57.91241307,57.91,6,NO_ISSUE,0.0,0.0,0.0,No material variance,PASS,386.011
ICP000072-202604,ICP000072,RET004,RSC,Christchurch Urban,2026-04,2026-04-01,2026-04-30,30,2026,74.54624727,6,74.55,Calculated reconciliation,74.54624727,74.55,6,NO_ISSUE,0.0,0.0,0.0,No material variance,PASS,824.74
ICP000073-202604,ICP000073,RET002,RSC,Central Canterbury Rural,2026-04,2026-04-01,2026-04-30,30,2026,81.61594814,6,81.62,Calculated reconciliation,81.61594814,81.62,6,NO_ISSUE,0.0,0.0,0.0,No material variance,PASS,877.555
ICP000074-202604,ICP000074,RET003,RES,Christchurch Urban,2026-04,2026-04-01,2026-04-30,30,2026,62.98181091,6,62.98,Calculated reconciliation,62.98181091,62.98,6,NO_ISSUE,0.0,0.0,0.0,No material variance,PASS,497.617
ICP000075-202604,ICP000075,RET003,RES,Christchurch Urban,2026-04,2026-04-01,2026-04-30,30,2026,59.17230552,6,59.17,Calculated reconciliation,59.17230552,59.17,6,NO_ISSUE,0.0,0.0,0.0,No material variance,PASS,484.6
ICP000076-202604,ICP000076,RET003,RSC,Christchurch Urban,2026-04,2026-04-01,2026-04-30,30,2026,73.69044045999999,6,73.69,Calculated reconciliation,73.69044045999999,73.69,6,NO_ISSUE,0.0,0.0,0.0,No material variance,PASS,542.656
ICP000077-202604,ICP000077,RET002,RES,Central Canterbury Rural,2026-04,2026-04-01,2026-04-30,30,2026,62.24130389,6,62.24,Calculated reconciliation,62.24130389,62.24,6,NO_ISSUE,0.0,0.0,0.0,No material variance,PASS,503.235
ICP000078-202604,ICP000078,RET003,RES,Christchurch Urban,2026-04,2026-04-01,2026-04-30,30,2026,77.04458188000001,6,77.04,Calculated reconciliation,77.04458188000001,77.04,6,NO_ISSUE,0.0,0.0,0.0,No material variance,PASS,642.979
ICP000079-202604,ICP000079,RET002,RES,Christchurch Urban,2026-04,2026-04-01,2026-04-30,30,2026,63.1168709,6,63.12,Calculated reconciliation,63.1168709,63.12,6,NO_ISSUE,0.0,0.0,0.0,No material variance,PASS,564.318
ICP000080-202604,ICP000080,RET001,RES,Christchurch Urban,2026-04,2026-04-01,2026-04-30,30,2026,54.52535313,6,54.53,Calculated reconciliation,54.52535313,54.53,6,NO_ISSUE,0.0,0.0,0.0,No material variance,PASS,460.032
ICP000081-202604,ICP000081,RET003,RSU,Christchurch Urban,2026-04,2026-04-01,2026-04-30,30,2026,89.18765624999999,6,89.19,Calculated reconciliation,89.18765624999999,89.19,6,NO_ISSUE,0.0,0.0,0.0,No material variance,PASS,695.155
ICP000082-202604,ICP000082,RET003,RES,Christchurch Urban,2026-04,2026-04-01,2026-04-30,30,2026,47.51613591,6,47.52,Calculated reconciliation,47.51613591,47.52,6,NO_ISSUE,0.0,0.0,0.0,No material variance,PASS,391.029
ICP000083-202604,ICP000083,RET003,RES,Selwyn,2026-04,2026-04-01,2026-04-30,30,2026,79.06826173,6,79.07,Calculated reconciliation,79.06826173,79.07,6,NO_ISSUE,0.0,0.0,0.0,No material variance,PASS,765.965
ICP000084-202604,ICP000084,RET004,RSC,Christchurch Urban,2026-04,2026-04-01,2026-04-30,30,2026,55.59558935,6,55.6,Calculated reconciliation,55.59558935,55.6,6,NO_ISSUE,0.0,0.0,0.0,No material variance,PASS,422.217
ICP000085-202604,ICP000085,RET001,RES,Christchurch Urban,2026-04,2026-04-01,2026-04-30,30,2026,121.87732426,6,121.88,Calculated reconciliation,121.87732426,121.88,6,NO_ISSUE,0.0,0.0,0.0,No material variance,PASS,847.028
ICP000086-202604,ICP000086,RET004,RES,Christchurch Urban,2026-04,2026-04-01,2026-04-30,30,2026,54.08233894,6,54.08,Calculated reconciliation,54.08233894,54.08,6,NO_ISSUE,0.0,0.0,0.0,No material variance,PASS,455.172
ICP000087-202604,ICP000087,RET001,RES,Christchurch Urban,2026-04,2026-04-01,2026-04-30,30,2026,75.65969296,6,75.66,Calculated reconciliation,75.65969296,75.66,6,NO_ISSUE,0.0,0.0,0.0,No material variance,PASS,581.742
ICP000088-202604,ICP000088,RET001,RES,Christchurch Urban,2026-04,2026-04-01,2026-04-30,30,2026,83.64066258,6,83.64,Calculated reconciliation,83.64066258,83.64,6,NO_ISSUE,0.0,0.0,0.0,No material variance,PASS,628.811
ICP000089-202604,ICP000089,RET004,RES,Christchurch Urban,2026-04,2026-04-01,2026-04-30,30,2026,55.58703323,6,55.59,Calculated reconciliation,55.58703323,55.59,6,NO_ISSUE,0.0,0.0,0.0,No material variance,PASS,481.541
ICP000090-202604,ICP000090,RET002,RES,Christchurch Urban,2026-04,2026-04-01,2026-04-30,30,2026,58.74444548,6,58.74,Calculated reconciliation,58.74444548,58.74,6,NO_ISSUE,0.0,0.0,0.0,No material variance,PASS,564.512
ICP000091-202604,ICP000091,RET004,RES,Christchurch Urban,2026-04,2026-04-01,2026-04-30,30,2026,60.39081841,6,60.39,Calculated reconciliation,60.39081841,60.39,6,NO_ISSUE,0.0,0.0,0.0,No material variance,PASS,548.891
ICP000092-202604,ICP000092,RET001,RES,Christchurch Urban,2026-04,2026-04-01,2026-04-30,30,2026,72.23167638000001,6,72.23,Calculated reconciliation,72.23167638000001,72.23,6,NO_ISSUE,0.0,0.0,0.0,No material variance,PASS,720.897
ICP000093-202604,ICP000093,RET005,RES,Christchurch Urban,2026-04,2026-04-01,2026-04-30,30,2026,60.63778177,6,60.64,Calculated reconciliation,52.4602915,52.46,6,OLD_PRICE_APPLIED,-8.17749027,-8.18,8.18,Underbilled,REVIEW,504.863
ICP000094-202604,ICP000094,RET005,RES,Christchurch Urban,2026-04,2026-04-01,2026-04-30,30,2026,58.58169063,6,58.58,Calculated reconciliation,58.58169063,58.58,6,NO_ISSUE,0.0,0.0,0.0,No material variance,PASS,454.765
ICP000095-202604,ICP000095,RET001,RES,Central Canterbury Rural,2026-04,2026-04-01,2026-04-30,30,2026,77.30554855999999,6,77.31,Calculated reconciliation,77.30554855999999,77.31,6,NO_ISSUE,0.0,0.0,0.0,No material variance,PASS,567.379
ICP000096-202604,ICP000096,RET002,URES,Christchurch Urban,2026-04,2026-04-01,2026-04-30,30,2026,62.62826806,6,62.63,Calculated reconciliation,62.62826806,62.63,6,NO_ISSUE,0.0,0.0,0.0,No material variance,PASS,483.595
ICP000097-202604,ICP000097,RET001,RES,Christchurch Urban,2026-04,2026-04-01,2026-04-30,30,2026,71.47829942999999,6,71.48,Calculated reconciliation,71.47829942999999,71.48,6,NO_ISSUE,0.0,0.0,0.0,No material variance,PASS,809.01
ICP000098-202604,ICP000098,RET005,RES,Christchurch Urban,2026-04,2026-04-01,2026-04-30,30,2026,57.48625985,6,57.49,Calculated reconciliation,57.48625985,57.49,6,NO_ISSUE,0.0,0.0,0.0,No material variance,PASS,438.325
ICP000099-202604,ICP000099,RET003,RSC,Selwyn,2026-04,2026-04-01,2026-04-30,30,2026,84.09973124,6,84.1,Calculated reconciliation,84.09973124,84.1,6,NO_ISSUE,0.0,0.0,0.0,No material variance,PASS,756.676
ICP000100-202604,ICP000100,RET003,RSC,Central Canterbury Rural,2026-04,2026-04-01,2026-04-30,30,2026,88.42363144,6,88.42,Calculated reconciliation,88.42363144,88.42,6,NO_ISSUE,0.0,0.0,0.0,No material variance,PASS,894.575
ICP000101-202604,ICP000101,RET003,RES,Christchurch Urban,2026-04,2026-04-01,2026-04-30,30,2026,99.2013376,6,99.2,Calculated reconciliation,99.2013376,99.2,6,NO_ISSUE,0.0,0.0,0.0,No material variance,PASS,1061.967
ICP000102-202604,ICP000102,RET001,RSC,Christchurch Urban,2026-04,2026-04-01,2026-04-30,30,2026,77.13630166,6,77.14,Calculated reconciliation,77.13630166,77.14,6,NO_ISSUE,0.0,0.0,0.0,No material variance,PASS,947.619
ICP000103-202604,ICP000103,RET002,RSC,Christchurch Urban,2026-04,2026-04-01,2026-04-30,30,2026,94.30817231,6,94.31,Calculated reconciliation,94.30817231,94.31,6,NO_ISSUE,0.0,0.0,0.0,No material variance,PASS,784.914
ICP000104-202604,ICP000104,RET005,RSC,Christchurch Urban,2026-04,2026-04-01,2026-04-30,30,2026,83.86629719,6,83.87,Calculated reconciliation,83.86629719,83.87,6,NO_ISSUE,0.0,0.0,0.0,No material variance,PASS,840.936
ICP000105-202604,ICP000105,RET001,RES,Christchurch Urban,2026-04,2026-04-01,2026-04-30,30,2026,111.32497084,6,111.32,Calculated reconciliation,111.32497084,111.32,6,NO_ISSUE,0.0,0.0,0.0,No material variance,PASS,745.564
ICP000106-202604,ICP000106,RET001,RES,Christchurch Urban,2026-04,2026-04-01,2026-04-30,30,2026,61.89318822,6,61.89,Calculated reconciliation,61.89318822,61.89,6,NO_ISSUE,0.0,0.0,0.0,No material variance,PASS,587.665
ICP000107-202604,ICP000107,RET004,URES,Christchurch Urban,2026-04,2026-04-01,2026-04-30,30,2026,64.97725154999999,6,64.98,Calculated reconciliation,64.97725154999999,64.98,6,NO_ISSUE,0.0,0.0,0.0,No material variance,PASS,485.161
ICP000108-202604,ICP000108,RET001,RES,Christchurch Urban,2026-04,2026-04-01,2026-04-30,30,2026,57.97341678,6,57.97,Calculated reconciliation,57.97341678,57.97,6,NO_ISSUE,0.0,0.0,0.0,No material variance,PASS,446.209
ICP000109-202604,ICP000109,RET001,RSC,Selwyn,2026-04,2026-04-01,2026-04-30,30,2026,84.59155093,6,84.59,Calculated reconciliation,84.59155093,84.59,6,NO_ISSUE,0.0,0.0,0.0,No material variance,PASS,698.11
ICP000110-202604,ICP000110,RET002,RES,Christchurch Urban,2026-04,2026-04-01,2026-04-30,30,2026,75.1236329,6,75.12,Calculated reconciliation,75.1236329,75.12,6,NO_ISSUE,0.0,0.0,0.0,No material variance,PASS,665.798
ICP000111-202604,ICP000111,RET002,RES,Christchurch Urban,2026-04,2026-04-01,2026-04-30,30,2026,74.8807573,6,74.88,Calculated reconciliation,74.8807573,74.88,6,NO_ISSUE,0.0,0.0,0.0,No material variance,PASS,686.144
ICP000112-202604,ICP000112,RET003,RSU,Christchurch Urban,2026-04,2026-04-01,2026-04-30,30,2026,72.49328825,6,72.49,Calculated reconciliation,72.49328825,72.49,6,NO_ISSUE,0.0,0.0,0.0,No material variance,PASS,523.844
ICP000113-202604,ICP000113,RET001,RES,Christchurch Urban,2026-04,2026-04-01,2026-04-30,30,2026,80.84437251,6,80.84,Calculated reconciliation,80.84437251,80.84,6,NO_ISSUE,0.0,0.0,0.0,No material variance,PASS,775.615
ICP000114-202604,ICP000114,RET001,RES,Christchurch Urban,2026-04,2026-04-01,2026-04-30,30,2026,83.45331232,6,83.45,Calculated reconciliation,83.45331232,83.45,6,NO_ISSUE,0.0,0.0,0.0,No material variance,PASS,695.824
ICP000115-202604,ICP000115,RET004,RES,Christchurch Urban,2026-04,2026-04-01,2026-04-30,30,2026,98.77919662,6,98.78,Calculated reconciliation,98.77919662,98.78,6,NO_ISSUE,0.0,0.0,0.0,No material variance,PASS,767.134
ICP000116-202604,ICP000116,RET002,RES,Christchurch Urban,2026-04,2026-04-01,2026-04-30,30,2026,70.1982133,6,70.2,Calculated reconciliation,70.1982133,70.2,6,NO_ISSUE,0.0,0.0,0.0,No material variance,PASS,711.165
ICP000117-202604,ICP000117,RET001,RES,Christchurch Urban,2026-04,2026-04-01,2026-04-30,30,2026,84.15171095,6,84.15,Calculated reconciliation,84.15171095,84.15,6,NO_ISSUE,0.0,0.0,0.0,No material variance,PASS,627.442
ICP000118-202604,ICP000118,RET003,RES,Christchurch Urban,2026-04,2026-04-01,2026-04-30,30,2026,73.67460438,6,73.67,Calculated reconciliation,73.67460438,73.67,6,NO_ISSUE,0.0,0.0,0.0,No material variance,PASS,657.125
ICP000119-202604,ICP000119,RET004,RES,Selwyn,2026-04,2026-04-01,2026-04-30,30,2026,84.56864893,6,84.57,Calculated reconciliation,84.56864893,84.57,6,NO_ISSUE,0.0,0.0,0.0,No material variance,PASS,778.346
ICP000120-202604,ICP000120,RET004,RES,Selwyn,2026-04,2026-04-01,2026-04-30,30,2026,89.26743379000001,6,89.27,Calculated reconciliation,89.26743379000001,89.27,6,NO_ISSUE,0.0,0.0,0.0,No material variance,PASS,930.635
ICP000121-202604,ICP000121,RET002,RES,Christchurch Urban,2026-04,2026-04-01,2026-04-30,30,2026,64.83422535,6,64.83,Calculated reconciliation,64.83422535,64.83,6,NO_ISSUE,0.0,0.0,0.0,No material variance,PASS,576.515
ICP000122-202604,ICP000122,RET005,RES,Selwyn,2026-04,2026-04-01,2026-04-30,30,2026,63.70602751,6,63.71,Calculated reconciliation,63.70602751,63.71,6,NO_ISSUE,0.0,0.0,0.0,No material variance,PASS,578.528
ICP000123-202604,ICP000123,RET005,RSU,Christchurch Urban,2026-04,2026-04-01,2026-04-30,30,2026,117.78654496,6,117.79,Calculated reconciliation,117.78654496,117.79,6,NO_ISSUE,0.0,0.0,0.0,No material variance,PASS,1255.475
ICP000124-202604,ICP000124,RET004,RES,Central Canterbury Rural,2026-04,2026-04-01,2026-04-30,30,2026,48.45729513,6,48.46,Calculated reconciliation,48.45729513,48.46,6,NO_ISSUE,0.0,0.0,0.0,No material variance,PASS,385.548
ICP000125-202604,ICP000125,RET001,RES,Christchurch Urban,2026-04,2026-04-01,2026-04-30,30,2026,59.8951231,6,59.9,Calculated reconciliation,59.8951231,59.9,6,NO_ISSUE,0.0,0.0,0.0,No material variance,PASS,535.352
ICP000126-202604,ICP000126,RET001,RES,Christchurch Urban,2026-04,2026-04-01,2026-04-30,30,2026,81.49323545,6,81.49,Calculated reconciliation,81.49323545,81.49,6,NO_ISSUE,0.0,0.0,0.0,No material variance,PASS,714.482
ICP000127-202604,ICP000127,RET001,RSU,Christchurch Urban,2026-04,2026-04-01,2026-04-30,30,2026,74.3866734,6,74.39,Calculated reconciliation,74.3866734,74.39,6,NO_ISSUE,0.0,0.0,0.0,No material variance,PASS,521.391
ICP000128-202604,ICP000128,RET001,RES,Christchurch Urban,2026-04,2026-04-01,2026-04-30,30,2026,53.09612577,6,53.1,Calculated reconciliation,53.09612577,53.1,6,NO_ISSUE,0.0,0.0,0.0,No material variance,PASS,359.379
ICP000129-202604,ICP000129,RET002,RES,Selwyn,2026-04,2026-04-01,2026-04-30,30,2026,67.25089719,6,67.25,Calculated reconciliation,67.25089719,67.25,6,NO_ISSUE,0.0,0.0,0.0,No material variance,PASS,518.752
ICP000130-202604,ICP000130,RET001,RSU,Christchurch Urban,2026-04,2026-04-01,2026-04-30,30,2026,79.75877194,6,79.76,Calculated reconciliation,79.75877194,79.76,6,NO_ISSUE,0.0,0.0,0.0,No material variance,PASS,728.027
ICP000131-202604,ICP000131,RET001,RSC,Christchurch Urban,2026-04,2026-04-01,2026-04-30,30,2026,105.83772401,6,105.84,Calculated reconciliation,105.83772401,105.84,6,NO_ISSUE,0.0,0.0,0.0,No material variance,PASS,1005.272
ICP000132-202604,ICP000132,RET002,RES,Christchurch Urban,2026-04,2026-04-01,2026-04-30,30,2026,87.89161537000001,6,87.89,Calculated reconciliation,87.89161537000001,87.89,6,NO_ISSUE,0.0,0.0,0.0,No material variance,PASS,837.853
ICP000133-202604,ICP000133,RET002,RES,Christchurch Urban,2026-04,2026-04-01,2026-04-30,30,2026,75.30749214,6,75.31,Calculated reconciliation,75.30749214,75.31,6,NO_ISSUE,0.0,0.0,0.0,No material variance,PASS,682.131
ICP000134-202604,ICP000134,RET004,RES,Selwyn,2026-04,2026-04-01,2026-04-30,30,2026,65.68602165,6,65.69,Calculated reconciliation,65.68602165,65.69,6,NO_ISSUE,0.0,0.0,0.0,No material variance,PASS,525.926
ICP000135-202604,ICP000135,RET001,RSC,Central Canterbury Rural,2026-04,2026-04-01,2026-04-30,30,2026,100.82172841,6,100.82,Calculated reconciliation,100.82172841,100.82,6,NO_ISSUE,0.0,0.0,0.0,No material variance,PASS,1067.251
ICP000136-202604,ICP000136,RET001,URES,Christchurch Urban,2026-04,2026-04-01,2026-04-30,30,2026,52.7961565,6,52.8,Calculated reconciliation,52.7961565,52.8,6,NO_ISSUE,0.0,0.0,0.0,No material variance,PASS,416.594
ICP000137-202604,ICP000137,RET004,RES,Christchurch Urban,2026-04,2026-04-01,2026-04-30,30,2026,93.79624639,6,93.8,Calculated reconciliation,82.31384828,82.31,6,OLD_PRICE_APPLIED,-11.482398109999991,-11.48,11.48,Underbilled,REVIEW,791.045
ICP000138-202604,ICP000138,RET001,RES,Selwyn,2026-04,2026-04-01,2026-04-30,30,2026,61.7061249,6,61.71,Calculated reconciliation,61.7061249,61.71,6,NO_ISSUE,0.0,0.0,0.0,No material variance,PASS,503.045
ICP000139-202604,ICP000139,RET003,RES,Christchurch Urban,2026-04,2026-04-01,2026-04-30,30,2026,66.46410893000001,6,66.46,Calculated reconciliation,66.46410893000001,66.46,6,NO_ISSUE,0.0,0.0,0.0,No material variance,PASS,439.919
ICP000140-202604,ICP000140,RET002,URES,Christchurch Urban,2026-04,2026-04-01,2026-04-30,30,2026,86.52099101,6,86.52,Calculated reconciliation,86.52099101,86.52,6,NO_ISSUE,0.0,0.0,0.0,No material variance,PASS,703.412
ICP000141-202604,ICP000141,RET002,RES,Selwyn,2026-04,2026-04-01,2026-04-30,30,2026,47.55437083,6,47.55,Calculated reconciliation,47.55437083,47.55,6,NO_ISSUE,0.0,0.0,0.0,No material variance,PASS,390.569
ICP000142-202604,ICP000142,RET001,RES,Christchurch Urban,2026-04,2026-04-01,2026-04-30,30,2026,51.4410047,6,51.44,Calculated reconciliation,51.4410047,51.44,6,NO_ISSUE,0.0,0.0,0.0,No material variance,PASS,473.342
ICP000143-202604,ICP000143,RET002,RES,Christchurch Urban,2026-04,2026-04-01,2026-04-30,30,2026,68.32276031,6,68.32,Calculated reconciliation,68.32276031,68.32,6,NO_ISSUE,0.0,0.0,0.0,No material variance,PASS,648.471
ICP000144-202604,ICP000144,RET001,RSC,Christchurch Urban,2026-04,2026-04-01,2026-04-30,30,2026,111.50055945,6,111.5,Calculated reconciliation,111.50055945,111.5,6,NO_ISSUE,0.0,0.0,0.0,No material variance,PASS,1384.555
ICP000145-202604,ICP000145,RET004,RES,Christchurch Urban,2026-04,2026-04-01,2026-04-30,30,2026,49.60971105,6,49.61,Calculated reconciliation,49.60971105,49.61,6,NO_ISSUE,0.0,0.0,0.0,No material variance,PASS,378.572
ICP000146-202604,ICP000146,RET002,RES,Christchurch Urban,2026-04,2026-04-01,2026-04-30,30,2026,93.72068161,6,93.72,Calculated reconciliation,93.72068161,93.72,6,NO_ISSUE,0.0,0.0,0.0,No material variance,PASS,906.45
ICP000147-202604,ICP000147,RET003,RSC,Christchurch Urban,2026-04,2026-04-01,2026-04-30,30,2026,59.15753157,6,59.16,Calculated reconciliation,59.15753157,59.16,6,NO_ISSUE,0.0,0.0,0.0,No material variance,PASS,570.244
ICP000148-202604,ICP000148,RET005,URES,Selwyn,2026-04,2026-04-01,2026-04-30,30,2026,76.38385407999999,6,76.38,Calculated reconciliation,76.38385407999999,76.38,6,NO_ISSUE,0.0,0.0,0.0,No material variance,PASS,620.869
ICP000149-202604,ICP000149,RET001,RES,Christchurch Urban,2026-04,2026-04-01,2026-04-30,30,2026,59.93280562,6,59.93,Calculated reconciliation,51.78955992,51.79,6,OLD_PRICE_APPLIED,-8.143245700000001,-8.14,8.14,Underbilled,REVIEW,440.419
ICP000150-202604,ICP000150,RET001,RES,Christchurch Urban,2026-04,2026-04-01,2026-04-30,30,2026,45.39693417,6,45.4,Calculated reconciliation,45.39693417,45.4,6,NO_ISSUE,0.0,0.0,0.0,No material variance,PASS,283.78
ICP000151-202604,ICP000151,RET003,RSC,Christchurch Urban,2026-04,2026-04-01,2026-04-30,30,2026,118.75086574,6,118.75,Calculated reconciliation,118.75086574,118.75,6,NO_ISSUE,0.0,0.0,0.0,No material variance,PASS,1094.92
ICP000152-202604,ICP000152,RET002,RES,Selwyn,2026-04,2026-04-01,2026-04-30,30,2026,51.56549381,6,51.57,Calculated reconciliation,51.56549381,51.57,6,NO_ISSUE,0.0,0.0,0.0,No material variance,PASS,334.207
ICP000153-202604,ICP000153,RET003,URES,Christchurch Urban,2026-04,2026-04-01,2026-04-30,30,2026,63.30591967,6,63.31,Calculated reconciliation,63.30591967,63.31,6,NO_ISSUE,0.0,0.0,0.0,No material variance,PASS,439.324
ICP000154-202604,ICP000154,RET002,RES,Christchurch Urban,2026-04,2026-04-01,2026-04-30,30,2026,66.55591556,6,66.56,Calculated reconciliation,66.55591556,66.56,6,NO_ISSUE,0.0,0.0,0.0,No material variance,PASS,512.231
ICP000155-202604,ICP000155,RET004,RSC,Christchurch Urban,2026-04,2026-04-01,2026-04-30,30,2026,108.03246333,6,108.03,Calculated reconciliation,113.28246333,113.28,6,CALCULATION_ERROR,5.25,5.25,5.25,Overbilled,REVIEW,978.331
ICP000156-202604,ICP000156,RET002,RES,Christchurch Urban,2026-04,2026-04-01,2026-04-30,30,2026,75.36479211,6,75.36,Calculated reconciliation,75.36479211,75.36,6,NO_ISSUE,0.0,0.0,0.0,No material variance,PASS,773.457
ICP000157-202604,ICP000157,RET005,RES,Christchurch Urban,2026-04,2026-04-01,2026-04-30,30,2026,46.02013264,6,46.02,Calculated reconciliation,46.02013264,46.02,6,NO_ISSUE,0.0,0.0,0.0,No material variance,PASS,393.618
ICP000158-202604,ICP000158,RET005,RES,Christchurch Urban,2026-04,2026-04-01,2026-04-30,30,2026,39.09864676,6,39.1,Calculated reconciliation,39.09864676,39.1,6,NO_ISSUE,0.0,0.0,0.0,No material variance,PASS,293.145
ICP000159-202604,ICP000159,RET001,RSC,Christchurch Urban,2026-04,2026-04-01,2026-04-30,30,2026,73.66505729,6,73.67,Calculated reconciliation,73.66505729,73.67,6,NO_ISSUE,0.0,0.0,0.0,No material variance,PASS,563.077
ICP000160-202604,ICP000160,RET003,RSC,Christchurch Urban,2026-04,2026-04-01,2026-04-30,30,2026,75.10808794,6,75.11,Calculated reconciliation,75.10808794,75.11,6,NO_ISSUE,0.0,0.0,0.0,No material variance,PASS,616.319
ICP000161-202604,ICP000161,RET003,RES,Selwyn,2026-04,2026-04-01,2026-04-30,30,2026,73.67306391,6,73.67,Calculated reconciliation,73.67306391,73.67,6,NO_ISSUE,0.0,0.0,0.0,No material variance,PASS,661.44
ICP000162-202604,ICP000162,RET001,RES,Selwyn,2026-04,2026-04-01,2026-04-30,30,2026,64.30240112,6,64.3,Calculated reconciliation,64.30240112,64.3,6,NO_ISSUE,0.0,0.0,0.0,No material variance,PASS,586.043
ICP000163-202604,ICP000163,RET003,RES,Selwyn,2026-04,2026-04-01,2026-04-30,30,2026,79.06274424,6,79.06,Calculated reconciliation,79.06274424,79.06,6,NO_ISSUE,0.0,0.0,0.0,No material variance,PASS,481.915
ICP000164-202604,ICP000164,RET001,RSU,Christchurch Urban,2026-04,2026-04-01,2026-04-30,30,2026,85.79460761,6,85.79,Calculated reconciliation,85.79460761,85.79,6,NO_ISSUE,0.0,0.0,0.0,No material variance,PASS,852.871
ICP000165-202604,ICP000165,RET001,RSC,Selwyn,2026-04,2026-04-01,2026-04-30,30,2026,129.42675255,6,129.43,Calculated reconciliation,129.42675255,129.43,6,NO_ISSUE,0.0,0.0,0.0,No material variance,PASS,1253.021
ICP000166-202604,ICP000166,RET005,URES,Christchurch Urban,2026-04,2026-04-01,2026-04-30,30,2026,91.01434085,6,91.01,Calculated reconciliation,91.01434085,91.01,6,NO_ISSUE,0.0,0.0,0.0,No material variance,PASS,599.369
ICP000167-202604,ICP000167,RET002,RSC,Christchurch Urban,2026-04,2026-04-01,2026-04-30,30,2026,78.26444734,6,78.26,Calculated reconciliation,78.26444734,78.26,6,NO_ISSUE,0.0,0.0,0.0,No material variance,PASS,778.176
ICP000168-202604,ICP000168,RET001,URES,Christchurch Urban,2026-04,2026-04-01,2026-04-30,30,2026,73.80287995,6,73.8,Calculated reconciliation,73.80287995,73.8,6,NO_ISSUE,0.0,0.0,0.0,No material variance,PASS,570.834
ICP000169-202604,ICP000169,RET005,RES,Christchurch Urban,2026-04,2026-04-01,2026-04-30,30,2026,68.61349315,6,68.61,Calculated reconciliation,59.68276392,59.68,6,OLD_PRICE_APPLIED,-8.930729229999997,-8.93,8.93,Underbilled,REVIEW,460.488
ICP000170-202604,ICP000170,RET003,URES,Christchurch Urban,2026-04,2026-04-01,2026-04-30,30,2026,68.88497416,6,68.88,Calculated reconciliation,68.88497416,68.88,6,NO_ISSUE,0.0,0.0,0.0,No material variance,PASS,514.348
ICP000171-202604,ICP000171,RET002,URES,Christchurch Urban,2026-04,2026-04-01,2026-04-30,30,2026,56.44086082,6,56.44,Calculated reconciliation,56.44086082,56.44,6,NO_ISSUE,0.0,0.0,0.0,No material variance,PASS,365.83
ICP000172-202604,ICP000172,RET001,RES,Christchurch Urban,2026-04,2026-04-01,2026-04-30,30,2026,64.30587951,6,64.31,Calculated reconciliation,64.30587951,64.31,6,NO_ISSUE,0.0,0.0,0.0,No material variance,PASS,562.304
ICP000173-202604,ICP000173,RET004,RES,Christchurch Urban,2026-04,2026-04-01,2026-04-30,30,2026,51.534660460000005,6,51.53,Calculated reconciliation,51.534660460000005,51.53,6,NO_ISSUE,0.0,0.0,0.0,No material variance,PASS,412.683
ICP000174-202604,ICP000174,RET005,URES,Christchurch Urban,2026-04,2026-04-01,2026-04-30,30,2026,53.978587919999995,6,53.98,Calculated reconciliation,53.978587919999995,53.98,6,NO_ISSUE,0.0,0.0,0.0,No material variance,PASS,388.287
ICP000175-202604,ICP000175,RET003,RSC,Selwyn,2026-04,2026-04-01,2026-04-30,30,2026,79.72209505000001,6,79.72,Calculated reconciliation,79.72209505000001,79.72,6,NO_ISSUE,0.0,0.0,0.0,No material variance,PASS,946.802
ICP000176-202604,ICP000176,RET005,URES,Christchurch Urban,2026-04,2026-04-01,2026-04-30,30,2026,78.64662693,6,78.65,Calculated reconciliation,78.64662693,78.65,6,NO_ISSUE,0.0,0.0,0.0,No material variance,PASS,603.015
ICP000177-202604,ICP000177,RET003,RSC,Selwyn,2026-04,2026-04-01,2026-04-30,30,2026,124.46036671,6,124.46,Calculated reconciliation,124.46036671,124.46,6,NO_ISSUE,0.0,0.0,0.0,No material variance,PASS,1371.792
ICP000178-202604,ICP000178,RET004,RES,Christchurch Urban,2026-04,2026-04-01,2026-04-30,30,2026,66.18034184,6,66.18,Calculated reconciliation,66.18034184,66.18,6,NO_ISSUE,0.0,0.0,0.0,No material variance,PASS,590.051
ICP000179-202604,ICP000179,RET001,URES,Christchurch Urban,2026-04,2026-04-01,2026-04-30,30,2026,53.82546575,6,53.83,Calculated reconciliation,53.82546575,53.83,6,NO_ISSUE,0.0,0.0,0.0,No material variance,PASS,352.333
ICP000180-202604,ICP000180,RET005,RES,Christchurch Urban,2026-04,2026-04-01,2026-04-30,30,2026,70.53505664,6,70.54,Calculated reconciliation,70.53505664,70.54,6,NO_ISSUE,0.0,0.0,0.0,No material variance,PASS,491.977
ICP000181-202604,ICP000181,RET002,URES,Christchurch Urban,2026-04,2026-04-01,2026-04-30,30,2026,56.26992801,6,56.27,Calculated reconciliation,56.26992801,56.27,6,NO_ISSUE,0.0,0.0,0.0,No material variance,PASS,492.994
ICP000182-202604,ICP000182,RET002,RSC,Christchurch Urban,2026-04,2026-04-01,2026-04-30,30,2026,122.6832388,6,122.68,Calculated reconciliation,122.6832388,122.68,6,NO_ISSUE,0.0,0.0,0.0,No material variance,PASS,1311.009
ICP000183-202604,ICP000183,RET002,RES,Christchurch Urban,2026-04,2026-04-01,2026-04-30,30,2026,107.87819354,6,107.88,Calculated reconciliation,107.87819354,107.88,6,NO_ISSUE,0.0,0.0,0.0,No material variance,PASS,976.43
ICP000184-202604,ICP000184,RET002,RES,Central Canterbury Rural,2026-04,2026-04-01,2026-04-30,30,2026,76.92838815,6,76.93,Calculated reconciliation,76.92838815,76.93,6,NO_ISSUE,0.0,0.0,0.0,No material variance,PASS,627.69
ICP000185-202604,ICP000185,RET004,RES,Central Canterbury Rural,2026-04,2026-04-01,2026-04-30,30,2026,64.02398591000001,6,64.02,Calculated reconciliation,64.02398591000001,64.02,6,NO_ISSUE,0.0,0.0,0.0,No material variance,PASS,663.867
ICP000186-202604,ICP000186,RET002,RSC,Christchurch Urban,2026-04,2026-04-01,2026-04-30,30,2026,95.34185421,6,95.34,Calculated reconciliation,95.34185421,95.34,6,NO_ISSUE,0.0,0.0,0.0,No material variance,PASS,1122.929
ICP000187-202604,ICP000187,RET002,RES,Christchurch Urban,2026-04,2026-04-01,2026-04-30,30,2026,77.59496382,6,77.59,Calculated reconciliation,77.59496382,77.59,6,NO_ISSUE,0.0,0.0,0.0,No material variance,PASS,742.792
ICP000188-202604,ICP000188,RET004,RES,Selwyn,2026-04,2026-04-01,2026-04-30,30,2026,90.59414656,6,90.59,Calculated reconciliation,90.59414656,90.59,6,NO_ISSUE,0.0,0.0,0.0,No material variance,PASS,843.998
ICP000189-202604,ICP000189,RET005,RSC,Central Canterbury Rural,2026-04,2026-04-01,2026-04-30,30,2026,103.68665206,6,103.69,Calculated reconciliation,103.68665206,103.69,6,NO_ISSUE,0.0,0.0,0.0,No material variance,PASS,830.727
ICP000190-202604,ICP000190,RET005,RES,Christchurch Urban,2026-04,2026-04-01,2026-04-30,30,2026,60.37759985,6,60.38,Calculated reconciliation,60.37759985,60.38,6,NO_ISSUE,0.0,0.0,0.0,No material variance,PASS,463.872
ICP000191-202604,ICP000191,RET001,RES,Christchurch Urban,2026-04,2026-04-01,2026-04-30,30,2026,64.85823078,6,64.86,Calculated reconciliation,64.85823078,64.86,6,NO_ISSUE,0.0,0.0,0.0,No material variance,PASS,634.023
ICP000192-202604,ICP000192,RET002,RES,Central Canterbury Rural,2026-04,2026-04-01,2026-04-30,30,2026,67.8337379,6,67.83,Calculated reconciliation,67.8337379,67.83,6,NO_ISSUE,0.0,0.0,0.0,No material variance,PASS,557.914
ICP000193-202604,ICP000193,RET004,RES,Christchurch Urban,2026-04,2026-04-01,2026-04-30,30,2026,96.47075076,6,96.47,Calculated reconciliation,96.47075076,96.47,6,NO_ISSUE,0.0,0.0,0.0,No material variance,PASS,767.926
ICP000194-202604,ICP000194,RET002,RSC,Christchurch Urban,2026-04,2026-04-01,2026-04-30,30,2026,74.04993559,6,74.05,Calculated reconciliation,74.04993559,74.05,6,NO_ISSUE,0.0,0.0,0.0,No material variance,PASS,588.649
ICP000195-202604,ICP000195,RET002,RES,Christchurch Urban,2026-04,2026-04-01,2026-04-30,30,2026,81.77645473,6,81.78,Calculated reconciliation,81.77645473,81.78,6,NO_ISSUE,0.0,0.0,0.0,No material variance,PASS,794.782
ICP000196-202604,ICP000196,RET002,URES,Christchurch Urban,2026-04,2026-04-01,2026-04-30,30,2026,71.70997329,6,71.71,Calculated reconciliation,71.70997329,71.71,6,NO_ISSUE,0.0,0.0,0.0,No material variance,PASS,512.476
ICP000197-202604,ICP000197,RET004,RES,Christchurch Urban,2026-04,2026-04-01,2026-04-30,30,2026,64.66362347,6,64.66,Calculated reconciliation,64.66362347,64.66,6,NO_ISSUE,0.0,0.0,0.0,No material variance,PASS,469.408
ICP000198-202604,ICP000198,RET002,RES,Selwyn,2026-04,2026-04-01,2026-04-30,30,2026,74.69400354999999,6,74.69,Calculated reconciliation,74.69400354999999,74.69,6,NO_ISSUE,0.0,0.0,0.0,No material variance,PASS,575.889
ICP000199-202604,ICP000199,RET003,RES,Christchurch Urban,2026-04,2026-04-01,2026-04-30,30,2026,71.47786596,6,71.48,Calculated reconciliation,71.47786596,71.48,6,NO_ISSUE,0.0,0.0,0.0,No material variance,PASS,897.337
ICP000200-202604,ICP000200,RET002,RES,Central Canterbury Rural,2026-04,2026-04-01,2026-04-30,30,2026,71.53259418,6,71.53,Calculated reconciliation,71.53259418,71.53,6,NO_ISSUE,0.0,0.0,0.0,No material variance,PASS,533.343
ICP000201-202604,ICP000201,RET001,RES,Selwyn,2026-04,2026-04-01,2026-04-30,30,2026,69.17324963,6,69.17,Calculated reconciliation,69.17324963,69.17,6,NO_ISSUE,0.0,0.0,0.0,No material variance,PASS,542.668
ICP000202-202604,ICP000202,RET005,RSC,Christchurch Urban,2026-04,2026-04-01,2026-04-30,30,2026,86.96004225,6,86.96,Calculated reconciliation,86.96004225,86.96,6,NO_ISSUE,0.0,0.0,0.0,No material variance,PASS,1002.849
ICP000203-202604,ICP000203,RET004,URES,Selwyn,2026-04,2026-04-01,2026-04-30,30,2026,56.6239043,6,56.62,Calculated reconciliation,56.6239043,56.62,6,NO_ISSUE,0.0,0.0,0.0,No material variance,PASS,342.572
ICP000204-202604,ICP000204,RET005,RSU,Christchurch Urban,2026-04,2026-04-01,2026-04-30,30,2026,94.50637766,6,94.51,Calculated reconciliation,94.50637766,94.51,6,NO_ISSUE,0.0,0.0,0.0,No material variance,PASS,1110.395
ICP000205-202604,ICP000205,RET005,URES,Selwyn,2026-04,2026-04-01,2026-04-30,30,2026,71.18080564,6,71.18,Calculated reconciliation,71.18080564,71.18,6,NO_ISSUE,0.0,0.0,0.0,No material variance,PASS,519.185
ICP000206-202604,ICP000206,RET001,RSC,Christchurch Urban,2026-04,2026-04-01,2026-04-30,30,2026,116.70599053,6,116.71,Calculated reconciliation,116.70599053,116.71,6,NO_ISSUE,0.0,0.0,0.0,No material variance,PASS,1156.12
ICP000207-202604,ICP000207,RET001,RES,Christchurch Urban,2026-04,2026-04-01,2026-04-30,30,2026,81.02374241,6,81.02,Calculated reconciliation,81.02374241,81.02,6,NO_ISSUE,0.0,0.0,0.0,No material variance,PASS,681.084
ICP000208-202604,ICP000208,RET003,RES,Christchurch Urban,2026-04,2026-04-01,2026-04-30,30,2026,66.52935587,6,66.53,Calculated reconciliation,66.52935587,66.53,6,NO_ISSUE,0.0,0.0,0.0,No material variance,PASS,560.628
ICP000209-202604,ICP000209,RET001,RES,Selwyn,2026-04,2026-04-01,2026-04-30,30,2026,65.68901998,6,65.69,Calculated reconciliation,65.68901998,65.69,6,NO_ISSUE,0.0,0.0,0.0,No material variance,PASS,652.411
ICP000210-202604,ICP000210,RET003,RES,Christchurch Urban,2026-04,2026-04-01,2026-04-30,30,2026,63.14225653,6,63.14,Calculated reconciliation,63.14225653,63.14,6,NO_ISSUE,0.0,0.0,0.0,No material variance,PASS,585.544
ICP000211-202604,ICP000211,RET002,RES,Selwyn,2026-04,2026-04-01,2026-04-30,30,2026,78.98206943,6,78.98,Calculated reconciliation,78.98206943,78.98,6,NO_ISSUE,0.0,0.0,0.0,No material variance,PASS,854.691
ICP000212-202604,ICP000212,RET002,RES,Central Canterbury Rural,2026-04,2026-04-01,2026-04-30,30,2026,52.26466296,6,52.26,Calculated reconciliation,52.26466296,52.26,6,NO_ISSUE,0.0,0.0,0.0,No material variance,PASS,327.651
ICP000213-202604,ICP000213,RET002,RSC,Christchurch Urban,2026-04,2026-04-01,2026-04-30,30,2026,123.89278502,6,123.89,Calculated reconciliation,123.89278502,123.89,6,NO_ISSUE,0.0,0.0,0.0,No material variance,PASS,1213.15
ICP000214-202604,ICP000214,RET002,RES,Christchurch Urban,2026-04,2026-04-01,2026-04-30,30,2026,75.11042878,6,75.11,Calculated reconciliation,75.11042878,75.11,6,NO_ISSUE,0.0,0.0,0.0,No material variance,PASS,603.29
ICP000215-202604,ICP000215,RET004,RES,Central Canterbury Rural,2026-04,2026-04-01,2026-04-30,30,2026,71.83724509,6,71.84,Calculated reconciliation,71.83724509,71.84,6,NO_ISSUE,0.0,0.0,0.0,No material variance,PASS,613.576
ICP000216-202604,ICP000216,RET003,URES,Christchurch Urban,2026-04,2026-04-01,2026-04-30,30,2026,72.19885027,6,72.2,Calculated reconciliation,72.19885027,72.2,6,NO_ISSUE,0.0,0.0,0.0,No material variance,PASS,430.459
ICP000217-202604,ICP000217,RET001,RES,Central Canterbury Rural,2026-04,2026-04-01,2026-04-30,30,2026,85.75016266,6,85.75,Calculated reconciliation,85.75016266,85.75,6,NO_ISSUE,0.0,0.0,0.0,No material variance,PASS,517.557
ICP000218-202604,ICP000218,RET005,RES,Christchurch Urban,2026-04,2026-04-01,2026-04-30,30,2026,68.01395375,6,68.01,Calculated reconciliation,68.01395375,68.01,6,NO_ISSUE,0.0,0.0,0.0,No material variance,PASS,468.098
ICP000219-202604,ICP000219,RET005,RSC,Christchurch Urban,2026-04,2026-04-01,2026-04-30,30,2026,96.1542338,6,96.15,Calculated reconciliation,96.1542338,96.15,6,NO_ISSUE,0.0,0.0,0.0,No material variance,PASS,768.213
ICP000220-202604,ICP000220,RET004,URES,Christchurch Urban,2026-04,2026-04-01,2026-04-30,30,2026,92.44684242,6,92.45,Calculated reconciliation,92.44684242,92.45,6,NO_ISSUE,0.0,0.0,0.0,No material variance,PASS,645.268
ICP000221-202604,ICP000221,RET001,RSC,Christchurch Urban,2026-04,2026-04-01,2026-04-30,30,2026,95.76086237,6,95.76,Calculated reconciliation,95.76086237,95.76,6,NO_ISSUE,0.0,0.0,0.0,No material variance,PASS,936.553
ICP000222-202604,ICP000222,RET002,RES,Selwyn,2026-04,2026-04-01,2026-04-30,30,2026,74.08833742,6,74.09,Calculated reconciliation,74.08833742,74.09,6,NO_ISSUE,0.0,0.0,0.0,No material variance,PASS,577.562
ICP000223-202604,ICP000223,RET001,RES,Christchurch Urban,2026-04,2026-04-01,2026-04-30,30,2026,90.89788356,6,90.9,Calculated reconciliation,90.89788356,90.9,6,NO_ISSUE,0.0,0.0,0.0,No material variance,PASS,909.762
ICP000224-202604,ICP000224,RET001,RSC,Christchurch Urban,2026-04,2026-04-01,2026-04-30,30,2026,82.04115939,6,82.04,Calculated reconciliation,82.04115939,82.04,6,NO_ISSUE,0.0,0.0,0.0,No material variance,PASS,733.867
ICP000225-202604,ICP000225,RET001,RES,Christchurch Urban,2026-04,2026-04-01,2026-04-30,30,2026,69.15138546,6,69.15,Calculated reconciliation,69.15138546,69.15,6,NO_ISSUE,0.0,0.0,0.0,No material variance,PASS,519.889
ICP000226-202604,ICP000226,RET001,RES,Christchurch Urban,2026-04,2026-04-01,2026-04-30,30,2026,72.11157816,6,72.11,Calculated reconciliation,72.11157816,72.11,6,NO_ISSUE,0.0,0.0,0.0,No material variance,PASS,533.443
ICP000227-202604,ICP000227,RET001,RSC,Christchurch Urban,2026-04,2026-04-01,2026-04-30,30,2026,88.04208566999999,6,88.04,Calculated reconciliation,88.04208566999999,88.04,6,NO_ISSUE,0.0,0.0,0.0,No material variance,PASS,711.729
ICP000228-202604,ICP000228,RET001,RES,Christchurch Urban,2026-04,2026-04-01,2026-04-30,30,2026,69.61920585,6,69.62,Calculated reconciliation,69.61920585,69.62,6,NO_ISSUE,0.0,0.0,0.0,No material variance,PASS,567.213
ICP000229-202604,ICP000229,RET002,URES,Christchurch Urban,2026-04,2026-04-01,2026-04-30,30,2026,62.90981778,6,62.91,Calculated reconciliation,62.90981778,62.91,6,NO_ISSUE,0.0,0.0,0.0,No material variance,PASS,659.777
ICP000230-202604,ICP000230,RET003,RES,Central Canterbury Rural,2026-04,2026-04-01,2026-04-30,30,2026,66.71354923,6,66.71,Calculated reconciliation,66.71354923,66.71,6,NO_ISSUE,0.0,0.0,0.0,No material variance,PASS,524.874
ICP000231-202604,ICP000231,RET004,RES,Christchurch Urban,2026-04,2026-04-01,2026-04-30,30,2026,57.97531707,6,57.98,Calculated reconciliation,57.97531707,57.98,6,NO_ISSUE,0.0,0.0,0.0,No material variance,PASS,491.958
ICP000232-202604,ICP000232,RET002,RES,Christchurch Urban,2026-04,2026-04-01,2026-04-30,30,2026,59.87915041000001,6,59.88,Calculated reconciliation,59.87915041000001,59.88,6,NO_ISSUE,0.0,0.0,0.0,No material variance,PASS,474.878
ICP000233-202604,ICP000233,RET002,RES,Central Canterbury Rural,2026-04,2026-04-01,2026-04-30,30,2026,63.28123862,6,63.28,Calculated reconciliation,63.28123862,63.28,6,NO_ISSUE,0.0,0.0,0.0,No material variance,PASS,590.934
ICP000234-202604,ICP000234,RET003,RSC,Selwyn,2026-04,2026-04-01,2026-04-30,30,2026,70.15454902,6,70.15,Calculated reconciliation,70.15454902,70.15,6,NO_ISSUE,0.0,0.0,0.0,No material variance,PASS,651.466
ICP000235-202604,ICP000235,RET001,RES,Christchurch Urban,2026-04,2026-04-01,2026-04-30,30,2026,68.39364834,6,68.39,Calculated reconciliation,68.39364834,68.39,6,NO_ISSUE,0.0,0.0,0.0,No material variance,PASS,493.703
ICP000236-202604,ICP000236,RET001,RES,Selwyn,2026-04,2026-04-01,2026-04-30,30,2026,59.83357247,6,59.83,Calculated reconciliation,59.83357247,59.83,6,NO_ISSUE,0.0,0.0,0.0,No material variance,PASS,514.946
ICP000237-202604,ICP000237,RET001,URES,Christchurch Urban,2026-04,2026-04-01,2026-04-30,30,2026,67.59675726,6,67.6,Calculated reconciliation,67.59675726,67.6,6,NO_ISSUE,0.0,0.0,0.0,No material variance,PASS,500.614
ICP000238-202604,ICP000238,RET001,RES,Christchurch Urban,2026-04,2026-04-01,2026-04-30,30,2026,62.90532134,6,62.91,Calculated reconciliation,62.90532134,62.91,6,NO_ISSUE,0.0,0.0,0.0,No material variance,PASS,488.379
ICP000239-202604,ICP000239,RET003,RES,Christchurch Urban,2026-04,2026-04-01,2026-04-30,30,2026,63.89511828,6,63.9,Calculated reconciliation,63.89511828,63.9,6,NO_ISSUE,0.0,0.0,0.0,No material variance,PASS,547.483
ICP000240-202604,ICP000240,RET002,RES,Christchurch Urban,2026-04,2026-04-01,2026-04-30,30,2026,91.49706989,6,91.5,Calculated reconciliation,91.49706989,91.5,6,NO_ISSUE,0.0,0.0,0.0,No material variance,PASS,921.549
ICP000241-202604,ICP000241,RET001,RSC,Christchurch Urban,2026-04,2026-04-01,2026-04-30,30,2026,65.87763343,6,65.88,Calculated reconciliation,65.87763343,65.88,6,NO_ISSUE,0.0,0.0,0.0,No material variance,PASS,796.737
ICP000242-202604,ICP000242,RET002,RES,Christchurch Urban,2026-04,2026-04-01,2026-04-30,30,2026,60.2360664,6,60.24,Calculated reconciliation,60.2360664,60.24,6,NO_ISSUE,0.0,0.0,0.0,No material variance,PASS,583.109
ICP000243-202604,ICP000243,RET003,RSC,Christchurch Urban,2026-04,2026-04-01,2026-04-30,30,2026,99.78319838,6,99.78,Calculated reconciliation,99.78319838,99.78,6,NO_ISSUE,0.0,0.0,0.0,No material variance,PASS,723.047
ICP000244-202604,ICP000244,RET001,RES,Christchurch Urban,2026-04,2026-04-01,2026-04-30,30,2026,76.15039783,6,76.15,Calculated reconciliation,76.15039783,76.15,6,NO_ISSUE,0.0,0.0,0.0,No material variance,PASS,619.636
ICP000245-202604,ICP000245,RET004,RES,Christchurch Urban,2026-04,2026-04-01,2026-04-30,30,2026,70.61177011,6,70.61,Calculated reconciliation,70.61177011,70.61,6,NO_ISSUE,0.0,0.0,0.0,No material variance,PASS,679.407
ICP000246-202604,ICP000246,RET003,RES,Central Canterbury Rural,2026-04,2026-04-01,2026-04-30,30,2026,72.47164427,6,72.47,Calculated reconciliation,72.47164427,72.47,6,NO_ISSUE,0.0,0.0,0.0,No material variance,PASS,596.535
ICP000247-202604,ICP000247,RET003,RES,Christchurch Urban,2026-04,2026-04-01,2026-04-30,30,2026,54.989953660000005,6,54.99,Calculated reconciliation,54.989953660000005,54.99,6,NO_ISSUE,0.0,0.0,0.0,No material variance,PASS,422.84
ICP000248-202604,ICP000248,RET001,RSC,Christchurch Urban,2026-04,2026-04-01,2026-04-30,30,2026,100.76731601999998,6,100.77,Calculated reconciliation,100.76731601999998,100.77,6,NO_ISSUE,0.0,0.0,0.0,No material variance,PASS,1079.103
ICP000249-202604,ICP000249,RET001,URES,Selwyn,2026-04,2026-04-01,2026-04-30,30,2026,73.26602121,6,73.27,Calculated reconciliation,73.26602121,73.27,6,NO_ISSUE,0.0,0.0,0.0,No material variance,PASS,550.757
ICP000250-202604,ICP000250,RET001,RES,Christchurch Urban,2026-04,2026-04-01,2026-04-30,30,2026,65.92373956,6,65.92,Calculated reconciliation,67.43813956,67.44,6,INCORRECT_ICP_DAYS,1.5143999999999949,1.51,1.51,Overbilled,REVIEW,542.697
ICP000251-202604,ICP000251,RET004,RES,Christchurch Urban,2026-04,2026-04-01,2026-04-30,30,2026,50.42791642,6,50.43,Calculated reconciliation,50.42791642,50.43,6,NO_ISSUE,0.0,0.0,0.0,No material variance,PASS,474.925
ICP000252-202604,ICP000252,RET002,RSU,Christchurch Urban,2026-04,2026-04-01,2026-04-30,30,2026,77.27557429,6,77.28,Calculated reconciliation,77.27557429,77.28,6,NO_ISSUE,0.0,0.0,0.0,No material variance,PASS,698.181
ICP000253-202604,ICP000253,RET002,URES,Christchurch Urban,2026-04,2026-04-01,2026-04-30,30,2026,74.68645705,6,74.69,Calculated reconciliation,74.68645705,74.69,6,NO_ISSUE,0.0,0.0,0.0,No material variance,PASS,535.617
ICP000254-202604,ICP000254,RET002,RES,Selwyn,2026-04,2026-04-01,2026-04-30,30,2026,68.95793268999999,6,68.96,Calculated reconciliation,74.20793268999999,74.21,6,CALCULATION_ERROR,5.25,5.25,5.25,Overbilled,REVIEW,591.203
ICP000255-202604,ICP000255,RET003,URES,Christchurch Urban,2026-04,2026-04-01,2026-04-30,30,2026,68.49473275,6,68.49,Calculated reconciliation,68.49473275,68.49,6,NO_ISSUE,0.0,0.0,0.0,No material variance,PASS,462.03
ICP000256-202604,ICP000256,RET001,RES,Selwyn,2026-04,2026-04-01,2026-04-30,30,2026,75.85525582,6,75.86,Calculated reconciliation,75.85525582,75.86,6,NO_ISSUE,0.0,0.0,0.0,No material variance,PASS,695.911
ICP000257-202604,ICP000257,RET003,RSC,Selwyn,2026-04,2026-04-01,2026-04-30,30,2026,112.08844145,6,112.09,Calculated reconciliation,112.08844145,112.09,6,NO_ISSUE,0.0,0.0,0.0,No material variance,PASS,968.263
ICP000258-202604,ICP000258,RET001,RSC,Christchurch Urban,2026-04,2026-04-01,2026-04-30,30,2026,77.80769381,6,77.81,Calculated reconciliation,77.16634302,77.17,6,WRONG_PRICE_CATEGORY,-0.6413507900000042,-0.64,0.64,Underbilled,REVIEW,970.116
ICP000259-202604,ICP000259,RET002,RSC,Christchurch Urban,2026-04,2026-04-01,2026-04-30,30,2026,113.98275963,6,113.98,Calculated reconciliation,113.98275963,113.98,6,NO_ISSUE,0.0,0.0,0.0,No material variance,PASS,930.135
ICP000260-202604,ICP000260,RET002,RES,Central Canterbury Rural,2026-04,2026-04-01,2026-04-30,30,2026,67.06559936000001,6,67.07,Calculated reconciliation,67.06559936000001,67.07,6,NO_ISSUE,0.0,0.0,0.0,No material variance,PASS,467.075
ICP000261-202604,ICP000261,RET004,RES,Central Canterbury Rural,2026-04,2026-04-01,2026-04-30,30,2026,67.52338812,6,67.52,Calculated reconciliation,67.52338812,67.52,6,NO_ISSUE,0.0,0.0,0.0,No material variance,PASS,553.478
ICP000262-202604,ICP000262,RET001,RES,Selwyn,2026-04,2026-04-01,2026-04-30,30,2026,63.00265672,6,63.0,Calculated reconciliation,63.00265672,63.0,6,NO_ISSUE,0.0,0.0,0.0,No material variance,PASS,473.523
ICP000263-202604,ICP000263,RET001,URES,Christchurch Urban,2026-04,2026-04-01,2026-04-30,30,2026,48.32401802,6,48.32,Calculated reconciliation,48.32401802,48.32,6,NO_ISSUE,0.0,0.0,0.0,No material variance,PASS,299.868
ICP000264-202604,ICP000264,RET001,RES,Central Canterbury Rural,2026-04,2026-04-01,2026-04-30,30,2026,75.2480157,6,75.25,Calculated reconciliation,75.2480157,75.25,6,NO_ISSUE,0.0,0.0,0.0,No material variance,PASS,597.409
ICP000265-202604,ICP000265,RET003,RES,Christchurch Urban,2026-04,2026-04-01,2026-04-30,30,2026,64.85528799,6,64.86,Calculated reconciliation,64.85528799,64.86,6,NO_ISSUE,0.0,0.0,0.0,No material variance,PASS,608.442
ICP000266-202604,ICP000266,RET003,RES,Christchurch Urban,2026-04,2026-04-01,2026-04-30,30,2026,58.97320786,6,58.97,Calculated reconciliation,58.97320786,58.97,6,NO_ISSUE,0.0,0.0,0.0,No material variance,PASS,409.579
ICP000267-202604,ICP000267,RET001,RES,Christchurch Urban,2026-04,2026-04-01,2026-04-30,30,2026,82.19255245,6,82.19,Calculated reconciliation,82.19255245,82.19,6,NO_ISSUE,0.0,0.0,0.0,No material variance,PASS,580.775
ICP000268-202604,ICP000268,RET001,RES,Christchurch Urban,2026-04,2026-04-01,2026-04-30,30,2026,52.33202396,6,52.33,Calculated reconciliation,52.33202396,52.33,6,NO_ISSUE,0.0,0.0,0.0,No material variance,PASS,372.534
ICP000269-202604,ICP000269,RET003,RSC,Selwyn,2026-04,2026-04-01,2026-04-30,30,2026,85.21991385,6,85.22,Calculated reconciliation,85.21991385,85.22,6,NO_ISSUE,0.0,0.0,0.0,No material variance,PASS,677.908
ICP000270-202604,ICP000270,RET002,RES,Christchurch Urban,2026-04,2026-04-01,2026-04-30,30,2026,40.60249339,6,40.6,Calculated reconciliation,40.60249339,40.6,6,NO_ISSUE,0.0,0.0,0.0,No material variance,PASS,327.329
ICP000271-202604,ICP000271,RET004,RES,Christchurch Urban,2026-04,2026-04-01,2026-04-30,30,2026,78.22008210999999,6,78.22,Calculated reconciliation,78.22008210999999,78.22,6,NO_ISSUE,0.0,0.0,0.0,No material variance,PASS,766.789
ICP000272-202604,ICP000272,RET005,RES,Christchurch Urban,2026-04,2026-04-01,2026-04-30,30,2026,57.74055923,6,57.74,Calculated reconciliation,57.74055923,57.74,6,NO_ISSUE,0.0,0.0,0.0,No material variance,PASS,390.052
ICP000273-202604,ICP000273,RET001,RSC,Christchurch Urban,2026-04,2026-04-01,2026-04-30,30,2026,130.10392779,6,130.1,Calculated reconciliation,130.10392779,130.1,6,NO_ISSUE,0.0,0.0,0.0,No material variance,PASS,1140.945
ICP000274-202604,ICP000274,RET002,RSC,Christchurch Urban,2026-04,2026-04-01,2026-04-30,30,2026,78.04477983,6,78.04,Calculated reconciliation,78.04477983,78.04,6,NO_ISSUE,0.0,0.0,0.0,No material variance,PASS,741.236
ICP000275-202604,ICP000275,RET004,RSC,Christchurch Urban,2026-04,2026-04-01,2026-04-30,30,2026,60.6308924,6,60.63,Calculated reconciliation,60.6308924,60.63,6,NO_ISSUE,0.0,0.0,0.0,No material variance,PASS,427.882
ICP000276-202604,ICP000276,RET001,RES,Selwyn,2026-04,2026-04-01,2026-04-30,30,2026,62.3999751,6,62.4,Calculated reconciliation,62.3999751,62.4,6,NO_ISSUE,0.0,0.0,0.0,No material variance,PASS,664.944
ICP000277-202604,ICP000277,RET001,RES,Christchurch Urban,2026-04,2026-04-01,2026-04-30,30,2026,54.8243167,6,54.82,Calculated reconciliation,54.8243167,54.82,6,NO_ISSUE,0.0,0.0,0.0,No material variance,PASS,324.395
ICP000278-202604,ICP000278,RET001,RES,Christchurch Urban,2026-04,2026-04-01,2026-04-30,30,2026,76.77544603999999,6,76.78,Calculated reconciliation,76.77544603999999,76.78,6,NO_ISSUE,0.0,0.0,0.0,No material variance,PASS,686.373
ICP000279-202604,ICP000279,RET001,RSC,Central Canterbury Rural,2026-04,2026-04-01,2026-04-30,30,2026,67.72097378,6,67.72,Calculated reconciliation,67.72097378,67.72,6,NO_ISSUE,0.0,0.0,0.0,No material variance,PASS,606.362
ICP000280-202604,ICP000280,RET002,RSC,Selwyn,2026-04,2026-04-01,2026-04-30,30,2026,99.26519377,6,99.27,Calculated reconciliation,99.26519377,99.27,6,NO_ISSUE,0.0,0.0,0.0,No material variance,PASS,892.806
ICP000281-202604,ICP000281,RET001,RES,Selwyn,2026-04,2026-04-01,2026-04-30,30,2026,58.525879460000006,6,58.53,Calculated reconciliation,58.525879460000006,58.53,6,NO_ISSUE,0.0,0.0,0.0,No material variance,PASS,514.048
ICP000282-202604,ICP000282,RET001,RES,Christchurch Urban,2026-04,2026-04-01,2026-04-30,30,2026,55.03225629,6,55.03,Calculated reconciliation,55.03225629,55.03,6,NO_ISSUE,0.0,0.0,0.0,No material variance,PASS,408.271
ICP000283-202604,ICP000283,RET004,RES,Christchurch Urban,2026-04,2026-04-01,2026-04-30,30,2026,110.97521798,6,110.98,Calculated reconciliation,110.97521798,110.98,6,NO_ISSUE,0.0,0.0,0.0,No material variance,PASS,976.656
ICP000284-202604,ICP000284,RET002,URES,Christchurch Urban,2026-04,2026-04-01,2026-04-30,30,2026,56.43064094,6,56.43,Calculated reconciliation,56.43064094,56.43,6,NO_ISSUE,0.0,0.0,0.0,No material variance,PASS,382.604
ICP000285-202604,ICP000285,RET001,RES,Christchurch Urban,2026-04,2026-04-01,2026-04-30,30,2026,75.47752953999999,6,75.48,Calculated reconciliation,75.47752953999999,75.48,6,NO_ISSUE,0.0,0.0,0.0,No material variance,PASS,659.42
ICP000286-202604,ICP000286,RET001,RES,Christchurch Urban,2026-04,2026-04-01,2026-04-30,30,2026,70.97273315999999,6,70.97,Calculated reconciliation,70.97273315999999,70.97,6,NO_ISSUE,0.0,0.0,0.0,No material variance,PASS,596.639
ICP000287-202604,ICP000287,RET005,RSC,Christchurch Urban,2026-04,2026-04-01,2026-04-30,30,2026,105.71472751,6,105.71,Calculated reconciliation,105.71472751,105.71,6,NO_ISSUE,0.0,0.0,0.0,No material variance,PASS,829.656
ICP000288-202604,ICP000288,RET002,RSU,Christchurch Urban,2026-04,2026-04-01,2026-04-30,30,2026,76.57124778,6,76.57,Calculated reconciliation,76.57124778,76.57,6,NO_ISSUE,0.0,0.0,0.0,No material variance,PASS,612.601
ICP000289-202604,ICP000289,RET001,RES,Christchurch Urban,2026-04,2026-04-01,2026-04-30,30,2026,50.21366573,6,50.21,Calculated reconciliation,50.21366573,50.21,6,NO_ISSUE,0.0,0.0,0.0,No material variance,PASS,493.182
ICP000290-202604,ICP000290,RET001,RES,Christchurch Urban,2026-04,2026-04-01,2026-04-30,30,2026,56.6229712,6,56.62,Calculated reconciliation,56.6229712,56.62,6,NO_ISSUE,0.0,0.0,0.0,No material variance,PASS,584.178
ICP000291-202604,ICP000291,RET003,RES,Christchurch Urban,2026-04,2026-04-01,2026-04-30,30,2026,62.12210844,6,62.12,Calculated reconciliation,62.12210844,62.12,6,NO_ISSUE,0.0,0.0,0.0,No material variance,PASS,480.321
ICP000292-202604,ICP000292,RET001,RES,Christchurch Urban,2026-04,2026-04-01,2026-04-30,30,2026,48.56953174,6,48.57,Calculated reconciliation,48.56953174,48.57,6,NO_ISSUE,0.0,0.0,0.0,No material variance,PASS,351.452
ICP000293-202604,ICP000293,RET002,RSC,Christchurch Urban,2026-04,2026-04-01,2026-04-30,30,2026,87.28101159,6,87.28,Calculated reconciliation,87.28101159,87.28,6,NO_ISSUE,0.0,0.0,0.0,No material variance,PASS,714.125
ICP000294-202604,ICP000294,RET002,RES,Christchurch Urban,2026-04,2026-04-01,2026-04-30,30,2026,57.964862700000005,6,57.96,Calculated reconciliation,57.964862700000005,57.96,6,NO_ISSUE,0.0,0.0,0.0,No material variance,PASS,619.001
ICP000295-202604,ICP000295,RET001,RES,Christchurch Urban,2026-04,2026-04-01,2026-04-30,30,2026,73.25638105,6,73.26,Calculated reconciliation,73.25638105,73.26,6,NO_ISSUE,0.0,0.0,0.0,No material variance,PASS,486.606
ICP000296-202604,ICP000296,RET002,RES,Christchurch Urban,2026-04,2026-04-01,2026-04-30,30,2026,71.75214436,6,71.75,Calculated reconciliation,94.84950826,94.85,7,DUPLICATE_CONSUMPTION,23.09736389999999,23.1,23.1,Overbilled,REVIEW,767.942
ICP000297-202604,ICP000297,RET001,RES,Christchurch Urban,2026-04,2026-04-01,2026-04-30,30,2026,57.25350202,6,57.25,Calculated reconciliation,57.25350202,57.25,6,NO_ISSUE,0.0,0.0,0.0,No material variance,PASS,475.258
ICP000298-202604,ICP000298,RET003,URES,Christchurch Urban,2026-04,2026-04-01,2026-04-30,30,2026,69.10745845,6,69.11,Calculated reconciliation,69.10745845,69.11,6,NO_ISSUE,0.0,0.0,0.0,No material variance,PASS,447.023
ICP000299-202604,ICP000299,RET002,RES,Central Canterbury Rural,2026-04,2026-04-01,2026-04-30,30,2026,83.74083753000001,6,83.74,Calculated reconciliation,83.74083753000001,83.74,6,NO_ISSUE,0.0,0.0,0.0,No material variance,PASS,673.473
ICP000300-202604,ICP000300,RET005,RES,Selwyn,2026-04,2026-04-01,2026-04-30,30,2026,81.15414374,6,81.15,Calculated reconciliation,81.15414374,81.15,6,NO_ISSUE,0.0,0.0,0.0,No material variance,PASS,661.033
ICP000301-202604,ICP000301,RET001,URES,Christchurch Urban,2026-04,2026-04-01,2026-04-30,30,2026,65.25014926,6,65.25,Calculated reconciliation,65.25014926,65.25,6,NO_ISSUE,0.0,0.0,0.0,No material variance,PASS,458.336
ICP000302-202604,ICP000302,RET003,RES,Christchurch Urban,2026-04,2026-04-01,2026-04-30,30,2026,51.37031747,6,51.37,Calculated reconciliation,51.37031747,51.37,6,NO_ISSUE,0.0,0.0,0.0,No material variance,PASS,393.128
ICP000303-202604,ICP000303,RET005,RES,Selwyn,2026-04,2026-04-01,2026-04-30,30,2026,76.71034776,6,76.71,Calculated reconciliation,76.71034776,76.71,6,NO_ISSUE,0.0,0.0,0.0,No material variance,PASS,616.639
ICP000304-202604,ICP000304,RET001,RSC,Christchurch Urban,2026-04,2026-04-01,2026-04-30,30,2026,68.55161905,6,68.55,Calculated reconciliation,68.55161905,68.55,6,NO_ISSUE,0.0,0.0,0.0,No material variance,PASS,618.796
ICP000305-202604,ICP000305,RET002,RSC,Christchurch Urban,2026-04,2026-04-01,2026-04-30,30,2026,93.60462728,6,93.6,Calculated reconciliation,93.60462728,93.6,6,NO_ISSUE,0.0,0.0,0.0,No material variance,PASS,1050.297
ICP000306-202604,ICP000306,RET004,RES,Christchurch Urban,2026-04,2026-04-01,2026-04-30,30,2026,90.82069813,6,90.82,Calculated reconciliation,90.82069813,90.82,6,NO_ISSUE,0.0,0.0,0.0,No material variance,PASS,829.714
ICP000307-202604,ICP000307,RET002,RES,Christchurch Urban,2026-04,2026-04-01,2026-04-30,30,2026,75.33811155,6,75.34,Calculated reconciliation,75.33811155,75.34,6,NO_ISSUE,0.0,0.0,0.0,No material variance,PASS,582.011
ICP000308-202604,ICP000308,RET003,RES,Christchurch Urban,2026-04,2026-04-01,2026-04-30,30,2026,86.83927953,6,86.84,Calculated reconciliation,86.83927953,86.84,6,NO_ISSUE,0.0,0.0,0.0,No material variance,PASS,687.652
ICP000309-202604,ICP000309,RET002,RES,Christchurch Urban,2026-04,2026-04-01,2026-04-30,30,2026,56.53412383,6,56.53,Calculated reconciliation,82.66990636,82.67,7,DUPLICATE_CONSUMPTION,26.13578253,26.14,26.14,Overbilled,REVIEW,322.233
ICP000310-202604,ICP000310,RET001,RES,Christchurch Urban,2026-04,2026-04-01,2026-04-30,30,2026,58.59413138000001,6,58.59,Calculated reconciliation,58.59413138000001,58.59,6,NO_ISSUE,0.0,0.0,0.0,No material variance,PASS,470.991
ICP000311-202604,ICP000311,RET005,URES,Selwyn,2026-04,2026-04-01,2026-04-30,30,2026,98.58022229,6,98.58,Calculated reconciliation,98.58022229,98.58,6,NO_ISSUE,0.0,0.0,0.0,No material variance,PASS,966.67
ICP000312-202604,ICP000312,RET001,RES,Central Canterbury Rural,2026-04,2026-04-01,2026-04-30,30,2026,91.61955294,6,91.62,Calculated reconciliation,91.61955294,91.62,6,NO_ISSUE,0.0,0.0,0.0,No material variance,PASS,936.138
ICP000313-202604,ICP000313,RET004,RES,Central Canterbury Rural,2026-04,2026-04-01,2026-04-30,30,2026,58.41022621,6,58.41,Calculated reconciliation,58.41022621,58.41,6,NO_ISSUE,0.0,0.0,0.0,No material variance,PASS,624.641
ICP000314-202604,ICP000314,RET001,RSC,Christchurch Urban,2026-04,2026-04-01,2026-04-30,30,2026,99.02877795,6,99.03,Calculated reconciliation,99.02877795,99.03,6,NO_ISSUE,0.0,0.0,0.0,No material variance,PASS,1002.718
ICP000315-202604,ICP000315,RET002,RES,Christchurch Urban,2026-04,2026-04-01,2026-04-30,30,2026,63.61628305,6,63.62,Calculated reconciliation,63.61628305,63.62,6,NO_ISSUE,0.0,0.0,0.0,No material variance,PASS,559.511
ICP000316-202604,ICP000316,RET005,RES,Central Canterbury Rural,2026-04,2026-04-01,2026-04-30,30,2026,79.33670258000001,6,79.34,Calculated reconciliation,79.33670258000001,79.34,6,NO_ISSUE,0.0,0.0,0.0,No material variance,PASS,847.195
ICP000317-202604,ICP000317,RET003,RES,Christchurch Urban,2026-04,2026-04-01,2026-04-30,30,2026,113.15592076,6,113.16,Calculated reconciliation,113.15592076,113.16,6,NO_ISSUE,0.0,0.0,0.0,No material variance,PASS,719.79
ICP000318-202604,ICP000318,RET004,RSU,Christchurch Urban,2026-04,2026-04-01,2026-04-30,30,2026,83.19154849,6,83.19,Calculated reconciliation,83.19154849,83.19,6,NO_ISSUE,0.0,0.0,0.0,No material variance,PASS,744.542
ICP000319-202604,ICP000319,RET001,RSC,Christchurch Urban,2026-04,2026-04-01,2026-04-30,30,2026,78.1745462,6,78.17,Calculated reconciliation,78.1745462,78.17,6,NO_ISSUE,0.0,0.0,0.0,No material variance,PASS,595.983
ICP000320-202604,ICP000320,RET004,RES,Christchurch Urban,2026-04,2026-04-01,2026-04-30,30,2026,71.25854262,6,71.26,Calculated reconciliation,71.25854262,71.26,6,NO_ISSUE,0.0,0.0,0.0,No material variance,PASS,448.527
ICP000321-202604,ICP000321,RET001,RES,Christchurch Urban,2026-04,2026-04-01,2026-04-30,30,2026,67.6540579,6,67.65,Calculated reconciliation,67.6540579,67.65,6,NO_ISSUE,0.0,0.0,0.0,No material variance,PASS,509.519
ICP000322-202604,ICP000322,RET002,RES,Christchurch Urban,2026-04,2026-04-01,2026-04-30,30,2026,72.04692614,6,72.05,Calculated reconciliation,72.04692614,72.05,6,NO_ISSUE,0.0,0.0,0.0,No material variance,PASS,549.783
ICP000323-202604,ICP000323,RET002,URES,Central Canterbury Rural,2026-04,2026-04-01,2026-04-30,30,2026,69.77924475,6,69.78,Calculated reconciliation,69.77924475,69.78,6,NO_ISSUE,0.0,0.0,0.0,No material variance,PASS,527.63
ICP000324-202604,ICP000324,RET002,RSC,Selwyn,2026-04,2026-04-01,2026-04-30,30,2026,100.3227572,6,100.32,Calculated reconciliation,100.3227572,100.32,6,NO_ISSUE,0.0,0.0,0.0,No material variance,PASS,1047.983
ICP000325-202604,ICP000325,RET004,RES,Christchurch Urban,2026-04,2026-04-01,2026-04-30,30,2026,67.93171455000001,6,67.93,Calculated reconciliation,67.93171455000001,67.93,6,NO_ISSUE,0.0,0.0,0.0,No material variance,PASS,738.959
ICP000326-202604,ICP000326,RET002,RES,Christchurch Urban,2026-04,2026-04-01,2026-04-30,30,2026,88.65265811,6,88.65,Calculated reconciliation,88.65265811,88.65,6,NO_ISSUE,0.0,0.0,0.0,No material variance,PASS,739.285
ICP000327-202604,ICP000327,RET001,RES,Christchurch Urban,2026-04,2026-04-01,2026-04-30,30,2026,93.63553273,6,93.64,Calculated reconciliation,93.63553273,93.64,6,NO_ISSUE,0.0,0.0,0.0,No material variance,PASS,724.115
ICP000328-202604,ICP000328,RET001,RES,Christchurch Urban,2026-04,2026-04-01,2026-04-30,30,2026,70.80840947,6,70.81,Calculated reconciliation,70.80840947,70.81,6,NO_ISSUE,0.0,0.0,0.0,No material variance,PASS,584.622
ICP000329-202604,ICP000329,RET001,RES,Selwyn,2026-04,2026-04-01,2026-04-30,30,2026,64.09053505,6,64.09,Calculated reconciliation,64.09053505,64.09,6,NO_ISSUE,0.0,0.0,0.0,No material variance,PASS,682.067
ICP000330-202604,ICP000330,RET001,RSC,Christchurch Urban,2026-04,2026-04-01,2026-04-30,30,2026,93.72464424,6,93.72,Calculated reconciliation,93.72464424,93.72,6,NO_ISSUE,0.0,0.0,0.0,No material variance,PASS,810.245
ICP000331-202604,ICP000331,RET001,RES,Christchurch Urban,2026-04,2026-04-01,2026-04-30,30,2026,72.21357909,6,72.21,Calculated reconciliation,72.21357909,72.21,6,NO_ISSUE,0.0,0.0,0.0,No material variance,PASS,708.841
ICP000332-202604,ICP000332,RET002,RES,Christchurch Urban,2026-04,2026-04-01,2026-04-30,30,2026,57.91885611,6,57.92,Calculated reconciliation,57.91885611,57.92,6,NO_ISSUE,0.0,0.0,0.0,No material variance,PASS,412.74
ICP000333-202604,ICP000333,RET001,RES,Christchurch Urban,2026-04,2026-04-01,2026-04-30,30,2026,59.10168278,6,59.1,Calculated reconciliation,59.10168278,59.1,6,NO_ISSUE,0.0,0.0,0.0,No material variance,PASS,510.382
ICP000334-202604,ICP000334,RET001,RES,Christchurch Urban,2026-04,2026-04-01,2026-04-30,30,2026,56.85880456,6,56.86,Calculated reconciliation,56.85880456,56.86,6,NO_ISSUE,0.0,0.0,0.0,No material variance,PASS,362.51
ICP000335-202604,ICP000335,RET001,RES,Christchurch Urban,2026-04,2026-04-01,2026-04-30,30,2026,56.94422679,6,56.94,Calculated reconciliation,56.94422679,56.94,6,NO_ISSUE,0.0,0.0,0.0,No material variance,PASS,542.618
ICP000336-202604,ICP000336,RET003,RSC,Christchurch Urban,2026-04,2026-04-01,2026-04-30,30,2026,61.77061447,6,61.77,Calculated reconciliation,61.77061447,61.77,6,NO_ISSUE,0.0,0.0,0.0,No material variance,PASS,486.989
ICP000337-202604,ICP000337,RET001,RSU,Christchurch Urban,2026-04,2026-04-01,2026-04-30,30,2026,91.76314946,6,91.76,Calculated reconciliation,91.76314946,91.76,6,NO_ISSUE,0.0,0.0,0.0,No material variance,PASS,719.236
ICP000338-202604,ICP000338,RET002,RES,Central Canterbury Rural,2026-04,2026-04-01,2026-04-30,30,2026,58.099910140000006,6,58.1,Calculated reconciliation,58.099910140000006,58.1,6,NO_ISSUE,0.0,0.0,0.0,No material variance,PASS,750.957
ICP000339-202604,ICP000339,RET002,RES,Christchurch Urban,2026-04,2026-04-01,2026-04-30,30,2026,66.63172188,6,66.63,Calculated reconciliation,66.63172188,66.63,6,NO_ISSUE,0.0,0.0,0.0,No material variance,PASS,628.248
ICP000340-202604,ICP000340,RET003,RES,Christchurch Urban,2026-04,2026-04-01,2026-04-30,30,2026,79.30560868,6,79.31,Calculated reconciliation,79.30560868,79.31,6,NO_ISSUE,0.0,0.0,0.0,No material variance,PASS,678.78
ICP000341-202604,ICP000341,RET005,RSC,Central Canterbury Rural,2026-04,2026-04-01,2026-04-30,30,2026,105.9887872,6,105.99,Calculated reconciliation,105.9887872,105.99,6,NO_ISSUE,0.0,0.0,0.0,No material variance,PASS,811.738
ICP000342-202604,ICP000342,RET003,URES,Christchurch Urban,2026-04,2026-04-01,2026-04-30,30,2026,84.96896173,6,84.97,Calculated reconciliation,84.96896173,84.97,6,NO_ISSUE,0.0,0.0,0.0,No material variance,PASS,773.006
ICP000343-202604,ICP000343,RET004,RES,Christchurch Urban,2026-04,2026-04-01,2026-04-30,30,2026,78.35598968000001,6,78.36,Calculated reconciliation,78.35598968000001,78.36,6,NO_ISSUE,0.0,0.0,0.0,No material variance,PASS,601.734
ICP000344-202604,ICP000344,RET003,RES,Selwyn,2026-04,2026-04-01,2026-04-30,30,2026,47.42632801,6,47.43,Calculated reconciliation,47.42632801,47.43,6,NO_ISSUE,0.0,0.0,0.0,No material variance,PASS,400.923
ICP000345-202604,ICP000345,RET004,RES,Christchurch Urban,2026-04,2026-04-01,2026-04-30,30,2026,62.03537743,6,62.04,Calculated reconciliation,62.03537743,62.04,6,NO_ISSUE,0.0,0.0,0.0,No material variance,PASS,466.289
ICP000346-202604,ICP000346,RET001,RES,Christchurch Urban,2026-04,2026-04-01,2026-04-30,30,2026,73.63339181,6,73.63,Calculated reconciliation,73.63339181,73.63,6,NO_ISSUE,0.0,0.0,0.0,No material variance,PASS,695.997
ICP000347-202604,ICP000347,RET004,RSC,Christchurch Urban,2026-04,2026-04-01,2026-04-30,30,2026,123.9938578,6,123.99,Calculated reconciliation,123.9938578,123.99,6,NO_ISSUE,0.0,0.0,0.0,No material variance,PASS,1407.513
ICP000348-202604,ICP000348,RET002,RES,Christchurch Urban,2026-04,2026-04-01,2026-04-30,30,2026,107.20151605,6,107.2,Calculated reconciliation,107.20151605,107.2,6,NO_ISSUE,0.0,0.0,0.0,No material variance,PASS,1037.392
ICP000349-202604,ICP000349,RET002,RSC,Christchurch Urban,2026-04,2026-04-01,2026-04-30,30,2026,133.2447574,6,133.24,Calculated reconciliation,133.2447574,133.24,6,NO_ISSUE,0.0,0.0,0.0,No material variance,PASS,1308.243
ICP000350-202604,ICP000350,RET003,URES,Selwyn,2026-04,2026-04-01,2026-04-30,30,2026,56.31296893,6,56.31,Calculated reconciliation,56.31296893,56.31,6,NO_ISSUE,0.0,0.0,0.0,No material variance,PASS,451.856
ICP000351-202604,ICP000351,RET001,RES,Christchurch Urban,2026-04,2026-04-01,2026-04-30,30,2026,66.68105408,6,66.68,Calculated reconciliation,66.68105408,66.68,6,NO_ISSUE,0.0,0.0,0.0,No material variance,PASS,544.289
ICP000352-202604,ICP000352,RET003,RES,Christchurch Urban,2026-04,2026-04-01,2026-04-30,30,2026,77.2261136,6,77.23,Calculated reconciliation,77.2261136,77.23,6,NO_ISSUE,0.0,0.0,0.0,No material variance,PASS,691.889
ICP000353-202604,ICP000353,RET001,URES,Christchurch Urban,2026-04,2026-04-01,2026-04-30,30,2026,65.81579983,6,65.82,Calculated reconciliation,65.81579983,65.82,6,NO_ISSUE,0.0,0.0,0.0,No material variance,PASS,416.288
ICP000354-202604,ICP000354,RET001,RSC,Christchurch Urban,2026-04,2026-04-01,2026-04-30,30,2026,87.61489675,6,87.61,Calculated reconciliation,87.61489675,87.61,6,NO_ISSUE,0.0,0.0,0.0,No material variance,PASS,740.404
ICP000355-202604,ICP000355,RET001,RES,Christchurch Urban,2026-04,2026-04-01,2026-04-30,30,2026,76.56442901,6,76.56,Calculated reconciliation,76.56442901,76.56,6,NO_ISSUE,0.0,0.0,0.0,No material variance,PASS,688.614
ICP000356-202604,ICP000356,RET002,RSC,Christchurch Urban,2026-04,2026-04-01,2026-04-30,30,2026,136.54088303,6,136.54,Calculated reconciliation,136.54088303,136.54,6,NO_ISSUE,0.0,0.0,0.0,No material variance,PASS,1902.437
ICP000357-202604,ICP000357,RET003,URES,Central Canterbury Rural,2026-04,2026-04-01,2026-04-30,30,2026,88.20320004999999,6,88.2,Calculated reconciliation,88.20320004999999,88.2,6,NO_ISSUE,0.0,0.0,0.0,No material variance,PASS,1031.449
ICP000358-202604,ICP000358,RET001,RES,Christchurch Urban,2026-04,2026-04-01,2026-04-30,30,2026,70.42152916,6,70.42,Calculated reconciliation,70.42152916,70.42,6,NO_ISSUE,0.0,0.0,0.0,No material variance,PASS,537.244
ICP000359-202604,ICP000359,RET004,RES,Christchurch Urban,2026-04,2026-04-01,2026-04-30,30,2026,80.71313013,6,80.71,Calculated reconciliation,80.71313013,80.71,6,NO_ISSUE,0.0,0.0,0.0,No material variance,PASS,565.409
ICP000360-202604,ICP000360,RET002,RES,Christchurch Urban,2026-04,2026-04-01,2026-04-30,30,2026,73.98569868,6,73.99,Calculated reconciliation,73.98569868,73.99,6,NO_ISSUE,0.0,0.0,0.0,No material variance,PASS,471.036
ICP000361-202604,ICP000361,RET004,URES,Christchurch Urban,2026-04,2026-04-01,2026-04-30,30,2026,70.27721164,6,70.28,Calculated reconciliation,70.27721164,70.28,6,NO_ISSUE,0.0,0.0,0.0,No material variance,PASS,521.032
ICP000362-202604,ICP000362,RET003,RSC,Christchurch Urban,2026-04,2026-04-01,2026-04-30,30,2026,103.16556986,6,103.17,Calculated reconciliation,103.16556986,103.17,6,NO_ISSUE,0.0,0.0,0.0,No material variance,PASS,1161.319
ICP000363-202604,ICP000363,RET004,RES,Christchurch Urban,2026-04,2026-04-01,2026-04-30,30,2026,92.3359107,6,92.34,Calculated reconciliation,92.3359107,92.34,6,NO_ISSUE,0.0,0.0,0.0,No material variance,PASS,725.116
ICP000364-202604,ICP000364,RET005,RES,Christchurch Urban,2026-04,2026-04-01,2026-04-30,30,2026,74.23520483,6,74.24,Calculated reconciliation,74.23520483,74.24,6,NO_ISSUE,0.0,0.0,0.0,No material variance,PASS,527.422
ICP000365-202604,ICP000365,RET002,RES,Christchurch Urban,2026-04,2026-04-01,2026-04-30,30,2026,81.27911913,6,81.28,Calculated reconciliation,81.27911913,81.28,6,NO_ISSUE,0.0,0.0,0.0,No material variance,PASS,650.666
ICP000366-202604,ICP000366,RET001,RES,Selwyn,2026-04,2026-04-01,2026-04-30,30,2026,51.48222547,6,51.48,Calculated reconciliation,51.48222547,51.48,6,NO_ISSUE,0.0,0.0,0.0,No material variance,PASS,374.703
ICP000367-202604,ICP000367,RET001,RES,Christchurch Urban,2026-04,2026-04-01,2026-04-30,30,2026,90.32220386,6,90.32,Calculated reconciliation,90.32220386,90.32,6,NO_ISSUE,0.0,0.0,0.0,No material variance,PASS,708.395
ICP000368-202604,ICP000368,RET002,RES,Christchurch Urban,2026-04,2026-04-01,2026-04-30,30,2026,62.93207658,6,62.93,Calculated reconciliation,62.93207658,62.93,6,NO_ISSUE,0.0,0.0,0.0,No material variance,PASS,448.542
ICP000369-202604,ICP000369,RET004,RES,Christchurch Urban,2026-04,2026-04-01,2026-04-30,30,2026,86.76242191,6,86.76,Calculated reconciliation,86.76242191,86.76,6,NO_ISSUE,0.0,0.0,0.0,No material variance,PASS,783.88
ICP000370-202604,ICP000370,RET001,RSC,Christchurch Urban,2026-04,2026-04-01,2026-04-30,30,2026,69.72983471,6,69.73,Calculated reconciliation,69.72983471,69.73,6,NO_ISSUE,0.0,0.0,0.0,No material variance,PASS,525.528
ICP000371-202604,ICP000371,RET001,RES,Christchurch Urban,2026-04,2026-04-01,2026-04-30,30,2026,67.23992966,6,67.24,Calculated reconciliation,67.23992966,67.24,6,NO_ISSUE,0.0,0.0,0.0,No material variance,PASS,502.737
ICP000372-202604,ICP000372,RET004,RES,Christchurch Urban,2026-04,2026-04-01,2026-04-30,30,2026,65.2787795,6,65.28,Calculated reconciliation,65.2787795,65.28,6,NO_ISSUE,0.0,0.0,0.0,No material variance,PASS,666.604
ICP000373-202604,ICP000373,RET001,RES,Christchurch Urban,2026-04,2026-04-01,2026-04-30,30,2026,71.9871292,6,71.99,Calculated reconciliation,71.9871292,71.99,6,NO_ISSUE,0.0,0.0,0.0,No material variance,PASS,528.142
ICP000374-202604,ICP000374,RET004,RES,Central Canterbury Rural,2026-04,2026-04-01,2026-04-30,30,2026,73.2269778,6,73.23,Calculated reconciliation,73.2269778,73.23,6,NO_ISSUE,0.0,0.0,0.0,No material variance,PASS,537.857
ICP000375-202604,ICP000375,RET002,RES,Christchurch Urban,2026-04,2026-04-01,2026-04-30,30,2026,67.7323183,6,67.73,Calculated reconciliation,67.7323183,67.73,6,NO_ISSUE,0.0,0.0,0.0,No material variance,PASS,477.901
ICP000376-202604,ICP000376,RET002,RES,Selwyn,2026-04,2026-04-01,2026-04-30,30,2026,80.17404651,6,80.17,Calculated reconciliation,80.17404651,80.17,6,NO_ISSUE,0.0,0.0,0.0,No material variance,PASS,673.701
ICP000377-202604,ICP000377,RET004,RES,Selwyn,2026-04,2026-04-01,2026-04-30,30,2026,64.14089759,6,64.14,Calculated reconciliation,64.14089759,64.14,6,NO_ISSUE,0.0,0.0,0.0,No material variance,PASS,543.748
ICP000378-202604,ICP000378,RET003,URES,Christchurch Urban,2026-04,2026-04-01,2026-04-30,30,2026,90.18601895,6,90.19,Calculated reconciliation,90.18601895,90.19,6,NO_ISSUE,0.0,0.0,0.0,No material variance,PASS,645.791
ICP000379-202604,ICP000379,RET003,RES,Christchurch Urban,2026-04,2026-04-01,2026-04-30,30,2026,65.43243898,6,65.43,Calculated reconciliation,65.43243898,65.43,6,NO_ISSUE,0.0,0.0,0.0,No material variance,PASS,500.507
ICP000380-202604,ICP000380,RET004,RES,Christchurch Urban,2026-04,2026-04-01,2026-04-30,30,2026,80.9374083,6,80.94,Calculated reconciliation,80.75720303,80.76,6,WRONG_PRICE_CATEGORY,-0.18020527000000186,-0.18,0.18,Underbilled,REVIEW,630.942
ICP000381-202604,ICP000381,RET001,RES,Christchurch Urban,2026-04,2026-04-01,2026-04-30,30,2026,81.40233854,6,81.4,Calculated reconciliation,81.40233854,81.4,6,NO_ISSUE,0.0,0.0,0.0,No material variance,PASS,774.4
ICP000382-202604,ICP000382,RET002,RSU,Christchurch Urban,2026-04,2026-04-01,2026-04-30,30,2026,110.25622102,6,110.26,Calculated reconciliation,110.25622102,110.26,6,NO_ISSUE,0.0,0.0,0.0,No material variance,PASS,1144.568
ICP000383-202604,ICP000383,RET004,RES,Selwyn,2026-04,2026-04-01,2026-04-30,30,2026,80.62526681,6,80.63,Calculated reconciliation,80.62526681,80.63,6,NO_ISSUE,0.0,0.0,0.0,No material variance,PASS,798.246
ICP000384-202604,ICP000384,RET001,RES,Christchurch Urban,2026-04,2026-04-01,2026-04-30,30,2026,54.59136683,6,54.59,Calculated reconciliation,54.59136683,54.59,6,NO_ISSUE,0.0,0.0,0.0,No material variance,PASS,523.196
ICP000385-202604,ICP000385,RET003,RSC,Christchurch Urban,2026-04,2026-04-01,2026-04-30,30,2026,64.70802471,6,64.71,Calculated reconciliation,64.70802471,64.71,6,NO_ISSUE,0.0,0.0,0.0,No material variance,PASS,466.605
ICP000386-202604,ICP000386,RET002,RES,Christchurch Urban,2026-04,2026-04-01,2026-04-30,30,2026,48.66577045,6,48.67,Calculated reconciliation,48.66577045,48.67,6,NO_ISSUE,0.0,0.0,0.0,No material variance,PASS,348.956
ICP000387-202604,ICP000387,RET004,URES,Christchurch Urban,2026-04,2026-04-01,2026-04-30,30,2026,99.56450765,6,99.56,Calculated reconciliation,99.56450765,99.56,6,NO_ISSUE,0.0,0.0,0.0,No material variance,PASS,847.015
ICP000388-202604,ICP000388,RET003,RSC,Christchurch Urban,2026-04,2026-04-01,2026-04-30,30,2026,96.89337034,6,96.89,Calculated reconciliation,96.89337034,96.89,6,NO_ISSUE,0.0,0.0,0.0,No material variance,PASS,897.213
ICP000389-202604,ICP000389,RET001,RES,Christchurch Urban,2026-04,2026-04-01,2026-04-30,30,2026,58.50985079,6,58.51,Calculated reconciliation,58.50985079,58.51,6,NO_ISSUE,0.0,0.0,0.0,No material variance,PASS,462.763
ICP000390-202604,ICP000390,RET004,RES,Christchurch Urban,2026-04,2026-04-01,2026-04-30,30,2026,79.30224387,6,79.3,Calculated reconciliation,79.30224387,79.3,6,NO_ISSUE,0.0,0.0,0.0,No material variance,PASS,727.87
ICP000391-202604,ICP000391,RET002,RES,Christchurch Urban,2026-04,2026-04-01,2026-04-30,30,2026,54.9446874,6,54.94,Calculated reconciliation,54.9446874,54.94,6,NO_ISSUE,0.0,0.0,0.0,No material variance,PASS,362.235
ICP000392-202604,ICP000392,RET002,RSU,Christchurch Urban,2026-04,2026-04-01,2026-04-30,30,2026,99.4491848,6,99.45,Calculated reconciliation,99.4491848,99.45,6,NO_ISSUE,0.0,0.0,0.0,No material variance,PASS,833.029
ICP000393-202604,ICP000393,RET002,RES,Christchurch Urban,2026-04,2026-04-01,2026-04-30,30,2026,60.65103405,6,60.65,Calculated reconciliation,60.65103405,60.65,6,NO_ISSUE,0.0,0.0,0.0,No material variance,PASS,526.659
ICP000394-202604,ICP000394,RET001,URES,Christchurch Urban,2026-04,2026-04-01,2026-04-30,30,2026,78.57706665,6,78.58,Calculated reconciliation,78.57706665,78.58,6,NO_ISSUE,0.0,0.0,0.0,No material variance,PASS,801.171
ICP000395-202604,ICP000395,RET001,RES,Christchurch Urban,2026-04,2026-04-01,2026-04-30,30,2026,62.87240817,6,62.87,Calculated reconciliation,62.87240817,62.87,6,NO_ISSUE,0.0,0.0,0.0,No material variance,PASS,586.892
ICP000396-202604,ICP000396,RET003,RES,Christchurch Urban,2026-04,2026-04-01,2026-04-30,30,2026,133.85164589,6,133.85,Calculated reconciliation,133.85164589,133.85,6,NO_ISSUE,0.0,0.0,0.0,No material variance,PASS,1257.772
ICP000397-202604,ICP000397,RET004,URES,Christchurch Urban,2026-04,2026-04-01,2026-04-30,30,2026,76.88400858,6,76.88,Calculated reconciliation,76.88400858,76.88,6,NO_ISSUE,0.0,0.0,0.0,No material variance,PASS,628.385
ICP000398-202604,ICP000398,RET003,RSC,Christchurch Urban,2026-04,2026-04-01,2026-04-30,30,2026,103.18241494,6,103.18,Calculated reconciliation,103.18241494,103.18,6,NO_ISSUE,0.0,0.0,0.0,No material variance,PASS,971.496
ICP000399-202604,ICP000399,RET003,RES,Christchurch Urban,2026-04,2026-04-01,2026-04-30,30,2026,54.88274139000001,6,54.88,Calculated reconciliation,54.88274139000001,54.88,6,NO_ISSUE,0.0,0.0,0.0,No material variance,PASS,505.277
ICP000400-202604,ICP000400,RET004,RES,Christchurch Urban,2026-04,2026-04-01,2026-04-30,30,2026,89.38039084,6,89.38,Calculated reconciliation,89.38039084,89.38,6,NO_ISSUE,0.0,0.0,0.0,No material variance,PASS,753.654
ICP000401-202604,ICP000401,RET001,RSC,Christchurch Urban,2026-04,2026-04-01,2026-04-30,30,2026,69.28787886,6,69.29,Calculated reconciliation,69.28787886,69.29,6,NO_ISSUE,0.0,0.0,0.0,No material variance,PASS,560.49
ICP000402-202604,ICP000402,RET003,RES,Christchurch Urban,2026-04,2026-04-01,2026-04-30,30,2026,71.26277569000001,6,71.26,Calculated reconciliation,71.26277569000001,71.26,6,NO_ISSUE,0.0,0.0,0.0,No material variance,PASS,567.702
ICP000403-202604,ICP000403,RET001,URES,Selwyn,2026-04,2026-04-01,2026-04-30,30,2026,72.15041341,6,72.15,Calculated reconciliation,72.15041341,72.15,6,NO_ISSUE,0.0,0.0,0.0,No material variance,PASS,464.859
ICP000404-202604,ICP000404,RET003,RES,Christchurch Urban,2026-04,2026-04-01,2026-04-30,30,2026,51.10544366,6,51.11,Calculated reconciliation,51.10544366,51.11,6,NO_ISSUE,0.0,0.0,0.0,No material variance,PASS,398.39
ICP000405-202604,ICP000405,RET005,RSC,Christchurch Urban,2026-04,2026-04-01,2026-04-30,30,2026,85.41956399,6,85.42,Calculated reconciliation,85.41956399,85.42,6,NO_ISSUE,0.0,0.0,0.0,No material variance,PASS,803.334
ICP000406-202604,ICP000406,RET002,RES,Christchurch Urban,2026-04,2026-04-01,2026-04-30,30,2026,74.15890504000001,6,74.16,Calculated reconciliation,74.15890504000001,74.16,6,NO_ISSUE,0.0,0.0,0.0,No material variance,PASS,616.67
ICP000407-202604,ICP000407,RET001,RSU,Christchurch Urban,2026-04,2026-04-01,2026-04-30,30,2026,64.84668187,6,64.85,Calculated reconciliation,64.84668187,64.85,6,NO_ISSUE,0.0,0.0,0.0,No material variance,PASS,484.421
ICP000408-202604,ICP000408,RET001,RES,Selwyn,2026-04,2026-04-01,2026-04-30,30,2026,80.5124608,6,80.51,Calculated reconciliation,80.5124608,80.51,6,NO_ISSUE,0.0,0.0,0.0,No material variance,PASS,602.764
ICP000409-202604,ICP000409,RET005,RSC,Selwyn,2026-04,2026-04-01,2026-04-30,30,2026,72.59649612,6,72.6,Calculated reconciliation,72.59649612,72.6,6,NO_ISSUE,0.0,0.0,0.0,No material variance,PASS,562.136
ICP000410-202604,ICP000410,RET005,RES,Christchurch Urban,2026-04,2026-04-01,2026-04-30,30,2026,93.87763401,6,93.88,Calculated reconciliation,93.87763401,93.88,6,NO_ISSUE,0.0,0.0,0.0,No material variance,PASS,1084.452
ICP000411-202604,ICP000411,RET002,RES,Selwyn,2026-04,2026-04-01,2026-04-30,30,2026,56.78216813,6,56.78,Calculated reconciliation,56.78216813,56.78,6,NO_ISSUE,0.0,0.0,0.0,No material variance,PASS,387.527
ICP000412-202604,ICP000412,RET001,RES,Selwyn,2026-04,2026-04-01,2026-04-30,30,2026,87.59583988,6,87.6,Calculated reconciliation,87.59583988,87.6,6,NO_ISSUE,0.0,0.0,0.0,No material variance,PASS,866.43
ICP000413-202604,ICP000413,RET001,RES,Selwyn,2026-04,2026-04-01,2026-04-30,30,2026,56.21745415,6,56.22,Calculated reconciliation,56.21745415,56.22,6,NO_ISSUE,0.0,0.0,0.0,No material variance,PASS,404.923
ICP000414-202604,ICP000414,RET001,RES,Selwyn,2026-04,2026-04-01,2026-04-30,30,2026,84.24914406,6,84.25,Calculated reconciliation,84.24914406,84.25,6,NO_ISSUE,0.0,0.0,0.0,No material variance,PASS,836.033
ICP000415-202604,ICP000415,RET005,RES,Christchurch Urban,2026-04,2026-04-01,2026-04-30,30,2026,75.76973624,6,75.77,Calculated reconciliation,75.76973624,75.77,6,NO_ISSUE,0.0,0.0,0.0,No material variance,PASS,620.734
ICP000416-202604,ICP000416,RET001,RES,Christchurch Urban,2026-04,2026-04-01,2026-04-30,30,2026,72.87997748000001,6,72.88,Calculated reconciliation,72.87997748000001,72.88,6,NO_ISSUE,0.0,0.0,0.0,No material variance,PASS,720.238
ICP000417-202604,ICP000417,RET001,RES,Christchurch Urban,2026-04,2026-04-01,2026-04-30,30,2026,69.32674736,6,69.33,Calculated reconciliation,69.32674736,69.33,6,NO_ISSUE,0.0,0.0,0.0,No material variance,PASS,588.138
ICP000418-202604,ICP000418,RET001,RES,Christchurch Urban,2026-04,2026-04-01,2026-04-30,30,2026,70.02154631,6,70.02,Calculated reconciliation,70.02154631,70.02,6,NO_ISSUE,0.0,0.0,0.0,No material variance,PASS,550.681
ICP000419-202604,ICP000419,RET001,URES,Selwyn,2026-04,2026-04-01,2026-04-30,30,2026,54.9928472,6,54.99,Calculated reconciliation,54.9928472,54.99,6,NO_ISSUE,0.0,0.0,0.0,No material variance,PASS,384.537
ICP000420-202604,ICP000420,RET002,RES,Central Canterbury Rural,2026-04,2026-04-01,2026-04-30,30,2026,61.51388498,6,61.51,Calculated reconciliation,61.51388498,61.51,6,NO_ISSUE,0.0,0.0,0.0,No material variance,PASS,685.046
ICP000421-202604,ICP000421,RET003,RSC,Christchurch Urban,2026-04,2026-04-01,2026-04-30,30,2026,86.53166928,6,86.53,Calculated reconciliation,86.53166928,86.53,6,NO_ISSUE,0.0,0.0,0.0,No material variance,PASS,724.074
ICP000422-202604,ICP000422,RET002,RSC,Christchurch Urban,2026-04,2026-04-01,2026-04-30,30,2026,74.51933972,6,74.52,Calculated reconciliation,74.51933972,74.52,6,NO_ISSUE,0.0,0.0,0.0,No material variance,PASS,665.721
ICP000423-202604,ICP000423,RET001,RES,Selwyn,2026-04,2026-04-01,2026-04-30,30,2026,61.55533875,6,61.56,Calculated reconciliation,61.55533875,61.56,6,NO_ISSUE,0.0,0.0,0.0,No material variance,PASS,528.854
ICP000424-202604,ICP000424,RET001,RES,Christchurch Urban,2026-04,2026-04-01,2026-04-30,30,2026,68.66003311,6,68.66,Calculated reconciliation,68.66003311,68.66,6,NO_ISSUE,0.0,0.0,0.0,No material variance,PASS,506.747
ICP000425-202604,ICP000425,RET004,RES,Christchurch Urban,2026-04,2026-04-01,2026-04-30,30,2026,93.87452286,6,93.87,Calculated reconciliation,93.87452286,93.87,6,NO_ISSUE,0.0,0.0,0.0,No material variance,PASS,786.296
ICP000426-202604,ICP000426,RET001,RES,Christchurch Urban,2026-04,2026-04-01,2026-04-30,30,2026,59.57319116,6,59.57,Calculated reconciliation,59.57319116,59.57,6,NO_ISSUE,0.0,0.0,0.0,No material variance,PASS,417.215
ICP000427-202604,ICP000427,RET001,URES,Selwyn,2026-04,2026-04-01,2026-04-30,30,2026,59.10654396,6,59.11,Calculated reconciliation,59.10654396,59.11,6,NO_ISSUE,0.0,0.0,0.0,No material variance,PASS,400.004
ICP000428-202604,ICP000428,RET004,RES,Christchurch Urban,2026-04,2026-04-01,2026-04-30,30,2026,72.68064589,6,72.68,Calculated reconciliation,72.68064589,72.68,6,NO_ISSUE,0.0,0.0,0.0,No material variance,PASS,667.266
ICP000429-202604,ICP000429,RET001,RES,Christchurch Urban,2026-04,2026-04-01,2026-04-30,30,2026,58.43456732,6,58.43,Calculated reconciliation,58.43456732,58.43,6,NO_ISSUE,0.0,0.0,0.0,No material variance,PASS,388.652
ICP000430-202604,ICP000430,RET002,RES,Selwyn,2026-04,2026-04-01,2026-04-30,30,2026,76.13123312,6,76.13,Calculated reconciliation,76.13123312,76.13,6,NO_ISSUE,0.0,0.0,0.0,No material variance,PASS,642.664
ICP000431-202604,ICP000431,RET002,RES,Christchurch Urban,2026-04,2026-04-01,2026-04-30,30,2026,99.14221153,6,99.14,Calculated reconciliation,99.14221153,99.14,6,NO_ISSUE,0.0,0.0,0.0,No material variance,PASS,862.841
ICP000432-202604,ICP000432,RET002,RES,Selwyn,2026-04,2026-04-01,2026-04-30,30,2026,67.72562112,6,67.73,Calculated reconciliation,67.72562112,67.73,6,NO_ISSUE,0.0,0.0,0.0,No material variance,PASS,465.736
ICP000433-202604,ICP000433,RET002,RES,Christchurch Urban,2026-04,2026-04-01,2026-04-30,30,2026,87.63490241,6,87.63,Calculated reconciliation,87.63490241,87.63,6,NO_ISSUE,0.0,0.0,0.0,No material variance,PASS,761.27
ICP000434-202604,ICP000434,RET002,RES,Central Canterbury Rural,2026-04,2026-04-01,2026-04-30,30,2026,75.22412787,6,75.22,Calculated reconciliation,75.22412787,75.22,6,NO_ISSUE,0.0,0.0,0.0,No material variance,PASS,775.86
ICP000435-202604,ICP000435,RET001,RES,Selwyn,2026-04,2026-04-01,2026-04-30,30,2026,54.36882241,6,54.37,Calculated reconciliation,46.63092833,46.63,6,OLD_PRICE_APPLIED,-7.737894079999997,-7.74,7.74,Underbilled,REVIEW,428.355
ICP000436-202604,ICP000436,RET004,RSC,Christchurch Urban,2026-04,2026-04-01,2026-04-30,30,2026,57.67241319,6,57.67,Calculated reconciliation,51.76922029999999,51.77,6,OLD_PRICE_APPLIED,-5.903192890000007,-5.9,5.9,Underbilled,REVIEW,561.391
ICP000437-202604,ICP000437,RET001,URES,Christchurch Urban,2026-04,2026-04-01,2026-04-30,30,2026,77.08920825,6,77.09,Calculated reconciliation,77.08920825,77.09,6,NO_ISSUE,0.0,0.0,0.0,No material variance,PASS,728.02
ICP000438-202604,ICP000438,RET004,RES,Christchurch Urban,2026-04,2026-04-01,2026-04-30,30,2026,59.30845484,6,59.31,Calculated reconciliation,59.30845484,59.31,6,NO_ISSUE,0.0,0.0,0.0,No material variance,PASS,468.026
ICP000439-202604,ICP000439,RET001,RES,Christchurch Urban,2026-04,2026-04-01,2026-04-30,30,2026,75.37951043,6,75.38,Calculated reconciliation,75.37951043,75.38,6,NO_ISSUE,0.0,0.0,0.0,No material variance,PASS,780.214
ICP000440-202604,ICP000440,RET001,RSC,Christchurch Urban,2026-04,2026-04-01,2026-04-30,30,2026,63.57165549,6,63.57,Calculated reconciliation,63.57165549,63.57,6,NO_ISSUE,0.0,0.0,0.0,No material variance,PASS,565.018
ICP000441-202604,ICP000441,RET003,RES,Christchurch Urban,2026-04,2026-04-01,2026-04-30,30,2026,58.67550353,6,58.68,Calculated reconciliation,58.67550353,58.68,6,NO_ISSUE,0.0,0.0,0.0,No material variance,PASS,516.534
ICP000442-202604,ICP000442,RET001,RES,Christchurch Urban,2026-04,2026-04-01,2026-04-30,30,2026,68.94308073,6,68.94,Calculated reconciliation,68.94308073,68.94,6,NO_ISSUE,0.0,0.0,0.0,No material variance,PASS,605.144
ICP000443-202604,ICP000443,RET001,RES,Christchurch Urban,2026-04,2026-04-01,2026-04-30,30,2026,69.07051598,6,69.07,Calculated reconciliation,69.07051598,69.07,6,NO_ISSUE,0.0,0.0,0.0,No material variance,PASS,538.905
ICP000444-202604,ICP000444,RET004,RES,Christchurch Urban,2026-04,2026-04-01,2026-04-30,30,2026,64.19489207000001,6,64.19,Calculated reconciliation,64.19489207000001,64.19,6,NO_ISSUE,0.0,0.0,0.0,No material variance,PASS,428.753
ICP000445-202604,ICP000445,RET004,RES,Christchurch Urban,2026-04,2026-04-01,2026-04-30,30,2026,59.93234632,6,59.93,Calculated reconciliation,59.93234632,59.93,6,NO_ISSUE,0.0,0.0,0.0,No material variance,PASS,386.204
ICP000446-202604,ICP000446,RET004,RES,Christchurch Urban,2026-04,2026-04-01,2026-04-30,30,2026,58.78697681,6,58.79,Calculated reconciliation,58.78697681,58.79,6,NO_ISSUE,0.0,0.0,0.0,No material variance,PASS,371.522
ICP000447-202604,ICP000447,RET002,RES,Christchurch Urban,2026-04,2026-04-01,2026-04-30,30,2026,107.8164351,6,107.82,Calculated reconciliation,107.8164351,107.82,6,NO_ISSUE,0.0,0.0,0.0,No material variance,PASS,782.239
ICP000448-202604,ICP000448,RET005,RES,Christchurch Urban,2026-04,2026-04-01,2026-04-30,30,2026,74.30847639000001,6,74.31,Calculated reconciliation,74.30847639000001,74.31,6,NO_ISSUE,0.0,0.0,0.0,No material variance,PASS,574.36
ICP000449-202604,ICP000449,RET001,URES,Christchurch Urban,2026-04,2026-04-01,2026-04-30,30,2026,61.0055595,6,61.01,Calculated reconciliation,61.0055595,61.01,6,NO_ISSUE,0.0,0.0,0.0,No material variance,PASS,361.518
ICP000450-202604,ICP000450,RET005,RES,Christchurch Urban,2026-04,2026-04-01,2026-04-30,30,2026,55.65518866,6,55.66,Calculated reconciliation,55.65518866,55.66,6,NO_ISSUE,0.0,0.0,0.0,No material variance,PASS,629.183
ICP000451-202604,ICP000451,RET003,RES,Christchurch Urban,2026-04,2026-04-01,2026-04-30,30,2026,91.86546342,6,91.87,Calculated reconciliation,91.86546342,91.87,6,NO_ISSUE,0.0,0.0,0.0,No material variance,PASS,642.993
ICP000452-202604,ICP000452,RET001,RES,Christchurch Urban,2026-04,2026-04-01,2026-04-30,30,2026,62.10627165,6,62.11,Calculated reconciliation,62.10627165,62.11,6,NO_ISSUE,0.0,0.0,0.0,No material variance,PASS,567.072
ICP000453-202604,ICP000453,RET004,RES,Selwyn,2026-04,2026-04-01,2026-04-30,30,2026,52.79460754,6,52.79,Calculated reconciliation,52.79460754,52.79,6,NO_ISSUE,0.0,0.0,0.0,No material variance,PASS,407.023
ICP000454-202604,ICP000454,RET002,RES,Christchurch Urban,2026-04,2026-04-01,2026-04-30,30,2026,111.11954857,6,111.12,Calculated reconciliation,111.11954857,111.12,6,NO_ISSUE,0.0,0.0,0.0,No material variance,PASS,995.78
ICP000455-202604,ICP000455,RET002,RES,Christchurch Urban,2026-04,2026-04-01,2026-04-30,30,2026,44.51757407,6,44.52,Calculated reconciliation,44.51757407,44.52,6,NO_ISSUE,0.0,0.0,0.0,No material variance,PASS,299.936
ICP000456-202604,ICP000456,RET001,RES,Christchurch Urban,2026-04,2026-04-01,2026-04-30,30,2026,53.56699,6,53.57,Calculated reconciliation,53.56699,53.57,6,NO_ISSUE,0.0,0.0,0.0,No material variance,PASS,307.936
ICP000457-202604,ICP000457,RET001,URES,Christchurch Urban,2026-04,2026-04-01,2026-04-30,30,2026,80.41506419000001,6,80.42,Calculated reconciliation,80.41506419000001,80.42,6,NO_ISSUE,0.0,0.0,0.0,No material variance,PASS,501.786
ICP000458-202604,ICP000458,RET001,RES,Christchurch Urban,2026-04,2026-04-01,2026-04-30,30,2026,67.31577319,6,67.32,Calculated reconciliation,67.31577319,67.32,6,NO_ISSUE,0.0,0.0,0.0,No material variance,PASS,628.807
ICP000459-202604,ICP000459,RET001,RSC,Christchurch Urban,2026-04,2026-04-01,2026-04-30,30,2026,62.61070589,6,62.61,Calculated reconciliation,62.61070589,62.61,6,NO_ISSUE,0.0,0.0,0.0,No material variance,PASS,582.478
ICP000460-202604,ICP000460,RET001,RES,Christchurch Urban,2026-04,2026-04-01,2026-04-30,30,2026,73.27183647,6,73.27,Calculated reconciliation,73.27183647,73.27,6,NO_ISSUE,0.0,0.0,0.0,No material variance,PASS,471.532
ICP000461-202604,ICP000461,RET001,RES,Selwyn,2026-04,2026-04-01,2026-04-30,30,2026,91.05713234,6,91.06,Calculated reconciliation,91.05713234,91.06,6,NO_ISSUE,0.0,0.0,0.0,No material variance,PASS,860.047
ICP000462-202604,ICP000462,RET002,RES,Selwyn,2026-04,2026-04-01,2026-04-30,30,2026,95.93742416,6,95.94,Calculated reconciliation,95.93742416,95.94,6,NO_ISSUE,0.0,0.0,0.0,No material variance,PASS,789.087
ICP000463-202604,ICP000463,RET003,RES,Christchurch Urban,2026-04,2026-04-01,2026-04-30,30,2026,95.11027597,6,95.11,Calculated reconciliation,95.11027597,95.11,6,NO_ISSUE,0.0,0.0,0.0,No material variance,PASS,663.796
ICP000464-202604,ICP000464,RET005,RSC,Christchurch Urban,2026-04,2026-04-01,2026-04-30,30,2026,94.12090558,6,94.12,Calculated reconciliation,94.12090558,94.12,6,NO_ISSUE,0.0,0.0,0.0,No material variance,PASS,875.649
ICP000465-202604,ICP000465,RET001,RES,Christchurch Urban,2026-04,2026-04-01,2026-04-30,30,2026,92.50139286,6,92.5,Calculated reconciliation,92.50139286,92.5,6,NO_ISSUE,0.0,0.0,0.0,No material variance,PASS,852.138
ICP000466-202604,ICP000466,RET001,RES,Christchurch Urban,2026-04,2026-04-01,2026-04-30,30,2026,69.28713541,6,69.29,Calculated reconciliation,69.28713541,69.29,6,NO_ISSUE,0.0,0.0,0.0,No material variance,PASS,473.396
ICP000467-202604,ICP000467,RET001,RES,Christchurch Urban,2026-04,2026-04-01,2026-04-30,30,2026,72.80444408,6,72.8,Calculated reconciliation,72.80444408,72.8,6,NO_ISSUE,0.0,0.0,0.0,No material variance,PASS,611.825
ICP000468-202604,ICP000468,RET001,RES,Christchurch Urban,2026-04,2026-04-01,2026-04-30,30,2026,71.36701205,6,71.37,Calculated reconciliation,71.36701205,71.37,6,NO_ISSUE,0.0,0.0,0.0,No material variance,PASS,605.997
ICP000469-202604,ICP000469,RET005,RSC,Selwyn,2026-04,2026-04-01,2026-04-30,30,2026,81.18503931000001,6,81.19,Calculated reconciliation,81.18503931000001,81.19,6,NO_ISSUE,0.0,0.0,0.0,No material variance,PASS,889.384
ICP000470-202604,ICP000470,RET002,URES,Christchurch Urban,2026-04,2026-04-01,2026-04-30,30,2026,60.25876939,6,60.26,Calculated reconciliation,60.25876939,60.26,6,NO_ISSUE,0.0,0.0,0.0,No material variance,PASS,362.767
ICP000471-202604,ICP000471,RET001,RSU,Selwyn,2026-04,2026-04-01,2026-04-30,30,2026,101.21115743,6,101.21,Calculated reconciliation,101.21115743,101.21,6,NO_ISSUE,0.0,0.0,0.0,No material variance,PASS,775.259
ICP000472-202604,ICP000472,RET001,RES,Christchurch Urban,2026-04,2026-04-01,2026-04-30,30,2026,50.91399251,6,50.91,Calculated reconciliation,50.91399251,50.91,6,NO_ISSUE,0.0,0.0,0.0,No material variance,PASS,421.259
ICP000473-202604,ICP000473,RET001,RES,Christchurch Urban,2026-04,2026-04-01,2026-04-30,30,2026,68.16477481,6,68.16,Calculated reconciliation,68.16477481,68.16,6,NO_ISSUE,0.0,0.0,0.0,No material variance,PASS,531.966
ICP000474-202604,ICP000474,RET005,RSC,Christchurch Urban,2026-04,2026-04-01,2026-04-30,30,2026,114.73860847999998,6,114.74,Calculated reconciliation,114.73860847999998,114.74,6,NO_ISSUE,0.0,0.0,0.0,No material variance,PASS,1158.906
ICP000475-202604,ICP000475,RET002,RES,Christchurch Urban,2026-04,2026-04-01,2026-04-30,30,2026,78.34053155000001,6,78.34,Calculated reconciliation,78.34053155000001,78.34,6,NO_ISSUE,0.0,0.0,0.0,No material variance,PASS,810.319
ICP000476-202604,ICP000476,RET003,RES,Christchurch Urban,2026-04,2026-04-01,2026-04-30,30,2026,61.33375653,6,61.33,Calculated reconciliation,61.33375653,61.33,6,NO_ISSUE,0.0,0.0,0.0,No material variance,PASS,590.095
ICP000477-202604,ICP000477,RET003,RES,Christchurch Urban,2026-04,2026-04-01,2026-04-30,30,2026,82.84856285,6,82.85,Calculated reconciliation,82.84856285,82.85,6,NO_ISSUE,0.0,0.0,0.0,No material variance,PASS,689.44
ICP000478-202604,ICP000478,RET002,URES,Central Canterbury Rural,2026-04,2026-04-01,2026-04-30,30,2026,84.68507592,6,84.69,Calculated reconciliation,84.68507592,84.69,6,NO_ISSUE,0.0,0.0,0.0,No material variance,PASS,703.642
ICP000479-202604,ICP000479,RET002,RSC,Christchurch Urban,2026-04,2026-04-01,2026-04-30,30,2026,88.03219698,6,88.03,Calculated reconciliation,88.03219698,88.03,6,NO_ISSUE,0.0,0.0,0.0,No material variance,PASS,781.365
ICP000480-202604,ICP000480,RET003,RES,Christchurch Urban,2026-04,2026-04-01,2026-04-30,30,2026,52.35676328,6,52.36,Calculated reconciliation,52.35676328,52.36,6,NO_ISSUE,0.0,0.0,0.0,No material variance,PASS,386.019
ICP000481-202604,ICP000481,RET003,URES,Christchurch Urban,2026-04,2026-04-01,2026-04-30,30,2026,70.40329515,6,70.4,Calculated reconciliation,70.40329515,70.4,6,NO_ISSUE,0.0,0.0,0.0,No material variance,PASS,630.651
ICP000482-202604,ICP000482,RET003,RES,Selwyn,2026-04,2026-04-01,2026-04-30,30,2026,65.04681589,6,65.05,Calculated reconciliation,65.04681589,65.05,6,NO_ISSUE,0.0,0.0,0.0,No material variance,PASS,552.632
ICP000483-202604,ICP000483,RET003,RES,Christchurch Urban,2026-04,2026-04-01,2026-04-30,30,2026,94.09824924,6,94.1,Calculated reconciliation,94.09824924,94.1,6,NO_ISSUE,0.0,0.0,0.0,No material variance,PASS,737.584
ICP000484-202604,ICP000484,RET004,RES,Christchurch Urban,2026-04,2026-04-01,2026-04-30,30,2026,58.92062589,6,58.92,Calculated reconciliation,58.92062589,58.92,6,NO_ISSUE,0.0,0.0,0.0,No material variance,PASS,392.325
ICP000485-202604,ICP000485,RET001,RSC,Selwyn,2026-04,2026-04-01,2026-04-30,30,2026,87.47223049,6,87.47,Calculated reconciliation,87.47223049,87.47,6,NO_ISSUE,0.0,0.0,0.0,No material variance,PASS,919.935
ICP000486-202604,ICP000486,RET001,RES,Christchurch Urban,2026-04,2026-04-01,2026-04-30,30,2026,63.08179339,6,63.08,Calculated reconciliation,63.08179339,63.08,6,NO_ISSUE,0.0,0.0,0.0,No material variance,PASS,527.41
ICP000487-202604,ICP000487,RET003,RES,Selwyn,2026-04,2026-04-01,2026-04-30,30,2026,60.80589569,6,60.81,Calculated reconciliation,60.80589569,60.81,6,NO_ISSUE,0.0,0.0,0.0,No material variance,PASS,468.929
ICP000488-202604,ICP000488,RET003,RES,Selwyn,2026-04,2026-04-01,2026-04-30,30,2026,67.84941508,6,67.85,Calculated reconciliation,67.84941508,67.85,6,NO_ISSUE,0.0,0.0,0.0,No material variance,PASS,560.766
ICP000489-202604,ICP000489,RET003,URES,Selwyn,2026-04,2026-04-01,2026-04-30,30,2026,73.42439273,6,73.42,Calculated reconciliation,73.42439273,73.42,6,NO_ISSUE,0.0,0.0,0.0,No material variance,PASS,506.432
ICP000490-202604,ICP000490,RET004,RSC,Christchurch Urban,2026-04,2026-04-01,2026-04-30,30,2026,82.3548791,6,82.35,Calculated reconciliation,82.3548791,82.35,6,NO_ISSUE,0.0,0.0,0.0,No material variance,PASS,748.815
ICP000491-202604,ICP000491,RET002,RSC,Christchurch Urban,2026-04,2026-04-01,2026-04-30,30,2026,80.73329124,6,80.73,Calculated reconciliation,80.73329124,80.73,6,NO_ISSUE,0.0,0.0,0.0,No material variance,PASS,562.931
ICP000492-202604,ICP000492,RET005,RES,Christchurch Urban,2026-04,2026-04-01,2026-04-30,30,2026,67.33366451,6,67.33,Calculated reconciliation,67.33366451,67.33,6,NO_ISSUE,0.0,0.0,0.0,No material variance,PASS,552.13
ICP000493-202604,ICP000493,RET001,RES,Central Canterbury Rural,2026-04,2026-04-01,2026-04-30,30,2026,99.82419694,6,99.82,Calculated reconciliation,99.82419694,99.82,6,NO_ISSUE,0.0,0.0,0.0,No material variance,PASS,809.037
ICP000494-202604,ICP000494,RET002,RES,Christchurch Urban,2026-04,2026-04-01,2026-04-30,30,2026,87.6868451,6,87.69,Calculated reconciliation,87.6868451,87.69,6,NO_ISSUE,0.0,0.0,0.0,No material variance,PASS,899.665
ICP000495-202604,ICP000495,RET001,RES,Christchurch Urban,2026-04,2026-04-01,2026-04-30,30,2026,79.72402609,6,79.72,Calculated reconciliation,79.72402609,79.72,6,NO_ISSUE,0.0,0.0,0.0,No material variance,PASS,690.304
ICP000496-202604,ICP000496,RET001,RSC,Christchurch Urban,2026-04,2026-04-01,2026-04-30,30,2026,90.41483932,6,90.41,Calculated reconciliation,90.41483932,90.41,6,NO_ISSUE,0.0,0.0,0.0,No material variance,PASS,1208.057
ICP000497-202604,ICP000497,RET003,RES,Christchurch Urban,2026-04,2026-04-01,2026-04-30,30,2026,44.73415087,6,44.73,Calculated reconciliation,44.73415087,44.73,6,NO_ISSUE,0.0,0.0,0.0,No material variance,PASS,400.555
ICP000498-202604,ICP000498,RET004,RES,Selwyn,2026-04,2026-04-01,2026-04-30,30,2026,71.89687624,6,71.9,Calculated reconciliation,71.89687624,71.9,6,NO_ISSUE,0.0,0.0,0.0,No material variance,PASS,657.95
ICP000499-202604,ICP000499,RET001,RES,Christchurch Urban,2026-04,2026-04-01,2026-04-30,30,2026,81.66943779,6,81.67,Calculated reconciliation,81.66943779,81.67,6,NO_ISSUE,0.0,0.0,0.0,No material variance,PASS,783.58
ICP000500-202604,ICP000500,RET002,RES,Christchurch Urban,2026-04,2026-04-01,2026-04-30,30,2026,55.35891573,6,55.36,Calculated reconciliation,55.35891573,55.36,6,NO_ISSUE,0.0,0.0,0.0,No material variance,PASS,466.48
ICP000001-202605,ICP000001,RET002,URES,Selwyn,2026-05,2026-05-01,2026-05-31,31,2026,65.10503771,6,65.11,Calculated reconciliation,65.10503771,65.11,6,NO_ISSUE,0.0,0.0,0.0,No material variance,PASS,472.455
ICP000002-202605,ICP000002,RET004,RSC,Christchurch Urban,2026-05,2026-05-01,2026-05-31,31,2026,105.22736971,6,105.23,Calculated reconciliation,105.22736971,105.23,6,NO_ISSUE,0.0,0.0,0.0,No material variance,PASS,1221.881
ICP000003-202605,ICP000003,RET001,RES,Christchurch Urban,2026-05,2026-05-01,2026-05-31,31,2026,72.61762328,6,72.62,Calculated reconciliation,72.61762328,72.62,6,NO_ISSUE,0.0,0.0,0.0,No material variance,PASS,718.589
ICP000004-202605,ICP000004,RET003,RES,Christchurch Urban,2026-05,2026-05-01,2026-05-31,31,2026,52.48007024,6,52.48,Calculated reconciliation,52.48007024,52.48,6,NO_ISSUE,0.0,0.0,0.0,No material variance,PASS,579.509
ICP000005-202605,ICP000005,RET001,RES,Christchurch Urban,2026-05,2026-05-01,2026-05-31,31,2026,64.5507081,6,64.55,Calculated reconciliation,64.5507081,64.55,6,NO_ISSUE,0.0,0.0,0.0,No material variance,PASS,549.802
ICP000006-202605,ICP000006,RET005,RSU,Christchurch Urban,2026-05,2026-05-01,2026-05-31,31,2026,90.55739757,6,90.56,Calculated reconciliation,90.55739757,90.56,6,NO_ISSUE,0.0,0.0,0.0,No material variance,PASS,745.02
ICP000007-202605,ICP000007,RET001,RSC,Christchurch Urban,2026-05,2026-05-01,2026-05-31,31,2026,116.84923054,6,116.85,Calculated reconciliation,116.84923054,116.85,6,NO_ISSUE,0.0,0.0,0.0,No material variance,PASS,1102.775
ICP000008-202605,ICP000008,RET002,RSC,Christchurch Urban,2026-05,2026-05-01,2026-05-31,31,2026,76.82272123,6,76.82,Calculated reconciliation,76.82272123,76.82,6,NO_ISSUE,0.0,0.0,0.0,No material variance,PASS,519.607
ICP000009-202605,ICP000009,RET005,URES,Christchurch Urban,2026-05,2026-05-01,2026-05-31,31,2026,73.31058837,6,73.31,Calculated reconciliation,73.31058837,73.31,6,NO_ISSUE,0.0,0.0,0.0,No material variance,PASS,501.3
ICP000010-202605,ICP000010,RET005,RES,Christchurch Urban,2026-05,2026-05-01,2026-05-31,31,2026,53.76827813,6,53.77,Calculated reconciliation,53.76827813,53.77,6,NO_ISSUE,0.0,0.0,0.0,No material variance,PASS,457.658
ICP000011-202605,ICP000011,RET001,RES,Christchurch Urban,2026-05,2026-05-01,2026-05-31,31,2026,70.18962671999999,6,70.19,Calculated reconciliation,70.18962671999999,70.19,6,NO_ISSUE,0.0,0.0,0.0,No material variance,PASS,583.043
ICP000012-202605,ICP000012,RET001,RES,Christchurch Urban,2026-05,2026-05-01,2026-05-31,31,2026,74.45793675,6,74.46,Calculated reconciliation,74.45793675,74.46,6,NO_ISSUE,0.0,0.0,0.0,No material variance,PASS,649.128
ICP000013-202605,ICP000013,RET002,URES,Central Canterbury Rural,2026-05,2026-05-01,2026-05-31,31,2026,56.015221100000005,6,56.02,Calculated reconciliation,56.015221100000005,56.02,6,NO_ISSUE,0.0,0.0,0.0,No material variance,PASS,428.451
ICP000014-202605,ICP000014,RET004,RSC,Christchurch Urban,2026-05,2026-05-01,2026-05-31,31,2026,118.60349494,6,118.6,Calculated reconciliation,118.60349494,118.6,6,NO_ISSUE,0.0,0.0,0.0,No material variance,PASS,1507.415
ICP000015-202605,ICP000015,RET004,RES,Christchurch Urban,2026-05,2026-05-01,2026-05-31,31,2026,46.18530104,6,46.19,Calculated reconciliation,46.18530104,46.19,6,NO_ISSUE,0.0,0.0,0.0,No material variance,PASS,303.719
ICP000016-202605,ICP000016,RET002,URES,Central Canterbury Rural,2026-05,2026-05-01,2026-05-31,31,2026,91.36044755,6,91.36,Calculated reconciliation,91.36044755,91.36,6,NO_ISSUE,0.0,0.0,0.0,No material variance,PASS,1144.265
ICP000017-202605,ICP000017,RET003,RSC,Christchurch Urban,2026-05,2026-05-01,2026-05-31,31,2026,69.04036819000001,6,69.04,Calculated reconciliation,69.04036819000001,69.04,6,NO_ISSUE,0.0,0.0,0.0,No material variance,PASS,756.308
ICP000018-202605,ICP000018,RET003,URES,Christchurch Urban,2026-05,2026-05-01,2026-05-31,31,2026,54.42828205,6,54.43,Calculated reconciliation,54.42828205,54.43,6,NO_ISSUE,0.0,0.0,0.0,No material variance,PASS,383.365
ICP000019-202605,ICP000019,RET001,RSU,Christchurch Urban,2026-05,2026-05-01,2026-05-31,31,2026,98.65638375,6,98.66,Calculated reconciliation,98.65638375,98.66,6,NO_ISSUE,0.0,0.0,0.0,No material variance,PASS,909.501
ICP000020-202605,ICP000020,RET001,URES,Selwyn,2026-05,2026-05-01,2026-05-31,31,2026,83.41497085,6,83.41,Calculated reconciliation,83.41497085,83.41,6,NO_ISSUE,0.0,0.0,0.0,No material variance,PASS,501.981
ICP000021-202605,ICP000021,RET005,URES,Christchurch Urban,2026-05,2026-05-01,2026-05-31,31,2026,64.86518647,6,64.87,Calculated reconciliation,64.86518647,64.87,6,NO_ISSUE,0.0,0.0,0.0,No material variance,PASS,497.903
ICP000022-202605,ICP000022,RET002,RSC,Christchurch Urban,2026-05,2026-05-01,2026-05-31,31,2026,86.57815817000001,6,86.58,Calculated reconciliation,86.57815817000001,86.58,6,NO_ISSUE,0.0,0.0,0.0,No material variance,PASS,787.018
ICP000023-202605,ICP000023,RET002,RES,Christchurch Urban,2026-05,2026-05-01,2026-05-31,31,2026,69.15559723,6,69.16,Calculated reconciliation,69.15559723,69.16,6,NO_ISSUE,0.0,0.0,0.0,No material variance,PASS,575.439
ICP000024-202605,ICP000024,RET002,RES,Christchurch Urban,2026-05,2026-05-01,2026-05-31,31,2026,98.67197355,6,98.67,Calculated reconciliation,98.67197355,98.67,6,NO_ISSUE,0.0,0.0,0.0,No material variance,PASS,849.117
ICP000025-202605,ICP000025,RET002,RES,Christchurch Urban,2026-05,2026-05-01,2026-05-31,31,2026,54.19686084,6,54.2,Calculated reconciliation,54.19686084,54.2,6,NO_ISSUE,0.0,0.0,0.0,No material variance,PASS,364.237
ICP000026-202605,ICP000026,RET004,RES,Christchurch Urban,2026-05,2026-05-01,2026-05-31,31,2026,73.86077779,6,73.86,Calculated reconciliation,64.34747446,64.35,6,OLD_PRICE_APPLIED,-9.51330333,-9.51,9.51,Underbilled,REVIEW,563.732
ICP000027-202605,ICP000027,RET002,RES,Christchurch Urban,2026-05,2026-05-01,2026-05-31,31,2026,85.20861194,6,85.21,Calculated reconciliation,85.20861194,85.21,6,NO_ISSUE,0.0,0.0,0.0,No material variance,PASS,751.786
ICP000028-202605,ICP000028,RET002,RES,Selwyn,2026-05,2026-05-01,2026-05-31,31,2026,52.88475762,6,52.88,Calculated reconciliation,52.88475762,52.88,6,NO_ISSUE,0.0,0.0,0.0,No material variance,PASS,469.322
ICP000029-202605,ICP000029,RET001,RSC,Christchurch Urban,2026-05,2026-05-01,2026-05-31,31,2026,113.40534132,6,113.41,Calculated reconciliation,113.40534132,113.41,6,NO_ISSUE,0.0,0.0,0.0,No material variance,PASS,840.924
ICP000030-202605,ICP000030,RET001,RES,Christchurch Urban,2026-05,2026-05-01,2026-05-31,31,2026,78.14129321,6,78.14,Calculated reconciliation,78.14129321,78.14,6,NO_ISSUE,0.0,0.0,0.0,No material variance,PASS,514.796
ICP000031-202605,ICP000031,RET002,RSU,Selwyn,2026-05,2026-05-01,2026-05-31,31,2026,126.32482731,6,126.32,Calculated reconciliation,126.32482731,126.32,6,NO_ISSUE,0.0,0.0,0.0,No material variance,PASS,1219.553
ICP000032-202605,ICP000032,RET004,URES,Christchurch Urban,2026-05,2026-05-01,2026-05-31,31,2026,82.91501041,6,82.92,Calculated reconciliation,82.91501041,82.92,6,NO_ISSUE,0.0,0.0,0.0,No material variance,PASS,626.038
ICP000033-202605,ICP000033,RET002,RES,Christchurch Urban,2026-05,2026-05-01,2026-05-31,31,2026,62.42676657999999,6,62.43,Calculated reconciliation,62.42676657999999,62.43,6,NO_ISSUE,0.0,0.0,0.0,No material variance,PASS,376.633
ICP000034-202605,ICP000034,RET004,RES,Christchurch Urban,2026-05,2026-05-01,2026-05-31,31,2026,62.04929756,6,62.05,Calculated reconciliation,62.04929756,62.05,6,NO_ISSUE,0.0,0.0,0.0,No material variance,PASS,548.904
ICP000035-202605,ICP000035,RET005,RSC,Selwyn,2026-05,2026-05-01,2026-05-31,31,2026,88.13758545,6,88.14,Calculated reconciliation,88.13758545,88.14,6,NO_ISSUE,0.0,0.0,0.0,No material variance,PASS,856.713
ICP000036-202605,ICP000036,RET001,RES,Christchurch Urban,2026-05,2026-05-01,2026-05-31,31,2026,50.03604193,6,50.04,Calculated reconciliation,50.03604193,50.04,6,NO_ISSUE,0.0,0.0,0.0,No material variance,PASS,374.699
ICP000037-202605,ICP000037,RET004,RES,Christchurch Urban,2026-05,2026-05-01,2026-05-31,31,2026,76.10767905,6,76.11,Calculated reconciliation,76.10767905,76.11,6,NO_ISSUE,0.0,0.0,0.0,No material variance,PASS,539.908
ICP000038-202605,ICP000038,RET004,RSC,Christchurch Urban,2026-05,2026-05-01,2026-05-31,31,2026,95.9069293,6,95.91,Calculated reconciliation,95.9069293,95.91,6,NO_ISSUE,0.0,0.0,0.0,No material variance,PASS,858.622
ICP000039-202605,ICP000039,RET004,RES,Christchurch Urban,2026-05,2026-05-01,2026-05-31,31,2026,80.56751007,6,80.57,Calculated reconciliation,80.56751007,80.57,6,NO_ISSUE,0.0,0.0,0.0,No material variance,PASS,825.589
ICP000040-202605,ICP000040,RET004,RES,Christchurch Urban,2026-05,2026-05-01,2026-05-31,31,2026,67.12660794,6,67.13,Calculated reconciliation,72.37660794,72.38,6,CALCULATION_ERROR,5.25,5.25,5.25,Overbilled,REVIEW,669.332
ICP000041-202605,ICP000041,RET004,RES,Christchurch Urban,2026-05,2026-05-01,2026-05-31,31,2026,53.69234643,6,53.69,Calculated reconciliation,53.69234643,53.69,6,NO_ISSUE,0.0,0.0,0.0,No material variance,PASS,511.427
ICP000042-202605,ICP000042,RET002,RSC,Christchurch Urban,2026-05,2026-05-01,2026-05-31,31,2026,110.6208309,6,110.62,Calculated reconciliation,110.6208309,110.62,6,NO_ISSUE,0.0,0.0,0.0,No material variance,PASS,1379.125
ICP000043-202605,ICP000043,RET001,RSC,Christchurch Urban,2026-05,2026-05-01,2026-05-31,31,2026,105.14296903,6,105.14,Calculated reconciliation,105.14296903,105.14,6,NO_ISSUE,0.0,0.0,0.0,No material variance,PASS,907.748
ICP000044-202605,ICP000044,RET003,URES,Christchurch Urban,2026-05,2026-05-01,2026-05-31,31,2026,87.40974118000001,6,87.41,Calculated reconciliation,87.40974118000001,87.41,6,NO_ISSUE,0.0,0.0,0.0,No material variance,PASS,544.782
ICP000045-202605,ICP000045,RET001,RSC,Central Canterbury Rural,2026-05,2026-05-01,2026-05-31,31,2026,97.02796854,6,97.03,Calculated reconciliation,97.02796854,97.03,6,NO_ISSUE,0.0,0.0,0.0,No material variance,PASS,862.034
ICP000046-202605,ICP000046,RET002,RSC,Christchurch Urban,2026-05,2026-05-01,2026-05-31,31,2026,80.48458997,6,80.48,Calculated reconciliation,80.48458997,80.48,6,NO_ISSUE,0.0,0.0,0.0,No material variance,PASS,701.596
ICP000047-202605,ICP000047,RET001,RSU,Christchurch Urban,2026-05,2026-05-01,2026-05-31,31,2026,92.44112921,6,92.44,Calculated reconciliation,92.44112921,92.44,6,NO_ISSUE,0.0,0.0,0.0,No material variance,PASS,740.515
ICP000048-202605,ICP000048,RET002,RES,Christchurch Urban,2026-05,2026-05-01,2026-05-31,31,2026,61.35859660999999,6,61.36,Calculated reconciliation,61.35859660999999,61.36,6,NO_ISSUE,0.0,0.0,0.0,No material variance,PASS,571.152
ICP000049-202605,ICP000049,RET001,RES,Christchurch Urban,2026-05,2026-05-01,2026-05-31,31,2026,63.94604004,6,63.95,Calculated reconciliation,63.94604004,63.95,6,NO_ISSUE,0.0,0.0,0.0,No material variance,PASS,561.427
ICP000050-202605,ICP000050,RET004,RES,Christchurch Urban,2026-05,2026-05-01,2026-05-31,31,2026,75.42359134,6,75.42,Calculated reconciliation,110.27406154,110.27,7,DUPLICATE_CONSUMPTION,34.850470200000004,34.85,34.85,Overbilled,REVIEW,635.076
ICP000051-202605,ICP000051,RET004,URES,Christchurch Urban,2026-05,2026-05-01,2026-05-31,31,2026,55.08733053,6,55.09,Calculated reconciliation,55.08733053,55.09,6,NO_ISSUE,0.0,0.0,0.0,No material variance,PASS,401.128
ICP000052-202605,ICP000052,RET001,RSC,Christchurch Urban,2026-05,2026-05-01,2026-05-31,31,2026,118.03854923,6,118.04,Calculated reconciliation,118.03854923,118.04,6,NO_ISSUE,0.0,0.0,0.0,No material variance,PASS,1159.607
ICP000053-202605,ICP000053,RET003,RSC,Central Canterbury Rural,2026-05,2026-05-01,2026-05-31,31,2026,62.21529425,6,62.22,Calculated reconciliation,62.21529425,62.22,6,NO_ISSUE,0.0,0.0,0.0,No material variance,PASS,525.3
ICP000054-202605,ICP000054,RET002,RSC,Selwyn,2026-05,2026-05-01,2026-05-31,31,2026,82.11885677000001,6,82.12,Calculated reconciliation,82.11885677000001,82.12,6,NO_ISSUE,0.0,0.0,0.0,No material variance,PASS,939.273
ICP000055-202605,ICP000055,RET001,RES,Central Canterbury Rural,2026-05,2026-05-01,2026-05-31,31,2026,57.50358993,6,57.5,Calculated reconciliation,57.50358993,57.5,6,NO_ISSUE,0.0,0.0,0.0,No material variance,PASS,402.744
ICP000056-202605,ICP000056,RET005,URES,Christchurch Urban,2026-05,2026-05-01,2026-05-31,31,2026,74.19762739000001,6,74.2,Calculated reconciliation,74.19762739000001,74.2,6,NO_ISSUE,0.0,0.0,0.0,No material variance,PASS,750.78
ICP000057-202605,ICP000057,RET001,RES,Christchurch Urban,2026-05,2026-05-01,2026-05-31,31,2026,74.973633,6,74.97,Calculated reconciliation,74.973633,74.97,6,NO_ISSUE,0.0,0.0,0.0,No material variance,PASS,690.669
ICP000058-202605,ICP000058,RET003,RES,Selwyn,2026-05,2026-05-01,2026-05-31,31,2026,63.63078147,6,63.63,Calculated reconciliation,63.63078147,63.63,6,NO_ISSUE,0.0,0.0,0.0,No material variance,PASS,625.623
ICP000059-202605,ICP000059,RET002,RES,Christchurch Urban,2026-05,2026-05-01,2026-05-31,31,2026,83.1060283,6,83.11,Calculated reconciliation,83.1060283,83.11,6,NO_ISSUE,0.0,0.0,0.0,No material variance,PASS,713.135
ICP000060-202605,ICP000060,RET002,RES,Christchurch Urban,2026-05,2026-05-01,2026-05-31,31,2026,88.2997372,6,88.3,Calculated reconciliation,88.2997372,88.3,6,NO_ISSUE,0.0,0.0,0.0,No material variance,PASS,729.095
ICP000061-202605,ICP000061,RET001,RES,Christchurch Urban,2026-05,2026-05-01,2026-05-31,31,2026,63.90094841,6,63.9,Calculated reconciliation,63.90094841,63.9,6,NO_ISSUE,0.0,0.0,0.0,No material variance,PASS,640.207
ICP000062-202605,ICP000062,RET002,RES,Christchurch Urban,2026-05,2026-05-01,2026-05-31,31,2026,83.37316194,6,83.37,Calculated reconciliation,83.37316194,83.37,6,NO_ISSUE,0.0,0.0,0.0,No material variance,PASS,606.063
ICP000063-202605,ICP000063,RET002,RSC,Christchurch Urban,2026-05,2026-05-01,2026-05-31,31,2026,107.64739822,6,107.65,Calculated reconciliation,107.64739822,107.65,6,NO_ISSUE,0.0,0.0,0.0,No material variance,PASS,1061.623
ICP000064-202605,ICP000064,RET002,RES,Central Canterbury Rural,2026-05,2026-05-01,2026-05-31,31,2026,60.496627499999995,6,60.5,Calculated reconciliation,60.496627499999995,60.5,6,NO_ISSUE,0.0,0.0,0.0,No material variance,PASS,458.009
ICP000065-202605,ICP000065,RET001,RES,Christchurch Urban,2026-05,2026-05-01,2026-05-31,31,2026,98.2910345,6,98.29,Calculated reconciliation,98.2910345,98.29,6,NO_ISSUE,0.0,0.0,0.0,No material variance,PASS,707.008
ICP000066-202605,ICP000066,RET002,RSC,Christchurch Urban,2026-05,2026-05-01,2026-05-31,31,2026,103.93980474,6,103.94,Calculated reconciliation,103.93980474,103.94,6,NO_ISSUE,0.0,0.0,0.0,No material variance,PASS,1086.04
ICP000067-202605,ICP000067,RET004,RES,Christchurch Urban,2026-05,2026-05-01,2026-05-31,31,2026,77.51379342,6,77.51,Calculated reconciliation,77.51379342,77.51,6,NO_ISSUE,0.0,0.0,0.0,No material variance,PASS,794.534
ICP000068-202605,ICP000068,RET004,RES,Christchurch Urban,2026-05,2026-05-01,2026-05-31,31,2026,57.259608799999995,6,57.26,Calculated reconciliation,57.259608799999995,57.26,6,NO_ISSUE,0.0,0.0,0.0,No material variance,PASS,573.836
ICP000069-202605,ICP000069,RET001,RES,Christchurch Urban,2026-05,2026-05-01,2026-05-31,31,2026,51.41365534,6,51.41,Calculated reconciliation,51.41365534,51.41,6,NO_ISSUE,0.0,0.0,0.0,No material variance,PASS,411.077
ICP000070-202605,ICP000070,RET001,RES,Christchurch Urban,2026-05,2026-05-01,2026-05-31,31,2026,48.46883575,6,48.47,Calculated reconciliation,48.46883575,48.47,6,NO_ISSUE,0.0,0.0,0.0,No material variance,PASS,345.683
ICP000071-202605,ICP000071,RET002,RES,Christchurch Urban,2026-05,2026-05-01,2026-05-31,31,2026,61.64102568,6,61.64,Calculated reconciliation,61.64102568,61.64,6,NO_ISSUE,0.0,0.0,0.0,No material variance,PASS,676.399
ICP000072-202605,ICP000072,RET004,RSC,Christchurch Urban,2026-05,2026-05-01,2026-05-31,31,2026,129.06126247,6,129.06,Calculated reconciliation,129.06126247,129.06,6,NO_ISSUE,0.0,0.0,0.0,No material variance,PASS,1354.561
ICP000073-202605,ICP000073,RET002,RSC,Central Canterbury Rural,2026-05,2026-05-01,2026-05-31,31,2026,95.53757372,6,95.54,Calculated reconciliation,95.53757372,95.54,6,NO_ISSUE,0.0,0.0,0.0,No material variance,PASS,1240.979
ICP000074-202605,ICP000074,RET003,RES,Christchurch Urban,2026-05,2026-05-01,2026-05-31,31,2026,95.29221475,6,95.29,Calculated reconciliation,95.29221475,95.29,6,NO_ISSUE,0.0,0.0,0.0,No material variance,PASS,751.569
ICP000075-202605,ICP000075,RET003,RES,Christchurch Urban,2026-05,2026-05-01,2026-05-31,31,2026,68.07499967999999,6,68.07,Calculated reconciliation,68.07499967999999,68.07,6,NO_ISSUE,0.0,0.0,0.0,No material variance,PASS,747.84
ICP000076-202605,ICP000076,RET003,RSC,Christchurch Urban,2026-05,2026-05-01,2026-05-31,31,2026,91.19742282,6,91.2,Calculated reconciliation,91.19742282,91.2,6,NO_ISSUE,0.0,0.0,0.0,No material variance,PASS,782.681
ICP000077-202605,ICP000077,RET002,RES,Central Canterbury Rural,2026-05,2026-05-01,2026-05-31,31,2026,81.13109787,6,81.13,Calculated reconciliation,81.13109787,81.13,6,NO_ISSUE,0.0,0.0,0.0,No material variance,PASS,678.802
ICP000078-202605,ICP000078,RET003,RES,Christchurch Urban,2026-05,2026-05-01,2026-05-31,31,2026,93.37921718,6,93.38,Calculated reconciliation,98.62921718,98.63,6,CALCULATION_ERROR,5.25,5.25,5.25,Overbilled,REVIEW,695.308
ICP000079-202605,ICP000079,RET002,RES,Christchurch Urban,2026-05,2026-05-01,2026-05-31,31,2026,81.25193727,6,81.25,Calculated reconciliation,81.25193727,81.25,6,NO_ISSUE,0.0,0.0,0.0,No material variance,PASS,640.334
ICP000080-202605,ICP000080,RET001,RES,Christchurch Urban,2026-05,2026-05-01,2026-05-31,31,2026,64.98117758,6,64.98,Calculated reconciliation,64.98117758,64.98,6,NO_ISSUE,0.0,0.0,0.0,No material variance,PASS,664.015
ICP000081-202605,ICP000081,RET003,RSU,Christchurch Urban,2026-05,2026-05-01,2026-05-31,31,2026,96.7666189,6,96.77,Calculated reconciliation,96.7666189,96.77,6,NO_ISSUE,0.0,0.0,0.0,No material variance,PASS,1209.614
ICP000082-202605,ICP000082,RET003,RES,Christchurch Urban,2026-05,2026-05-01,2026-05-31,31,2026,66.98149587,6,66.98,Calculated reconciliation,66.98149587,66.98,6,NO_ISSUE,0.0,0.0,0.0,No material variance,PASS,585.232
ICP000083-202605,ICP000083,RET003,RES,Selwyn,2026-05,2026-05-01,2026-05-31,31,2026,104.73123577,6,104.73,Calculated reconciliation,104.73123577,104.73,6,NO_ISSUE,0.0,0.0,0.0,No material variance,PASS,921.096
ICP000084-202605,ICP000084,RET004,RSC,Christchurch Urban,2026-05,2026-05-01,2026-05-31,31,2026,77.51842955000001,6,77.52,Calculated reconciliation,77.51842955000001,77.52,6,NO_ISSUE,0.0,0.0,0.0,No material variance,PASS,754.537
ICP000085-202605,ICP000085,RET001,RES,Christchurch Urban,2026-05,2026-05-01,2026-05-31,31,2026,65.26303401999999,6,65.26,Calculated reconciliation,65.26303401999999,65.26,6,NO_ISSUE,0.0,0.0,0.0,No material variance,PASS,471.882
ICP000086-202605,ICP000086,RET004,RES,Christchurch Urban,2026-05,2026-05-01,2026-05-31,31,2026,54.87057424,6,54.87,Calculated reconciliation,54.87057424,54.87,6,NO_ISSUE,0.0,0.0,0.0,No material variance,PASS,372.602
ICP000087-202605,ICP000087,RET001,RES,Christchurch Urban,2026-05,2026-05-01,2026-05-31,31,2026,93.94621702,6,93.95,Calculated reconciliation,93.94621702,93.95,6,NO_ISSUE,0.0,0.0,0.0,No material variance,PASS,730.922
ICP000088-202605,ICP000088,RET001,RES,Christchurch Urban,2026-05,2026-05-01,2026-05-31,31,2026,55.040631809999994,6,55.04,Calculated reconciliation,55.040631809999994,55.04,6,NO_ISSUE,0.0,0.0,0.0,No material variance,PASS,570.703
ICP000089-202605,ICP000089,RET004,RES,Christchurch Urban,2026-05,2026-05-01,2026-05-31,31,2026,87.73115313,6,87.73,Calculated reconciliation,87.73115313,87.73,6,NO_ISSUE,0.0,0.0,0.0,No material variance,PASS,753.436
ICP000090-202605,ICP000090,RET002,RES,Christchurch Urban,2026-05,2026-05-01,2026-05-31,31,2026,69.01314344,6,69.01,Calculated reconciliation,69.01314344,69.01,6,NO_ISSUE,0.0,0.0,0.0,No material variance,PASS,651.698
ICP000091-202605,ICP000091,RET004,RES,Christchurch Urban,2026-05,2026-05-01,2026-05-31,31,2026,97.06776726,6,97.07,Calculated reconciliation,97.06776726,97.07,6,NO_ISSUE,0.0,0.0,0.0,No material variance,PASS,908.204
ICP000092-202605,ICP000092,RET001,RES,Christchurch Urban,2026-05,2026-05-01,2026-05-31,31,2026,78.27693184,6,78.28,Calculated reconciliation,78.27693184,78.28,6,NO_ISSUE,0.0,0.0,0.0,No material variance,PASS,633.997
ICP000093-202605,ICP000093,RET005,RES,Christchurch Urban,2026-05,2026-05-01,2026-05-31,31,2026,109.3566593,6,109.36,Calculated reconciliation,109.3566593,109.36,6,NO_ISSUE,0.0,0.0,0.0,No material variance,PASS,897.552
ICP000094-202605,ICP000094,RET005,RES,Christchurch Urban,2026-05,2026-05-01,2026-05-31,31,2026,95.53951158,6,95.54,Calculated reconciliation,95.53951158,95.54,6,NO_ISSUE,0.0,0.0,0.0,No material variance,PASS,884.891
ICP000095-202605,ICP000095,RET001,RES,Central Canterbury Rural,2026-05,2026-05-01,2026-05-31,31,2026,50.61401393,6,50.61,Calculated reconciliation,50.61401393,50.61,6,NO_ISSUE,0.0,0.0,0.0,No material variance,PASS,386.376
ICP000096-202605,ICP000096,RET002,URES,Christchurch Urban,2026-05,2026-05-01,2026-05-31,31,2026,108.4994289,6,108.5,Calculated reconciliation,108.4994289,108.5,6,NO_ISSUE,0.0,0.0,0.0,No material variance,PASS,905.865
ICP000097-202605,ICP000097,RET001,RES,Christchurch Urban,2026-05,2026-05-01,2026-05-31,31,2026,84.77620892,6,84.78,Calculated reconciliation,84.77620892,84.78,6,NO_ISSUE,0.0,0.0,0.0,No material variance,PASS,832.744
ICP000098-202605,ICP000098,RET005,RES,Christchurch Urban,2026-05,2026-05-01,2026-05-31,31,2026,58.80242784,6,58.8,Calculated reconciliation,58.80242784,58.8,6,NO_ISSUE,0.0,0.0,0.0,No material variance,PASS,538.533
ICP000099-202605,ICP000099,RET003,RSC,Selwyn,2026-05,2026-05-01,2026-05-31,31,2026,90.95220029,6,90.95,Calculated reconciliation,90.95220029,90.95,6,NO_ISSUE,0.0,0.0,0.0,No material variance,PASS,839.881
ICP000100-202605,ICP000100,RET003,RSC,Central Canterbury Rural,2026-05,2026-05-01,2026-05-31,31,2026,88.299232,6,88.3,Calculated reconciliation,88.299232,88.3,6,NO_ISSUE,0.0,0.0,0.0,No material variance,PASS,922.376
ICP000101-202605,ICP000101,RET003,RES,Christchurch Urban,2026-05,2026-05-01,2026-05-31,31,2026,52.81763672,6,52.82,Calculated reconciliation,52.81763672,52.82,6,NO_ISSUE,0.0,0.0,0.0,No material variance,PASS,514.35
ICP000102-202605,ICP000102,RET001,RSC,Christchurch Urban,2026-05,2026-05-01,2026-05-31,31,2026,140.84504089,6,140.85,Calculated reconciliation,140.84504089,140.85,6,NO_ISSUE,0.0,0.0,0.0,No material variance,PASS,1458.544
ICP000103-202605,ICP000103,RET002,RSC,Christchurch Urban,2026-05,2026-05-01,2026-05-31,31,2026,85.42816165,6,85.43,Calculated reconciliation,85.42816165,85.43,6,NO_ISSUE,0.0,0.0,0.0,No material variance,PASS,1041.394
ICP000104-202605,ICP000104,RET005,RSC,Christchurch Urban,2026-05,2026-05-01,2026-05-31,31,2026,81.96322963,6,81.96,Calculated reconciliation,81.96322963,81.96,6,NO_ISSUE,0.0,0.0,0.0,No material variance,PASS,678.537
ICP000105-202605,ICP000105,RET001,RES,Christchurch Urban,2026-05,2026-05-01,2026-05-31,31,2026,128.97300018,6,128.97,Calculated reconciliation,128.97300018,128.97,6,NO_ISSUE,0.0,0.0,0.0,No material variance,PASS,937.479
ICP000106-202605,ICP000106,RET001,RES,Christchurch Urban,2026-05,2026-05-01,2026-05-31,31,2026,48.99415676,6,48.99,Calculated reconciliation,48.99415676,48.99,6,NO_ISSUE,0.0,0.0,0.0,No material variance,PASS,370.85
ICP000107-202605,ICP000107,RET004,URES,Christchurch Urban,2026-05,2026-05-01,2026-05-31,31,2026,69.5917611,6,69.59,Calculated reconciliation,69.5917611,69.59,6,NO_ISSUE,0.0,0.0,0.0,No material variance,PASS,524.087
ICP000108-202605,ICP000108,RET001,RES,Christchurch Urban,2026-05,2026-05-01,2026-05-31,31,2026,60.54418182,6,60.54,Calculated reconciliation,60.54418182,60.54,6,NO_ISSUE,0.0,0.0,0.0,No material variance,PASS,514.146
ICP000109-202605,ICP000109,RET001,RSC,Selwyn,2026-05,2026-05-01,2026-05-31,31,2026,85.83960716,6,85.84,Calculated reconciliation,85.83960716,85.84,6,NO_ISSUE,0.0,0.0,0.0,No material variance,PASS,701.193
ICP000110-202605,ICP000110,RET002,RES,Christchurch Urban,2026-05,2026-05-01,2026-05-31,31,2026,59.12320921,6,59.12,Calculated reconciliation,59.12320921,59.12,6,NO_ISSUE,0.0,0.0,0.0,No material variance,PASS,583.011
ICP000111-202605,ICP000111,RET002,RES,Christchurch Urban,2026-05,2026-05-01,2026-05-31,31,2026,88.00428486999999,6,88.0,Calculated reconciliation,88.00428486999999,88.0,6,NO_ISSUE,0.0,0.0,0.0,No material variance,PASS,715.89
ICP000112-202605,ICP000112,RET003,RSU,Christchurch Urban,2026-05,2026-05-01,2026-05-31,31,2026,87.19048427999999,6,87.19,Calculated reconciliation,87.19048427999999,87.19,6,NO_ISSUE,0.0,0.0,0.0,No material variance,PASS,714.331
ICP000113-202605,ICP000113,RET001,RES,Christchurch Urban,2026-05,2026-05-01,2026-05-31,31,2026,92.55804687,6,92.56,Calculated reconciliation,92.55804687,92.56,6,NO_ISSUE,0.0,0.0,0.0,No material variance,PASS,804.072
ICP000114-202605,ICP000114,RET001,RES,Christchurch Urban,2026-05,2026-05-01,2026-05-31,31,2026,82.07015039,6,82.07,Calculated reconciliation,82.07015039,82.07,6,NO_ISSUE,0.0,0.0,0.0,No material variance,PASS,720.101
ICP000115-202605,ICP000115,RET004,RES,Christchurch Urban,2026-05,2026-05-01,2026-05-31,31,2026,85.01487549,6,85.01,Calculated reconciliation,85.01487549,85.01,6,NO_ISSUE,0.0,0.0,0.0,No material variance,PASS,667.004
ICP000116-202605,ICP000116,RET002,RES,Christchurch Urban,2026-05,2026-05-01,2026-05-31,31,2026,71.98724493,6,71.99,Calculated reconciliation,71.98724493,71.99,6,NO_ISSUE,0.0,0.0,0.0,No material variance,PASS,572.887
ICP000117-202605,ICP000117,RET001,RES,Christchurch Urban,2026-05,2026-05-01,2026-05-31,31,2026,55.52920548,6,55.53,Calculated reconciliation,55.52920548,55.53,6,NO_ISSUE,0.0,0.0,0.0,No material variance,PASS,430.149
ICP000118-202605,ICP000118,RET003,RES,Christchurch Urban,2026-05,2026-05-01,2026-05-31,31,2026,71.64373112999999,6,71.64,Calculated reconciliation,71.64373112999999,71.64,6,NO_ISSUE,0.0,0.0,0.0,No material variance,PASS,504.555
ICP000119-202605,ICP000119,RET004,RES,Selwyn,2026-05,2026-05-01,2026-05-31,31,2026,77.41745793,6,77.42,Calculated reconciliation,77.41745793,77.42,6,NO_ISSUE,0.0,0.0,0.0,No material variance,PASS,832.201
ICP000120-202605,ICP000120,RET004,RES,Selwyn,2026-05,2026-05-01,2026-05-31,31,2026,94.99876695,6,95.0,Calculated reconciliation,94.99876695,95.0,6,NO_ISSUE,0.0,0.0,0.0,No material variance,PASS,1056.807
ICP000121-202605,ICP000121,RET002,RES,Christchurch Urban,2026-05,2026-05-01,2026-05-31,31,2026,62.27920556,6,62.28,Calculated reconciliation,62.27920556,62.28,6,NO_ISSUE,0.0,0.0,0.0,No material variance,PASS,660.552
ICP000122-202605,ICP000122,RET005,RES,Selwyn,2026-05,2026-05-01,2026-05-31,31,2026,65.3909051,6,65.39,Calculated reconciliation,65.3909051,65.39,6,NO_ISSUE,0.0,0.0,0.0,No material variance,PASS,456.872
ICP000123-202605,ICP000123,RET005,RSU,Christchurch Urban,2026-05,2026-05-01,2026-05-31,31,2026,92.95114087,6,92.95,Calculated reconciliation,92.95114087,92.95,6,NO_ISSUE,0.0,0.0,0.0,No material variance,PASS,934.183
ICP000124-202605,ICP000124,RET004,RES,Central Canterbury Rural,2026-05,2026-05-01,2026-05-31,31,2026,75.97664119000001,6,75.98,Calculated reconciliation,75.97664119000001,75.98,6,NO_ISSUE,0.0,0.0,0.0,No material variance,PASS,637.561
ICP000125-202605,ICP000125,RET001,RES,Christchurch Urban,2026-05,2026-05-01,2026-05-31,31,2026,114.92213673,6,114.92,Calculated reconciliation,114.92213673,114.92,6,NO_ISSUE,0.0,0.0,0.0,No material variance,PASS,995.113
ICP000126-202605,ICP000126,RET001,RES,Christchurch Urban,2026-05,2026-05-01,2026-05-31,31,2026,92.89414161,6,92.89,Calculated reconciliation,92.89414161,92.89,6,NO_ISSUE,0.0,0.0,0.0,No material variance,PASS,726.206
ICP000127-202605,ICP000127,RET001,RSU,Christchurch Urban,2026-05,2026-05-01,2026-05-31,31,2026,101.12124839,6,101.12,Calculated reconciliation,101.12124839,101.12,6,NO_ISSUE,0.0,0.0,0.0,No material variance,PASS,1025.196
ICP000128-202605,ICP000128,RET001,RES,Christchurch Urban,2026-05,2026-05-01,2026-05-31,31,2026,68.85626078,6,68.86,Calculated reconciliation,68.85626078,68.86,6,NO_ISSUE,0.0,0.0,0.0,No material variance,PASS,515.41
ICP000129-202605,ICP000129,RET002,RES,Selwyn,2026-05,2026-05-01,2026-05-31,31,2026,61.12406125,6,61.12,Calculated reconciliation,61.12406125,61.12,6,NO_ISSUE,0.0,0.0,0.0,No material variance,PASS,601.778
ICP000130-202605,ICP000130,RET001,RSU,Christchurch Urban,2026-05,2026-05-01,2026-05-31,31,2026,102.86833169,6,102.87,Calculated reconciliation,102.86833169,102.87,6,NO_ISSUE,0.0,0.0,0.0,No material variance,PASS,742.149
ICP000131-202605,ICP000131,RET001,RSC,Christchurch Urban,2026-05,2026-05-01,2026-05-31,31,2026,89.16113004,6,89.16,Calculated reconciliation,89.16113004,89.16,6,NO_ISSUE,0.0,0.0,0.0,No material variance,PASS,688.772
ICP000132-202605,ICP000132,RET002,RES,Christchurch Urban,2026-05,2026-05-01,2026-05-31,31,2026,52.41789799,6,52.42,Calculated reconciliation,52.41789799,52.42,6,NO_ISSUE,0.0,0.0,0.0,No material variance,PASS,436.165
ICP000133-202605,ICP000133,RET002,RES,Christchurch Urban,2026-05,2026-05-01,2026-05-31,31,2026,61.34820803,6,61.35,Calculated reconciliation,61.34820803,61.35,6,NO_ISSUE,0.0,0.0,0.0,No material variance,PASS,628.264
ICP000134-202605,ICP000134,RET004,RES,Selwyn,2026-05,2026-05-01,2026-05-31,31,2026,72.71733582,6,72.72,Calculated reconciliation,72.71733582,72.72,6,NO_ISSUE,0.0,0.0,0.0,No material variance,PASS,624.974
ICP000135-202605,ICP000135,RET001,RSC,Central Canterbury Rural,2026-05,2026-05-01,2026-05-31,31,2026,144.22365412,6,144.22,Calculated reconciliation,144.22365412,144.22,6,NO_ISSUE,0.0,0.0,0.0,No material variance,PASS,1524.284
ICP000136-202605,ICP000136,RET001,URES,Christchurch Urban,2026-05,2026-05-01,2026-05-31,31,2026,91.97387878,6,91.97,Calculated reconciliation,91.97387878,91.97,6,NO_ISSUE,0.0,0.0,0.0,No material variance,PASS,764.935
ICP000137-202605,ICP000137,RET004,RES,Christchurch Urban,2026-05,2026-05-01,2026-05-31,31,2026,54.19611467,6,54.2,Calculated reconciliation,54.19611467,54.2,6,NO_ISSUE,0.0,0.0,0.0,No material variance,PASS,561.343
ICP000138-202605,ICP000138,RET001,RES,Selwyn,2026-05,2026-05-01,2026-05-31,31,2026,63.15791121,6,63.16,Calculated reconciliation,63.15791121,63.16,6,NO_ISSUE,0.0,0.0,0.0,No material variance,PASS,541.86
ICP000139-202605,ICP000139,RET003,RES,Christchurch Urban,2026-05,2026-05-01,2026-05-31,31,2026,68.65126828999999,6,68.65,Calculated reconciliation,68.65126828999999,68.65,6,NO_ISSUE,0.0,0.0,0.0,No material variance,PASS,456.398
ICP000140-202605,ICP000140,RET002,URES,Christchurch Urban,2026-05,2026-05-01,2026-05-31,31,2026,88.56114909,6,88.56,Calculated reconciliation,88.56114909,88.56,6,NO_ISSUE,0.0,0.0,0.0,No material variance,PASS,690.891
ICP000141-202605,ICP000141,RET002,RES,Selwyn,2026-05,2026-05-01,2026-05-31,31,2026,62.62840736,6,62.63,Calculated reconciliation,62.62840736,62.63,6,NO_ISSUE,0.0,0.0,0.0,No material variance,PASS,437.506
ICP000142-202605,ICP000142,RET001,RES,Christchurch Urban,2026-05,2026-05-01,2026-05-31,31,2026,57.62226609,6,57.62,Calculated reconciliation,57.62226609,57.62,6,NO_ISSUE,0.0,0.0,0.0,No material variance,PASS,570.702
ICP000143-202605,ICP000143,RET002,RES,Christchurch Urban,2026-05,2026-05-01,2026-05-31,31,2026,58.743879449999994,6,58.74,Calculated reconciliation,58.743879449999994,58.74,6,NO_ISSUE,0.0,0.0,0.0,No material variance,PASS,457.808
ICP000144-202605,ICP000144,RET001,RSC,Christchurch Urban,2026-05,2026-05-01,2026-05-31,31,2026,116.77131879,6,116.77,Calculated reconciliation,116.77131879,116.77,6,NO_ISSUE,0.0,0.0,0.0,No material variance,PASS,1079.778
ICP000145-202605,ICP000145,RET004,RES,Christchurch Urban,2026-05,2026-05-01,2026-05-31,31,2026,58.76724067,6,58.77,Calculated reconciliation,58.76724067,58.77,6,NO_ISSUE,0.0,0.0,0.0,No material variance,PASS,509.181
ICP000146-202605,ICP000146,RET002,RES,Christchurch Urban,2026-05,2026-05-01,2026-05-31,31,2026,64.60913596,6,64.61,Calculated reconciliation,64.60913596,64.61,6,NO_ISSUE,0.0,0.0,0.0,No material variance,PASS,668.045
ICP000147-202605,ICP000147,RET003,RSC,Christchurch Urban,2026-05,2026-05-01,2026-05-31,31,2026,82.51870164000002,6,82.52,Calculated reconciliation,82.51870164000002,82.52,6,NO_ISSUE,0.0,0.0,0.0,No material variance,PASS,866.043
ICP000148-202605,ICP000148,RET005,URES,Selwyn,2026-05,2026-05-01,2026-05-31,31,2026,50.72896205000001,6,50.73,Calculated reconciliation,50.72896205000001,50.73,6,NO_ISSUE,0.0,0.0,0.0,No material variance,PASS,330.117
ICP000149-202605,ICP000149,RET001,RES,Christchurch Urban,2026-05,2026-05-01,2026-05-31,31,2026,71.34671521,6,71.35,Calculated reconciliation,71.34671521,71.35,6,NO_ISSUE,0.0,0.0,0.0,No material variance,PASS,529.182
ICP000150-202605,ICP000150,RET001,RES,Christchurch Urban,2026-05,2026-05-01,2026-05-31,31,2026,92.70051022,6,92.7,Calculated reconciliation,92.70051022,92.7,6,NO_ISSUE,0.0,0.0,0.0,No material variance,PASS,676.655
ICP000151-202605,ICP000151,RET003,RSC,Christchurch Urban,2026-05,2026-05-01,2026-05-31,31,2026,112.14790465000002,6,112.15,Calculated reconciliation,112.14790465000002,112.15,6,NO_ISSUE,0.0,0.0,0.0,No material variance,PASS,1367.379
ICP000152-202605,ICP000152,RET002,RES,Selwyn,2026-05,2026-05-01,2026-05-31,31,2026,75.54373022,6,75.54,Calculated reconciliation,75.54373022,75.54,6,NO_ISSUE,0.0,0.0,0.0,No material variance,PASS,698.557
ICP000153-202605,ICP000153,RET003,URES,Christchurch Urban,2026-05,2026-05-01,2026-05-31,31,2026,63.78605942,6,63.79,Calculated reconciliation,63.78605942,63.79,6,NO_ISSUE,0.0,0.0,0.0,No material variance,PASS,555.523
ICP000154-202605,ICP000154,RET002,RES,Christchurch Urban,2026-05,2026-05-01,2026-05-31,31,2026,59.0856461,6,59.09,Calculated reconciliation,59.0856461,59.09,6,NO_ISSUE,0.0,0.0,0.0,No material variance,PASS,440.821
ICP000155-202605,ICP000155,RET004,RSC,Christchurch Urban,2026-05,2026-05-01,2026-05-31,31,2026,72.39270003,6,72.39,Calculated reconciliation,72.39270003,72.39,6,NO_ISSUE,0.0,0.0,0.0,No material variance,PASS,690.422
ICP000156-202605,ICP000156,RET002,RES,Christchurch Urban,2026-05,2026-05-01,2026-05-31,31,2026,78.55798700999999,6,78.56,Calculated reconciliation,78.55798700999999,78.56,6,NO_ISSUE,0.0,0.0,0.0,No material variance,PASS,743.535
ICP000157-202605,ICP000157,RET005,RES,Christchurch Urban,2026-05,2026-05-01,2026-05-31,31,2026,105.03810273,6,105.04,Calculated reconciliation,105.03810273,105.04,6,NO_ISSUE,0.0,0.0,0.0,No material variance,PASS,948.525
ICP000158-202605,ICP000158,RET005,RES,Christchurch Urban,2026-05,2026-05-01,2026-05-31,31,2026,95.30942161,6,95.31,Calculated reconciliation,95.30942161,95.31,6,NO_ISSUE,0.0,0.0,0.0,No material variance,PASS,996.941
ICP000159-202605,ICP000159,RET001,RSC,Christchurch Urban,2026-05,2026-05-01,2026-05-31,31,2026,132.14774879,6,132.15,Calculated reconciliation,132.14774879,132.15,6,NO_ISSUE,0.0,0.0,0.0,No material variance,PASS,1376.986
ICP000160-202605,ICP000160,RET003,RSC,Christchurch Urban,2026-05,2026-05-01,2026-05-31,31,2026,96.98214128,6,96.98,Calculated reconciliation,96.98214128,96.98,6,NO_ISSUE,0.0,0.0,0.0,No material variance,PASS,948.356
ICP000161-202605,ICP000161,RET003,RES,Selwyn,2026-05,2026-05-01,2026-05-31,31,2026,49.21097,6,49.21,Calculated reconciliation,49.21097,49.21,6,NO_ISSUE,0.0,0.0,0.0,No material variance,PASS,386.326
ICP000162-202605,ICP000162,RET001,RES,Selwyn,2026-05,2026-05-01,2026-05-31,31,2026,72.38539717,6,72.39,Calculated reconciliation,72.38539717,72.39,6,NO_ISSUE,0.0,0.0,0.0,No material variance,PASS,610.441
ICP000163-202605,ICP000163,RET003,RES,Selwyn,2026-05,2026-05-01,2026-05-31,31,2026,55.31282212,6,55.31,Calculated reconciliation,55.31282212,55.31,6,NO_ISSUE,0.0,0.0,0.0,No material variance,PASS,507.474
ICP000164-202605,ICP000164,RET001,RSU,Christchurch Urban,2026-05,2026-05-01,2026-05-31,31,2026,121.25680917,6,121.26,Calculated reconciliation,121.25680917,121.26,6,NO_ISSUE,0.0,0.0,0.0,No material variance,PASS,1286.314
ICP000165-202605,ICP000165,RET001,RSC,Selwyn,2026-05,2026-05-01,2026-05-31,31,2026,95.49442606,6,95.49,Calculated reconciliation,95.49442606,95.49,6,NO_ISSUE,0.0,0.0,0.0,No material variance,PASS,811.963
ICP000166-202605,ICP000166,RET005,URES,Christchurch Urban,2026-05,2026-05-01,2026-05-31,31,2026,109.1597326,6,109.16,Calculated reconciliation,109.1597326,109.16,6,NO_ISSUE,0.0,0.0,0.0,No material variance,PASS,748.033
ICP000167-202605,ICP000167,RET002,RSC,Christchurch Urban,2026-05,2026-05-01,2026-05-31,31,2026,147.05464734999998,6,147.05,Calculated reconciliation,147.05464734999998,147.05,6,NO_ISSUE,0.0,0.0,0.0,No material variance,PASS,1436.313
ICP000168-202605,ICP000168,RET001,URES,Christchurch Urban,2026-05,2026-05-01,2026-05-31,31,2026,69.66180113,6,69.66,Calculated reconciliation,72.78306148,72.78,6,WRONG_PRICE_CATEGORY,3.12126035,3.12,3.12,Overbilled,REVIEW,529.215
ICP000169-202605,ICP000169,RET005,RES,Christchurch Urban,2026-05,2026-05-01,2026-05-31,31,2026,64.3983092,6,64.4,Calculated reconciliation,64.3983092,64.4,6,NO_ISSUE,0.0,0.0,0.0,No material variance,PASS,555.425
ICP000170-202605,ICP000170,RET003,URES,Christchurch Urban,2026-05,2026-05-01,2026-05-31,31,2026,65.88328643,6,65.88,Calculated reconciliation,65.88328643,65.88,6,NO_ISSUE,0.0,0.0,0.0,No material variance,PASS,544.228
ICP000171-202605,ICP000171,RET002,URES,Christchurch Urban,2026-05,2026-05-01,2026-05-31,31,2026,59.58767179,6,59.59,Calculated reconciliation,59.58767179,59.59,6,NO_ISSUE,0.0,0.0,0.0,No material variance,PASS,479.584
ICP000172-202605,ICP000172,RET001,RES,Christchurch Urban,2026-05,2026-05-01,2026-05-31,31,2026,54.08449652,6,54.08,Calculated reconciliation,54.08449652,54.08,6,NO_ISSUE,0.0,0.0,0.0,No material variance,PASS,407.75
ICP000173-202605,ICP000173,RET004,RES,Christchurch Urban,2026-05,2026-05-01,2026-05-31,31,2026,67.80328788,6,67.8,Calculated reconciliation,67.80328788,67.8,6,NO_ISSUE,0.0,0.0,0.0,No material variance,PASS,579.725
ICP000174-202605,ICP000174,RET005,URES,Christchurch Urban,2026-05,2026-05-01,2026-05-31,31,2026,84.70693985,6,84.71,Calculated reconciliation,84.70693985,84.71,6,NO_ISSUE,0.0,0.0,0.0,No material variance,PASS,699.475
ICP000175-202605,ICP000175,RET003,RSC,Selwyn,2026-05,2026-05-01,2026-05-31,31,2026,130.66922912,6,130.67,Calculated reconciliation,130.66922912,130.67,6,NO_ISSUE,0.0,0.0,0.0,No material variance,PASS,1340.843
ICP000176-202605,ICP000176,RET005,URES,Christchurch Urban,2026-05,2026-05-01,2026-05-31,31,2026,100.0900738,6,100.09,Calculated reconciliation,100.0900738,100.09,6,NO_ISSUE,0.0,0.0,0.0,No material variance,PASS,657.314
ICP000177-202605,ICP000177,RET003,RSC,Selwyn,2026-05,2026-05-01,2026-05-31,31,2026,86.70411799,6,86.7,Calculated reconciliation,86.70411799,86.7,6,NO_ISSUE,0.0,0.0,0.0,No material variance,PASS,735.601
ICP000178-202605,ICP000178,RET004,RES,Christchurch Urban,2026-05,2026-05-01,2026-05-31,31,2026,78.8364088,6,78.84,Calculated reconciliation,78.8364088,78.84,6,NO_ISSUE,0.0,0.0,0.0,No material variance,PASS,792.677
ICP000179-202605,ICP000179,RET001,URES,Christchurch Urban,2026-05,2026-05-01,2026-05-31,31,2026,80.31424429,6,80.31,Calculated reconciliation,80.31424429,80.31,6,NO_ISSUE,0.0,0.0,0.0,No material variance,PASS,632.667
ICP000180-202605,ICP000180,RET005,RES,Christchurch Urban,2026-05,2026-05-01,2026-05-31,31,2026,67.19498697,6,67.19,Calculated reconciliation,67.19498697,67.19,6,NO_ISSUE,0.0,0.0,0.0,No material variance,PASS,490.199
ICP000181-202605,ICP000181,RET002,URES,Christchurch Urban,2026-05,2026-05-01,2026-05-31,31,2026,84.75118662,6,84.75,Calculated reconciliation,84.75118662,84.75,6,NO_ISSUE,0.0,0.0,0.0,No material variance,PASS,536.275
ICP000182-202605,ICP000182,RET002,RSC,Christchurch Urban,2026-05,2026-05-01,2026-05-31,31,2026,88.47310326,6,88.47,Calculated reconciliation,88.47310326,88.47,6,NO_ISSUE,0.0,0.0,0.0,No material variance,PASS,765.94
ICP000183-202605,ICP000183,RET002,RES,Christchurch Urban,2026-05,2026-05-01,2026-05-31,31,2026,89.62226749999999,6,89.62,Calculated reconciliation,89.62226749999999,89.62,6,NO_ISSUE,0.0,0.0,0.0,No material variance,PASS,708.914
ICP000184-202605,ICP000184,RET002,RES,Central Canterbury Rural,2026-05,2026-05-01,2026-05-31,31,2026,160.94911445,6,160.95,Calculated reconciliation,160.94911445,160.95,6,NO_ISSUE,0.0,0.0,0.0,No material variance,PASS,1344.564
ICP000185-202605,ICP000185,RET004,RES,Central Canterbury Rural,2026-05,2026-05-01,2026-05-31,31,2026,73.80931633,6,73.81,Calculated reconciliation,73.80931633,73.81,6,NO_ISSUE,0.0,0.0,0.0,No material variance,PASS,598.687
ICP000186-202605,ICP000186,RET002,RSC,Christchurch Urban,2026-05,2026-05-01,2026-05-31,31,2026,118.27912934,6,118.28,Calculated reconciliation,118.27912934,118.28,6,NO_ISSUE,0.0,0.0,0.0,No material variance,PASS,1262.694
ICP000187-202605,ICP000187,RET002,RES,Christchurch Urban,2026-05,2026-05-01,2026-05-31,31,2026,56.979262039999995,6,56.98,Calculated reconciliation,56.979262039999995,56.98,6,NO_ISSUE,0.0,0.0,0.0,No material variance,PASS,482.362
ICP000188-202605,ICP000188,RET004,RES,Selwyn,2026-05,2026-05-01,2026-05-31,31,2026,73.86730708,6,73.87,Calculated reconciliation,73.86730708,73.87,6,NO_ISSUE,0.0,0.0,0.0,No material variance,PASS,630.798
ICP000189-202605,ICP000189,RET005,RSC,Central Canterbury Rural,2026-05,2026-05-01,2026-05-31,31,2026,122.14833813,6,122.15,Calculated reconciliation,122.14833813,122.15,6,NO_ISSUE,0.0,0.0,0.0,No material variance,PASS,1388.903
ICP000190-202605,ICP000190,RET005,RES,Christchurch Urban,2026-05,2026-05-01,2026-05-31,31,2026,79.6986593,6,79.7,Calculated reconciliation,79.6986593,79.7,6,NO_ISSUE,0.0,0.0,0.0,No material variance,PASS,611.315
ICP000191-202605,ICP000191,RET001,RES,Christchurch Urban,2026-05,2026-05-01,2026-05-31,31,2026,66.88301304,6,66.88,Calculated reconciliation,66.88301304,66.88,6,NO_ISSUE,0.0,0.0,0.0,No material variance,PASS,645.069
ICP000192-202605,ICP000192,RET002,RES,Central Canterbury Rural,2026-05,2026-05-01,2026-05-31,31,2026,97.41510198,6,97.42,Calculated reconciliation,97.41510198,97.42,6,NO_ISSUE,0.0,0.0,0.0,No material variance,PASS,875.965
ICP000193-202605,ICP000193,RET004,RES,Christchurch Urban,2026-05,2026-05-01,2026-05-31,31,2026,81.01310483,6,81.01,Calculated reconciliation,81.01310483,81.01,6,NO_ISSUE,0.0,0.0,0.0,No material variance,PASS,740.504
ICP000194-202605,ICP000194,RET002,RSC,Christchurch Urban,2026-05,2026-05-01,2026-05-31,31,2026,120.5348913,6,120.53,Calculated reconciliation,120.5348913,120.53,6,NO_ISSUE,0.0,0.0,0.0,No material variance,PASS,1301.999
ICP000195-202605,ICP000195,RET002,RES,Christchurch Urban,2026-05,2026-05-01,2026-05-31,31,2026,90.8704937,6,90.87,Calculated reconciliation,90.8704937,90.87,6,NO_ISSUE,0.0,0.0,0.0,No material variance,PASS,728.101
ICP000196-202605,ICP000196,RET002,URES,Christchurch Urban,2026-05,2026-05-01,2026-05-31,31,2026,52.83605969,6,52.84,Calculated reconciliation,52.83605969,52.84,6,NO_ISSUE,0.0,0.0,0.0,No material variance,PASS,304.421
ICP000197-202605,ICP000197,RET004,RES,Christchurch Urban,2026-05,2026-05-01,2026-05-31,31,2026,64.77708856,6,64.78,Calculated reconciliation,64.77708856,64.78,6,NO_ISSUE,0.0,0.0,0.0,No material variance,PASS,515.061
ICP000198-202605,ICP000198,RET002,RES,Selwyn,2026-05,2026-05-01,2026-05-31,31,2026,45.238689519999994,6,45.24,Calculated reconciliation,45.238689519999994,45.24,6,NO_ISSUE,0.0,0.0,0.0,No material variance,PASS,291.447
ICP000199-202605,ICP000199,RET003,RES,Christchurch Urban,2026-05,2026-05-01,2026-05-31,31,2026,85.85909667,6,85.86,Calculated reconciliation,85.85909667,85.86,6,NO_ISSUE,0.0,0.0,0.0,No material variance,PASS,828.306
ICP000200-202605,ICP000200,RET002,RES,Central Canterbury Rural,2026-05,2026-05-01,2026-05-31,31,2026,61.48152278,6,61.48,Calculated reconciliation,61.48152278,61.48,6,NO_ISSUE,0.0,0.0,0.0,No material variance,PASS,627.655
ICP000201-202605,ICP000201,RET001,RES,Selwyn,2026-05,2026-05-01,2026-05-31,31,2026,58.29895557,6,58.3,Calculated reconciliation,58.29895557,58.3,6,NO_ISSUE,0.0,0.0,0.0,No material variance,PASS,480.428
ICP000202-202605,ICP000202,RET005,RSC,Christchurch Urban,2026-05,2026-05-01,2026-05-31,31,2026,96.99458979,6,96.99,Calculated reconciliation,96.99458979,96.99,6,NO_ISSUE,0.0,0.0,0.0,No material variance,PASS,806.645
ICP000203-202605,ICP000203,RET004,URES,Selwyn,2026-05,2026-05-01,2026-05-31,31,2026,71.07949827,6,71.08,Calculated reconciliation,71.07949827,71.08,6,NO_ISSUE,0.0,0.0,0.0,No material variance,PASS,464.743
ICP000204-202605,ICP000204,RET005,RSU,Christchurch Urban,2026-05,2026-05-01,2026-05-31,31,2026,102.17111738,6,102.17,Calculated reconciliation,102.17111738,102.17,6,NO_ISSUE,0.0,0.0,0.0,No material variance,PASS,779.231
ICP000205-202605,ICP000205,RET005,URES,Selwyn,2026-05,2026-05-01,2026-05-31,31,2026,86.20591270999999,6,86.21,Calculated reconciliation,86.20591270999999,86.21,6,NO_ISSUE,0.0,0.0,0.0,No material variance,PASS,813.568
ICP000206-202605,ICP000206,RET001,RSC,Christchurch Urban,2026-05,2026-05-01,2026-05-31,31,2026,95.95431923,6,95.95,Calculated reconciliation,95.95431923,95.95,6,NO_ISSUE,0.0,0.0,0.0,No material variance,PASS,881.97
ICP000207-202605,ICP000207,RET001,RES,Christchurch Urban,2026-05,2026-05-01,2026-05-31,31,2026,84.13718725,6,84.14,Calculated reconciliation,84.13718725,84.14,6,NO_ISSUE,0.0,0.0,0.0,No material variance,PASS,767.662
ICP000208-202605,ICP000208,RET003,RES,Christchurch Urban,2026-05,2026-05-01,2026-05-31,31,2026,109.5388997,6,109.54,Calculated reconciliation,109.5388997,109.54,6,NO_ISSUE,0.0,0.0,0.0,No material variance,PASS,995.197
ICP000209-202605,ICP000209,RET001,RES,Selwyn,2026-05,2026-05-01,2026-05-31,31,2026,56.017796399999995,6,56.02,Calculated reconciliation,56.017796399999995,56.02,6,NO_ISSUE,0.0,0.0,0.0,No material variance,PASS,447.589
ICP000210-202605,ICP000210,RET003,RES,Christchurch Urban,2026-05,2026-05-01,2026-05-31,31,2026,68.35118399,6,68.35,Calculated reconciliation,68.35118399,68.35,6,NO_ISSUE,0.0,0.0,0.0,No material variance,PASS,610.104
ICP000211-202605,ICP000211,RET002,RES,Selwyn,2026-05,2026-05-01,2026-05-31,31,2026,92.63031208,6,92.63,Calculated reconciliation,92.63031208,92.63,6,NO_ISSUE,0.0,0.0,0.0,No material variance,PASS,725.526
ICP000212-202605,ICP000212,RET002,RES,Central Canterbury Rural,2026-05,2026-05-01,2026-05-31,31,2026,90.30198673,6,90.3,Calculated reconciliation,90.30198673,90.3,6,NO_ISSUE,0.0,0.0,0.0,No material variance,PASS,678.127
ICP000213-202605,ICP000213,RET002,RSC,Christchurch Urban,2026-05,2026-05-01,2026-05-31,31,2026,99.66642078,6,99.67,Calculated reconciliation,99.66642078,99.67,6,NO_ISSUE,0.0,0.0,0.0,No material variance,PASS,843.548
ICP000214-202605,ICP000214,RET002,RES,Christchurch Urban,2026-05,2026-05-01,2026-05-31,31,2026,90.83086486,6,90.83,Calculated reconciliation,90.83086486,90.83,6,NO_ISSUE,0.0,0.0,0.0,No material variance,PASS,656.528
ICP000215-202605,ICP000215,RET004,RES,Central Canterbury Rural,2026-05,2026-05-01,2026-05-31,31,2026,57.652690199999995,6,57.65,Calculated reconciliation,57.652690199999995,57.65,6,NO_ISSUE,0.0,0.0,0.0,No material variance,PASS,488.302
ICP000216-202605,ICP000216,RET003,URES,Christchurch Urban,2026-05,2026-05-01,2026-05-31,31,2026,90.33076181,6,90.33,Calculated reconciliation,90.33076181,90.33,6,NO_ISSUE,0.0,0.0,0.0,No material variance,PASS,646.418
ICP000217-202605,ICP000217,RET001,RES,Central Canterbury Rural,2026-05,2026-05-01,2026-05-31,31,2026,102.71015272,6,102.71,Calculated reconciliation,102.71015272,102.71,6,NO_ISSUE,0.0,0.0,0.0,No material variance,PASS,835.51
ICP000218-202605,ICP000218,RET005,RES,Christchurch Urban,2026-05,2026-05-01,2026-05-31,31,2026,80.58219436,6,80.58,Calculated reconciliation,80.58219436,80.58,6,NO_ISSUE,0.0,0.0,0.0,No material variance,PASS,732.67
ICP000219-202605,ICP000219,RET005,RSC,Christchurch Urban,2026-05,2026-05-01,2026-05-31,31,2026,116.41938613,6,116.42,Calculated reconciliation,116.41938613,116.42,6,NO_ISSUE,0.0,0.0,0.0,No material variance,PASS,1002.89
ICP000220-202605,ICP000220,RET004,URES,Christchurch Urban,2026-05,2026-05-01,2026-05-31,31,2026,58.49376308,6,58.49,Calculated reconciliation,58.49376308,58.49,6,NO_ISSUE,0.0,0.0,0.0,No material variance,PASS,429.722
ICP000221-202605,ICP000221,RET001,RSC,Christchurch Urban,2026-05,2026-05-01,2026-05-31,31,2026,115.25933777,6,115.26,Calculated reconciliation,115.25933777,115.26,6,NO_ISSUE,0.0,0.0,0.0,No material variance,PASS,1078.704
ICP000222-202605,ICP000222,RET002,RES,Selwyn,2026-05,2026-05-01,2026-05-31,31,2026,79.74380687,6,79.74,Calculated reconciliation,79.74380687,79.74,6,NO_ISSUE,0.0,0.0,0.0,No material variance,PASS,631.695
ICP000223-202605,ICP000223,RET001,RES,Christchurch Urban,2026-05,2026-05-01,2026-05-31,31,2026,95.27203742,6,95.27,Calculated reconciliation,95.27203742,95.27,6,NO_ISSUE,0.0,0.0,0.0,No material variance,PASS,978.158
ICP000224-202605,ICP000224,RET001,RSC,Christchurch Urban,2026-05,2026-05-01,2026-05-31,31,2026,111.25126464,6,111.25,Calculated reconciliation,111.25126464,111.25,6,NO_ISSUE,0.0,0.0,0.0,No material variance,PASS,1104.515
ICP000225-202605,ICP000225,RET001,RES,Christchurch Urban,2026-05,2026-05-01,2026-05-31,31,2026,72.27236983,6,72.27,Calculated reconciliation,72.27236983,72.27,6,NO_ISSUE,0.0,0.0,0.0,No material variance,PASS,554.776
ICP000226-202605,ICP000226,RET001,RES,Christchurch Urban,2026-05,2026-05-01,2026-05-31,31,2026,80.08115839,6,80.08,Calculated reconciliation,80.66535758,80.67,6,WRONG_PRICE_CATEGORY,0.5841991900000068,0.58,0.58,Overbilled,REVIEW,682.522
ICP000227-202605,ICP000227,RET001,RSC,Christchurch Urban,2026-05,2026-05-01,2026-05-31,31,2026,130.85414945,6,130.85,Calculated reconciliation,130.85414945,130.85,6,NO_ISSUE,0.0,0.0,0.0,No material variance,PASS,1259.79
ICP000228-202605,ICP000228,RET001,RES,Christchurch Urban,2026-05,2026-05-01,2026-05-31,31,2026,67.58346412,6,67.58,Calculated reconciliation,67.58346412,67.58,6,NO_ISSUE,0.0,0.0,0.0,No material variance,PASS,455.259
ICP000229-202605,ICP000229,RET002,URES,Christchurch Urban,2026-05,2026-05-01,2026-05-31,31,2026,68.71243215,6,68.71,Calculated reconciliation,68.71243215,68.71,6,NO_ISSUE,0.0,0.0,0.0,No material variance,PASS,512.802
ICP000230-202605,ICP000230,RET003,RES,Central Canterbury Rural,2026-05,2026-05-01,2026-05-31,31,2026,68.96691909,6,68.97,Calculated reconciliation,68.96691909,68.97,6,NO_ISSUE,0.0,0.0,0.0,No material variance,PASS,584.402
ICP000231-202605,ICP000231,RET004,RES,Christchurch Urban,2026-05,2026-05-01,2026-05-31,31,2026,66.47951512,6,66.48,Calculated reconciliation,66.47951512,66.48,6,NO_ISSUE,0.0,0.0,0.0,No material variance,PASS,597.108
ICP000232-202605,ICP000232,RET002,RES,Christchurch Urban,2026-05,2026-05-01,2026-05-31,31,2026,102.61870678,6,102.62,Calculated reconciliation,102.61870678,102.62,6,NO_ISSUE,0.0,0.0,0.0,No material variance,PASS,903.777
ICP000233-202605,ICP000233,RET002,RES,Central Canterbury Rural,2026-05,2026-05-01,2026-05-31,31,2026,61.13903711,6,61.14,Calculated reconciliation,61.13903711,61.14,6,NO_ISSUE,0.0,0.0,0.0,No material variance,PASS,423.366
ICP000234-202605,ICP000234,RET003,RSC,Selwyn,2026-05,2026-05-01,2026-05-31,31,2026,112.49201746,6,112.49,Calculated reconciliation,112.49201746,112.49,6,NO_ISSUE,0.0,0.0,0.0,No material variance,PASS,1198.505
ICP000235-202605,ICP000235,RET001,RES,Christchurch Urban,2026-05,2026-05-01,2026-05-31,31,2026,53.83611586,6,53.84,Calculated reconciliation,53.83611586,53.84,6,NO_ISSUE,0.0,0.0,0.0,No material variance,PASS,497.359
ICP000236-202605,ICP000236,RET001,RES,Selwyn,2026-05,2026-05-01,2026-05-31,31,2026,74.29852661,6,74.3,Calculated reconciliation,74.29852661,74.3,6,NO_ISSUE,0.0,0.0,0.0,No material variance,PASS,634.107
ICP000237-202605,ICP000237,RET001,URES,Christchurch Urban,2026-05,2026-05-01,2026-05-31,31,2026,105.20102601,6,105.2,Calculated reconciliation,105.20102601,105.2,6,NO_ISSUE,0.0,0.0,0.0,No material variance,PASS,788.639
ICP000238-202605,ICP000238,RET001,RES,Christchurch Urban,2026-05,2026-05-01,2026-05-31,31,2026,76.10366039,6,76.1,Calculated reconciliation,76.10366039,76.1,6,NO_ISSUE,0.0,0.0,0.0,No material variance,PASS,642.243
ICP000239-202605,ICP000239,RET003,RES,Christchurch Urban,2026-05,2026-05-01,2026-05-31,31,2026,68.57340992,6,68.57,Calculated reconciliation,68.57340992,68.57,6,NO_ISSUE,0.0,0.0,0.0,No material variance,PASS,593.137
ICP000240-202605,ICP000240,RET002,RES,Christchurch Urban,2026-05,2026-05-01,2026-05-31,31,2026,91.4737531,6,91.47,Calculated reconciliation,91.4737531,91.47,6,NO_ISSUE,0.0,0.0,0.0,No material variance,PASS,866.594
ICP000241-202605,ICP000241,RET001,RSC,Christchurch Urban,2026-05,2026-05-01,2026-05-31,31,2026,84.75319166,6,84.75,Calculated reconciliation,84.75319166,84.75,6,NO_ISSUE,0.0,0.0,0.0,No material variance,PASS,919.447
ICP000242-202605,ICP000242,RET002,RES,Christchurch Urban,2026-05,2026-05-01,2026-05-31,31,2026,76.82676276,6,76.83,Calculated reconciliation,76.82676276,76.83,6,NO_ISSUE,0.0,0.0,0.0,No material variance,PASS,619.577
ICP000243-202605,ICP000243,RET003,RSC,Christchurch Urban,2026-05,2026-05-01,2026-05-31,31,2026,98.06395827,6,98.06,Calculated reconciliation,129.10966787,129.11,7,DUPLICATE_CONSUMPTION,31.04570960000001,31.05,31.05,Overbilled,REVIEW,829.9
ICP000244-202605,ICP000244,RET001,RES,Christchurch Urban,2026-05,2026-05-01,2026-05-31,31,2026,80.6079455,6,80.61,Calculated reconciliation,80.6079455,80.61,6,NO_ISSUE,0.0,0.0,0.0,No material variance,PASS,913.48
ICP000245-202605,ICP000245,RET004,RES,Christchurch Urban,2026-05,2026-05-01,2026-05-31,31,2026,44.67654827,6,44.68,Calculated reconciliation,44.67654827,44.68,6,NO_ISSUE,0.0,0.0,0.0,No material variance,PASS,280.536
ICP000246-202605,ICP000246,RET003,RES,Central Canterbury Rural,2026-05,2026-05-01,2026-05-31,31,2026,81.92526765,6,81.93,Calculated reconciliation,81.92526765,81.93,6,NO_ISSUE,0.0,0.0,0.0,No material variance,PASS,738.452
ICP000247-202605,ICP000247,RET003,RES,Christchurch Urban,2026-05,2026-05-01,2026-05-31,31,2026,60.27432287,6,60.27,Calculated reconciliation,60.27432287,60.27,6,NO_ISSUE,0.0,0.0,0.0,No material variance,PASS,648.755
ICP000248-202605,ICP000248,RET001,RSC,Christchurch Urban,2026-05,2026-05-01,2026-05-31,31,2026,80.6936859,6,80.69,Calculated reconciliation,80.6936859,80.69,6,NO_ISSUE,0.0,0.0,0.0,No material variance,PASS,941.224
ICP000249-202605,ICP000249,RET001,URES,Selwyn,2026-05,2026-05-01,2026-05-31,31,2026,54.40751782,6,54.41,Calculated reconciliation,54.40751782,54.41,6,NO_ISSUE,0.0,0.0,0.0,No material variance,PASS,333.416
ICP000250-202605,ICP000250,RET001,RES,Christchurch Urban,2026-05,2026-05-01,2026-05-31,31,2026,51.15581763,6,51.16,Calculated reconciliation,51.15581763,51.16,6,NO_ISSUE,0.0,0.0,0.0,No material variance,PASS,458.398
ICP000251-202605,ICP000251,RET004,RES,Christchurch Urban,2026-05,2026-05-01,2026-05-31,31,2026,57.21204277,6,57.21,Calculated reconciliation,57.21204277,57.21,6,NO_ISSUE,0.0,0.0,0.0,No material variance,PASS,504.258
ICP000252-202605,ICP000252,RET002,RSU,Christchurch Urban,2026-05,2026-05-01,2026-05-31,31,2026,93.44931047,6,93.45,Calculated reconciliation,93.44931047,93.45,6,NO_ISSUE,0.0,0.0,0.0,No material variance,PASS,695.827
ICP000253-202605,ICP000253,RET002,URES,Christchurch Urban,2026-05,2026-05-01,2026-05-31,31,2026,82.19397887,6,82.19,Calculated reconciliation,82.19397887,82.19,6,NO_ISSUE,0.0,0.0,0.0,No material variance,PASS,626.85
ICP000254-202605,ICP000254,RET002,RES,Selwyn,2026-05,2026-05-01,2026-05-31,31,2026,66.96267087999999,6,66.96,Calculated reconciliation,66.96267087999999,66.96,6,NO_ISSUE,0.0,0.0,0.0,No material variance,PASS,516.983
ICP000255-202605,ICP000255,RET003,URES,Christchurch Urban,2026-05,2026-05-01,2026-05-31,31,2026,80.23269851,6,80.23,Calculated reconciliation,80.23269851,80.23,6,NO_ISSUE,0.0,0.0,0.0,No material variance,PASS,596.41
ICP000256-202605,ICP000256,RET001,RES,Selwyn,2026-05,2026-05-01,2026-05-31,31,2026,75.62406244,6,75.62,Calculated reconciliation,75.62406244,75.62,6,NO_ISSUE,0.0,0.0,0.0,No material variance,PASS,596.735
ICP000257-202605,ICP000257,RET003,RSC,Selwyn,2026-05,2026-05-01,2026-05-31,31,2026,96.83443425,6,96.83,Calculated reconciliation,96.83443425,96.83,6,NO_ISSUE,0.0,0.0,0.0,No material variance,PASS,774.432
ICP000258-202605,ICP000258,RET001,RSC,Christchurch Urban,2026-05,2026-05-01,2026-05-31,31,2026,108.20439119,6,108.2,Calculated reconciliation,108.20439119,108.2,6,NO_ISSUE,0.0,0.0,0.0,No material variance,PASS,956.733
ICP000259-202605,ICP000259,RET002,RSC,Christchurch Urban,2026-05,2026-05-01,2026-05-31,31,2026,83.6742103,6,83.67,Calculated reconciliation,83.6742103,83.67,6,NO_ISSUE,0.0,0.0,0.0,No material variance,PASS,937.591
ICP000260-202605,ICP000260,RET002,RES,Central Canterbury Rural,2026-05,2026-05-01,2026-05-31,31,2026,64.75579437,6,64.76,Calculated reconciliation,64.75579437,64.76,6,NO_ISSUE,0.0,0.0,0.0,No material variance,PASS,576.269
ICP000261-202605,ICP000261,RET004,RES,Central Canterbury Rural,2026-05,2026-05-01,2026-05-31,31,2026,55.06854258999999,6,55.07,Calculated reconciliation,55.06854258999999,55.07,6,NO_ISSUE,0.0,0.0,0.0,No material variance,PASS,509.081
ICP000262-202605,ICP000262,RET001,RES,Selwyn,2026-05,2026-05-01,2026-05-31,31,2026,61.60030914,6,61.6,Calculated reconciliation,61.60030914,61.6,6,NO_ISSUE,0.0,0.0,0.0,No material variance,PASS,474.978
ICP000263-202605,ICP000263,RET001,URES,Christchurch Urban,2026-05,2026-05-01,2026-05-31,31,2026,87.17779525,6,87.18,Calculated reconciliation,87.17779525,87.18,6,NO_ISSUE,0.0,0.0,0.0,No material variance,PASS,838.82
ICP000264-202605,ICP000264,RET001,RES,Central Canterbury Rural,2026-05,2026-05-01,2026-05-31,31,2026,57.68367118,6,57.68,Calculated reconciliation,57.68367118,57.68,6,NO_ISSUE,0.0,0.0,0.0,No material variance,PASS,514.063
ICP000265-202605,ICP000265,RET003,RES,Christchurch Urban,2026-05,2026-05-01,2026-05-31,31,2026,76.90504657,6,76.91,Calculated reconciliation,76.90504657,76.91,6,NO_ISSUE,0.0,0.0,0.0,No material variance,PASS,743.788
ICP000266-202605,ICP000266,RET003,RES,Christchurch Urban,2026-05,2026-05-01,2026-05-31,31,2026,74.60125941999999,6,74.6,Calculated reconciliation,74.60125941999999,74.6,6,NO_ISSUE,0.0,0.0,0.0,No material variance,PASS,643.522
ICP000267-202605,ICP000267,RET001,RES,Christchurch Urban,2026-05,2026-05-01,2026-05-31,31,2026,66.85034275,6,66.85,Calculated reconciliation,66.85034275,66.85,6,NO_ISSUE,0.0,0.0,0.0,No material variance,PASS,531.826
ICP000268-202605,ICP000268,RET001,RES,Christchurch Urban,2026-05,2026-05-01,2026-05-31,31,2026,90.77944563,6,90.78,Calculated reconciliation,90.77944563,90.78,6,NO_ISSUE,0.0,0.0,0.0,No material variance,PASS,905.27
ICP000269-202605,ICP000269,RET003,RSC,Selwyn,2026-05,2026-05-01,2026-05-31,31,2026,96.64888256,6,96.65,Calculated reconciliation,96.64888256,96.65,6,NO_ISSUE,0.0,0.0,0.0,No material variance,PASS,1006.685
ICP000270-202605,ICP000270,RET002,RES,Christchurch Urban,2026-05,2026-05-01,2026-05-31,31,2026,70.41795267,6,70.42,Calculated reconciliation,70.41795267,70.42,6,NO_ISSUE,0.0,0.0,0.0,No material variance,PASS,510.526
ICP000271-202605,ICP000271,RET004,RES,Christchurch Urban,2026-05,2026-05-01,2026-05-31,31,2026,61.37920669,6,61.38,Calculated reconciliation,61.37920669,61.38,6,NO_ISSUE,0.0,0.0,0.0,No material variance,PASS,516.861
ICP000272-202605,ICP000272,RET005,RES,Christchurch Urban,2026-05,2026-05-01,2026-05-31,31,2026,98.97963487,6,98.98,Calculated reconciliation,98.97963487,98.98,6,NO_ISSUE,0.0,0.0,0.0,No material variance,PASS,746.301
ICP000273-202605,ICP000273,RET001,RSC,Christchurch Urban,2026-05,2026-05-01,2026-05-31,31,2026,88.98796461,6,88.99,Calculated reconciliation,88.98796461,88.99,6,NO_ISSUE,0.0,0.0,0.0,No material variance,PASS,794.19
ICP000274-202605,ICP000274,RET002,RSC,Christchurch Urban,2026-05,2026-05-01,2026-05-31,31,2026,108.13173786,6,108.13,Calculated reconciliation,108.13173786,108.13,6,NO_ISSUE,0.0,0.0,0.0,No material variance,PASS,823.003
ICP000275-202605,ICP000275,RET004,RSC,Christchurch Urban,2026-05,2026-05-01,2026-05-31,31,2026,101.50101617,6,101.5,Calculated reconciliation,101.50101617,101.5,6,NO_ISSUE,0.0,0.0,0.0,No material variance,PASS,936.13
ICP000276-202605,ICP000276,RET001,RES,Selwyn,2026-05,2026-05-01,2026-05-31,31,2026,74.9252731,6,74.93,Calculated reconciliation,74.9252731,74.93,6,NO_ISSUE,0.0,0.0,0.0,No material variance,PASS,627.951
ICP000277-202605,ICP000277,RET001,RES,Christchurch Urban,2026-05,2026-05-01,2026-05-31,31,2026,104.52594344,6,104.53,Calculated reconciliation,104.52594344,104.53,6,NO_ISSUE,0.0,0.0,0.0,No material variance,PASS,1020.287
ICP000278-202605,ICP000278,RET001,RES,Christchurch Urban,2026-05,2026-05-01,2026-05-31,31,2026,80.63053669,6,80.63,Calculated reconciliation,80.63053669,80.63,6,NO_ISSUE,0.0,0.0,0.0,No material variance,PASS,635.484
ICP000279-202605,ICP000279,RET001,RSC,Central Canterbury Rural,2026-05,2026-05-01,2026-05-31,31,2026,77.25184762,6,77.25,Calculated reconciliation,77.25184762,77.25,6,NO_ISSUE,0.0,0.0,0.0,No material variance,PASS,658.134
ICP000280-202605,ICP000280,RET002,RSC,Selwyn,2026-05,2026-05-01,2026-05-31,31,2026,81.56546988000001,6,81.57,Calculated reconciliation,81.56546988000001,81.57,6,NO_ISSUE,0.0,0.0,0.0,No material variance,PASS,764.034
ICP000281-202605,ICP000281,RET001,RES,Selwyn,2026-05,2026-05-01,2026-05-31,31,2026,90.8017956,6,90.8,Calculated reconciliation,90.8017956,90.8,6,NO_ISSUE,0.0,0.0,0.0,No material variance,PASS,850.404
ICP000282-202605,ICP000282,RET001,RES,Christchurch Urban,2026-05,2026-05-01,2026-05-31,31,2026,65.75804301,6,65.76,Calculated reconciliation,65.75804301,65.76,6,NO_ISSUE,0.0,0.0,0.0,No material variance,PASS,449.505
ICP000283-202605,ICP000283,RET004,RES,Christchurch Urban,2026-05,2026-05-01,2026-05-31,31,2026,67.45033899,6,67.45,Calculated reconciliation,67.45033899,67.45,6,NO_ISSUE,0.0,0.0,0.0,No material variance,PASS,493.244
ICP000284-202605,ICP000284,RET002,URES,Christchurch Urban,2026-05,2026-05-01,2026-05-31,31,2026,63.88332316,6,63.88,Calculated reconciliation,63.88332316,63.88,6,NO_ISSUE,0.0,0.0,0.0,No material variance,PASS,466.875
ICP000285-202605,ICP000285,RET001,RES,Christchurch Urban,2026-05,2026-05-01,2026-05-31,31,2026,47.000249669999995,6,47.0,Calculated reconciliation,47.000249669999995,47.0,6,NO_ISSUE,0.0,0.0,0.0,No material variance,PASS,372.412
ICP000286-202605,ICP000286,RET001,RES,Christchurch Urban,2026-05,2026-05-01,2026-05-31,31,2026,97.39425133,6,97.39,Calculated reconciliation,97.39425133,97.39,6,NO_ISSUE,0.0,0.0,0.0,No material variance,PASS,889.833
ICP000287-202605,ICP000287,RET005,RSC,Christchurch Urban,2026-05,2026-05-01,2026-05-31,31,2026,81.76612334000001,6,81.77,Calculated reconciliation,81.76612334000001,81.77,6,NO_ISSUE,0.0,0.0,0.0,No material variance,PASS,878.973
ICP000288-202605,ICP000288,RET002,RSU,Christchurch Urban,2026-05,2026-05-01,2026-05-31,31,2026,79.50627523,6,79.51,Calculated reconciliation,79.50627523,79.51,6,NO_ISSUE,0.0,0.0,0.0,No material variance,PASS,660.183
ICP000289-202605,ICP000289,RET001,RES,Christchurch Urban,2026-05,2026-05-01,2026-05-31,31,2026,53.13478224,6,53.13,Calculated reconciliation,53.13478224,53.13,6,NO_ISSUE,0.0,0.0,0.0,No material variance,PASS,375.317
ICP000290-202605,ICP000290,RET001,RES,Christchurch Urban,2026-05,2026-05-01,2026-05-31,31,2026,103.75442853,6,103.75,Calculated reconciliation,103.75442853,103.75,6,NO_ISSUE,0.0,0.0,0.0,No material variance,PASS,856.987
ICP000291-202605,ICP000291,RET003,RES,Christchurch Urban,2026-05,2026-05-01,2026-05-31,31,2026,80.70846091,6,80.71,Calculated reconciliation,80.70846091,80.71,6,NO_ISSUE,0.0,0.0,0.0,No material variance,PASS,656.817
ICP000292-202605,ICP000292,RET001,RES,Christchurch Urban,2026-05,2026-05-01,2026-05-31,31,2026,85.11099666,6,85.11,Calculated reconciliation,85.11099666,85.11,6,NO_ISSUE,0.0,0.0,0.0,No material variance,PASS,631.562
ICP000293-202605,ICP000293,RET002,RSC,Christchurch Urban,2026-05,2026-05-01,2026-05-31,31,2026,131.67312285,6,131.67,Calculated reconciliation,131.67312285,131.67,6,NO_ISSUE,0.0,0.0,0.0,No material variance,PASS,1477.501
ICP000294-202605,ICP000294,RET002,RES,Christchurch Urban,2026-05,2026-05-01,2026-05-31,31,2026,67.69483864,6,67.69,Calculated reconciliation,70.77315928,70.77,6,WRONG_PRICE_CATEGORY,3.078320640000001,3.08,3.08,Overbilled,REVIEW,441.938
ICP000295-202605,ICP000295,RET001,RES,Christchurch Urban,2026-05,2026-05-01,2026-05-31,31,2026,73.47025264,6,73.47,Calculated reconciliation,73.47025264,73.47,6,NO_ISSUE,0.0,0.0,0.0,No material variance,PASS,593.413
ICP000296-202605,ICP000296,RET002,RES,Christchurch Urban,2026-05,2026-05-01,2026-05-31,31,2026,66.09602186,6,66.1,Calculated reconciliation,66.09602186,66.1,6,NO_ISSUE,0.0,0.0,0.0,No material variance,PASS,521.606
ICP000297-202605,ICP000297,RET001,RES,Christchurch Urban,2026-05,2026-05-01,2026-05-31,31,2026,63.01605779,6,63.02,Calculated reconciliation,63.01605779,63.02,6,NO_ISSUE,0.0,0.0,0.0,No material variance,PASS,528.423
ICP000298-202605,ICP000298,RET003,URES,Christchurch Urban,2026-05,2026-05-01,2026-05-31,31,2026,66.03626136,6,66.04,Calculated reconciliation,66.03626136,66.04,6,NO_ISSUE,0.0,0.0,0.0,No material variance,PASS,546.496
ICP000299-202605,ICP000299,RET002,RES,Central Canterbury Rural,2026-05,2026-05-01,2026-05-31,31,2026,75.14278111,6,75.14,Calculated reconciliation,75.14278111,75.14,6,NO_ISSUE,0.0,0.0,0.0,No material variance,PASS,580.889
ICP000300-202605,ICP000300,RET005,RES,Selwyn,2026-05,2026-05-01,2026-05-31,31,2026,71.40786659999999,6,71.41,Calculated reconciliation,71.40786659999999,71.41,6,NO_ISSUE,0.0,0.0,0.0,No material variance,PASS,597.428
ICP000301-202605,ICP000301,RET001,URES,Christchurch Urban,2026-05,2026-05-01,2026-05-31,31,2026,96.14740287,6,96.15,Calculated reconciliation,97.94740287,97.95,6,INCORRECT_ICP_DAYS,1.8000000000000114,1.8,1.8,Overbilled,REVIEW,742.857
ICP000302-202605,ICP000302,RET003,RES,Christchurch Urban,2026-05,2026-05-01,2026-05-31,31,2026,63.769206999999994,6,63.77,Calculated reconciliation,63.769206999999994,63.77,6,NO_ISSUE,0.0,0.0,0.0,No material variance,PASS,467.832
ICP000303-202605,ICP000303,RET005,RES,Selwyn,2026-05,2026-05-01,2026-05-31,31,2026,100.9216763,6,100.92,Calculated reconciliation,100.9216763,100.92,6,NO_ISSUE,0.0,0.0,0.0,No material variance,PASS,983.368
ICP000304-202605,ICP000304,RET001,RSC,Christchurch Urban,2026-05,2026-05-01,2026-05-31,31,2026,82.51199484,6,82.51,Calculated reconciliation,82.51199484,82.51,6,NO_ISSUE,0.0,0.0,0.0,No material variance,PASS,997.477
ICP000305-202605,ICP000305,RET002,RSC,Christchurch Urban,2026-05,2026-05-01,2026-05-31,31,2026,81.55559657,6,81.56,Calculated reconciliation,81.55559657,81.56,6,NO_ISSUE,0.0,0.0,0.0,No material variance,PASS,685.079
ICP000306-202605,ICP000306,RET004,RES,Christchurch Urban,2026-05,2026-05-01,2026-05-31,31,2026,89.73009568,6,89.73,Calculated reconciliation,89.73009568,89.73,6,NO_ISSUE,0.0,0.0,0.0,No material variance,PASS,706.054
ICP000307-202605,ICP000307,RET002,RES,Christchurch Urban,2026-05,2026-05-01,2026-05-31,31,2026,88.07632720999999,6,88.08,Calculated reconciliation,88.07632720999999,88.08,6,NO_ISSUE,0.0,0.0,0.0,No material variance,PASS,756.446
ICP000308-202605,ICP000308,RET003,RES,Christchurch Urban,2026-05,2026-05-01,2026-05-31,31,2026,63.67687621,6,63.68,Calculated reconciliation,63.67687621,63.68,6,NO_ISSUE,0.0,0.0,0.0,No material variance,PASS,425.427
ICP000309-202605,ICP000309,RET002,RES,Christchurch Urban,2026-05,2026-05-01,2026-05-31,31,2026,69.86868389,6,69.87,Calculated reconciliation,69.86868389,69.87,6,NO_ISSUE,0.0,0.0,0.0,No material variance,PASS,660.142
ICP000310-202605,ICP000310,RET001,RES,Christchurch Urban,2026-05,2026-05-01,2026-05-31,31,2026,69.41900294999999,6,69.42,Calculated reconciliation,69.41900294999999,69.42,6,NO_ISSUE,0.0,0.0,0.0,No material variance,PASS,741.581
ICP000311-202605,ICP000311,RET005,URES,Selwyn,2026-05,2026-05-01,2026-05-31,31,2026,116.60802228,6,116.61,Calculated reconciliation,116.60802228,116.61,6,NO_ISSUE,0.0,0.0,0.0,No material variance,PASS,842.811
ICP000312-202605,ICP000312,RET001,RES,Central Canterbury Rural,2026-05,2026-05-01,2026-05-31,31,2026,100.93993639,6,100.94,Calculated reconciliation,100.93993639,100.94,6,NO_ISSUE,0.0,0.0,0.0,No material variance,PASS,831.28
ICP000313-202605,ICP000313,RET004,RES,Central Canterbury Rural,2026-05,2026-05-01,2026-05-31,31,2026,94.84102445,6,94.84,Calculated reconciliation,94.84102445,94.84,6,NO_ISSUE,0.0,0.0,0.0,No material variance,PASS,663.58
ICP000314-202605,ICP000314,RET001,RSC,Christchurch Urban,2026-05,2026-05-01,2026-05-31,31,2026,78.58442310000001,6,78.58,Calculated reconciliation,78.58442310000001,78.58,6,NO_ISSUE,0.0,0.0,0.0,No material variance,PASS,593.191
ICP000315-202605,ICP000315,RET002,RES,Christchurch Urban,2026-05,2026-05-01,2026-05-31,31,2026,75.69946881,6,75.7,Calculated reconciliation,75.69946881,75.7,6,NO_ISSUE,0.0,0.0,0.0,No material variance,PASS,530.708
ICP000316-202605,ICP000316,RET005,RES,Central Canterbury Rural,2026-05,2026-05-01,2026-05-31,31,2026,77.33290054999999,6,77.33,Calculated reconciliation,77.33290054999999,77.33,6,NO_ISSUE,0.0,0.0,0.0,No material variance,PASS,695.654
ICP000317-202605,ICP000317,RET003,RES,Christchurch Urban,2026-05,2026-05-01,2026-05-31,31,2026,55.6368944,6,55.64,Calculated reconciliation,55.6368944,55.64,6,NO_ISSUE,0.0,0.0,0.0,No material variance,PASS,380.691
ICP000318-202605,ICP000318,RET004,RSU,Christchurch Urban,2026-05,2026-05-01,2026-05-31,31,2026,89.09181380999999,6,89.09,Calculated reconciliation,89.09181380999999,89.09,6,NO_ISSUE,0.0,0.0,0.0,No material variance,PASS,750.473
ICP000319-202605,ICP000319,RET001,RSC,Christchurch Urban,2026-05,2026-05-01,2026-05-31,31,2026,78.42880282,6,78.43,Calculated reconciliation,78.42880282,78.43,6,NO_ISSUE,0.0,0.0,0.0,No material variance,PASS,622.583
ICP000320-202605,ICP000320,RET004,RES,Christchurch Urban,2026-05,2026-05-01,2026-05-31,31,2026,56.60399155,6,56.6,Calculated reconciliation,56.60399155,56.6,6,NO_ISSUE,0.0,0.0,0.0,No material variance,PASS,417.089
ICP000321-202605,ICP000321,RET001,RES,Christchurch Urban,2026-05,2026-05-01,2026-05-31,31,2026,60.001729229999995,6,60.0,Calculated reconciliation,60.001729229999995,60.0,6,NO_ISSUE,0.0,0.0,0.0,No material variance,PASS,532.547
ICP000322-202605,ICP000322,RET002,RES,Christchurch Urban,2026-05,2026-05-01,2026-05-31,31,2026,81.86746896,6,81.87,Calculated reconciliation,81.86746896,81.87,6,NO_ISSUE,0.0,0.0,0.0,No material variance,PASS,801.723
ICP000323-202605,ICP000323,RET002,URES,Central Canterbury Rural,2026-05,2026-05-01,2026-05-31,31,2026,83.27182047000001,6,83.27,Calculated reconciliation,73.13485552,73.13,6,OLD_PRICE_APPLIED,-10.136964950000007,-10.14,10.14,Underbilled,REVIEW,614.892
ICP000324-202605,ICP000324,RET002,RSC,Selwyn,2026-05,2026-05-01,2026-05-31,31,2026,70.77524629,6,70.78,Calculated reconciliation,70.77524629,70.78,6,NO_ISSUE,0.0,0.0,0.0,No material variance,PASS,674.889
ICP000325-202605,ICP000325,RET004,RES,Christchurch Urban,2026-05,2026-05-01,2026-05-31,31,2026,68.31993403,6,68.32,Calculated reconciliation,68.31993403,68.32,6,NO_ISSUE,0.0,0.0,0.0,No material variance,PASS,700.086
ICP000326-202605,ICP000326,RET002,RES,Christchurch Urban,2026-05,2026-05-01,2026-05-31,31,2026,59.71750262,6,59.72,Calculated reconciliation,59.71750262,59.72,6,NO_ISSUE,0.0,0.0,0.0,No material variance,PASS,475.286
ICP000327-202605,ICP000327,RET001,RES,Christchurch Urban,2026-05,2026-05-01,2026-05-31,31,2026,88.48134434,6,88.48,Calculated reconciliation,88.48134434,88.48,6,NO_ISSUE,0.0,0.0,0.0,No material variance,PASS,744.916
ICP000328-202605,ICP000328,RET001,RES,Christchurch Urban,2026-05,2026-05-01,2026-05-31,31,2026,58.7557982,6,58.76,Calculated reconciliation,58.7557982,58.76,6,NO_ISSUE,0.0,0.0,0.0,No material variance,PASS,440.305
ICP000329-202605,ICP000329,RET001,RES,Selwyn,2026-05,2026-05-01,2026-05-31,31,2026,65.85414254,6,65.85,Calculated reconciliation,65.85414254,65.85,6,NO_ISSUE,0.0,0.0,0.0,No material variance,PASS,603.215
ICP000330-202605,ICP000330,RET001,RSC,Christchurch Urban,2026-05,2026-05-01,2026-05-31,31,2026,106.97579981,6,106.98,Calculated reconciliation,106.97579981,106.98,6,NO_ISSUE,0.0,0.0,0.0,No material variance,PASS,1195.19
ICP000331-202605,ICP000331,RET001,RES,Christchurch Urban,2026-05,2026-05-01,2026-05-31,31,2026,85.91959908000001,6,85.92,Calculated reconciliation,85.91959908000001,85.92,6,NO_ISSUE,0.0,0.0,0.0,No material variance,PASS,676.519
ICP000332-202605,ICP000332,RET002,RES,Christchurch Urban,2026-05,2026-05-01,2026-05-31,31,2026,64.92008480999999,6,64.92,Calculated reconciliation,64.92008480999999,64.92,6,NO_ISSUE,0.0,0.0,0.0,No material variance,PASS,490.902
ICP000333-202605,ICP000333,RET001,RES,Christchurch Urban,2026-05,2026-05-01,2026-05-31,31,2026,54.7156618,6,54.72,Calculated reconciliation,54.7156618,54.72,6,NO_ISSUE,0.0,0.0,0.0,No material variance,PASS,458.403
ICP000334-202605,ICP000334,RET001,RES,Christchurch Urban,2026-05,2026-05-01,2026-05-31,31,2026,86.16092028999999,6,86.16,Calculated reconciliation,86.16092028999999,86.16,6,NO_ISSUE,0.0,0.0,0.0,No material variance,PASS,783.972
ICP000335-202605,ICP000335,RET001,RES,Christchurch Urban,2026-05,2026-05-01,2026-05-31,31,2026,62.93016841,6,62.93,Calculated reconciliation,62.93016841,62.93,6,NO_ISSUE,0.0,0.0,0.0,No material variance,PASS,535.075
ICP000336-202605,ICP000336,RET003,RSC,Christchurch Urban,2026-05,2026-05-01,2026-05-31,31,2026,80.21175304,6,80.21,Calculated reconciliation,80.21175304,80.21,6,NO_ISSUE,0.0,0.0,0.0,No material variance,PASS,762.658
ICP000337-202605,ICP000337,RET001,RSU,Christchurch Urban,2026-05,2026-05-01,2026-05-31,31,2026,81.87303808,6,81.87,Calculated reconciliation,81.87303808,81.87,6,NO_ISSUE,0.0,0.0,0.0,No material variance,PASS,521.575
ICP000338-202605,ICP000338,RET002,RES,Central Canterbury Rural,2026-05,2026-05-01,2026-05-31,31,2026,73.97579323,6,73.98,Calculated reconciliation,73.97579323,73.98,6,NO_ISSUE,0.0,0.0,0.0,No material variance,PASS,679.65
ICP000339-202605,ICP000339,RET002,RES,Christchurch Urban,2026-05,2026-05-01,2026-05-31,31,2026,72.71920106,6,72.72,Calculated reconciliation,72.71920106,72.72,6,NO_ISSUE,0.0,0.0,0.0,No material variance,PASS,708.293
ICP000340-202605,ICP000340,RET003,RES,Christchurch Urban,2026-05,2026-05-01,2026-05-31,31,2026,64.6786766,6,64.68,Calculated reconciliation,64.6786766,64.68,6,NO_ISSUE,0.0,0.0,0.0,No material variance,PASS,513.408
ICP000341-202605,ICP000341,RET005,RSC,Central Canterbury Rural,2026-05,2026-05-01,2026-05-31,31,2026,108.44406946,6,108.44,Calculated reconciliation,108.44406946,108.44,6,NO_ISSUE,0.0,0.0,0.0,No material variance,PASS,1215.734
ICP000342-202605,ICP000342,RET003,URES,Christchurch Urban,2026-05,2026-05-01,2026-05-31,31,2026,89.70989327000001,6,89.71,Calculated reconciliation,89.70989327000001,89.71,6,NO_ISSUE,0.0,0.0,0.0,No material variance,PASS,636.289
ICP000343-202605,ICP000343,RET004,RES,Christchurch Urban,2026-05,2026-05-01,2026-05-31,31,2026,96.56494399,6,96.56,Calculated reconciliation,96.56494399,96.56,6,NO_ISSUE,0.0,0.0,0.0,No material variance,PASS,983.506
ICP000344-202605,ICP000344,RET003,RES,Selwyn,2026-05,2026-05-01,2026-05-31,31,2026,63.479919159999994,6,63.48,Calculated reconciliation,63.479919159999994,63.48,6,NO_ISSUE,0.0,0.0,0.0,No material variance,PASS,565.206
ICP000345-202605,ICP000345,RET004,RES,Christchurch Urban,2026-05,2026-05-01,2026-05-31,31,2026,61.20271313,6,61.2,Calculated reconciliation,61.20271313,61.2,6,NO_ISSUE,0.0,0.0,0.0,No material variance,PASS,460.536
ICP000346-202605,ICP000346,RET001,RES,Christchurch Urban,2026-05,2026-05-01,2026-05-31,31,2026,61.15324085,6,61.15,Calculated reconciliation,61.15324085,61.15,6,NO_ISSUE,0.0,0.0,0.0,No material variance,PASS,492.111
ICP000347-202605,ICP000347,RET004,RSC,Christchurch Urban,2026-05,2026-05-01,2026-05-31,31,2026,91.12888278,6,91.13,Calculated reconciliation,91.12888278,91.13,6,NO_ISSUE,0.0,0.0,0.0,No material variance,PASS,936.393
ICP000348-202605,ICP000348,RET002,RES,Christchurch Urban,2026-05,2026-05-01,2026-05-31,31,2026,69.73417824,6,69.73,Calculated reconciliation,72.16025754,72.16,6,WRONG_PRICE_CATEGORY,2.426079299999998,2.43,2.43,Overbilled,REVIEW,606.435
ICP000349-202605,ICP000349,RET002,RSC,Christchurch Urban,2026-05,2026-05-01,2026-05-31,31,2026,76.46475519,6,76.46,Calculated reconciliation,76.46475519,76.46,6,NO_ISSUE,0.0,0.0,0.0,No material variance,PASS,757.755
ICP000350-202605,ICP000350,RET003,URES,Selwyn,2026-05,2026-05-01,2026-05-31,31,2026,75.87646154000001,6,75.88,Calculated reconciliation,75.87646154000001,75.88,6,NO_ISSUE,0.0,0.0,0.0,No material variance,PASS,500.548
ICP000351-202605,ICP000351,RET001,RES,Christchurch Urban,2026-05,2026-05-01,2026-05-31,31,2026,79.63627015,6,79.64,Calculated reconciliation,79.63627015,79.64,6,NO_ISSUE,0.0,0.0,0.0,No material variance,PASS,642.566
ICP000352-202605,ICP000352,RET003,RES,Christchurch Urban,2026-05,2026-05-01,2026-05-31,31,2026,62.35384755,6,62.35,Calculated reconciliation,62.35384755,62.35,6,NO_ISSUE,0.0,0.0,0.0,No material variance,PASS,541.407
ICP000353-202605,ICP000353,RET001,URES,Christchurch Urban,2026-05,2026-05-01,2026-05-31,31,2026,71.4390041,6,71.44,Calculated reconciliation,71.4390041,71.44,6,NO_ISSUE,0.0,0.0,0.0,No material variance,PASS,587.234
ICP000354-202605,ICP000354,RET001,RSC,Christchurch Urban,2026-05,2026-05-01,2026-05-31,31,2026,82.49722790000001,6,82.5,Calculated reconciliation,82.49722790000001,82.5,6,NO_ISSUE,0.0,0.0,0.0,No material variance,PASS,965.692
ICP000355-202605,ICP000355,RET001,RES,Christchurch Urban,2026-05,2026-05-01,2026-05-31,31,2026,84.6957535,6,84.7,Calculated reconciliation,84.6957535,84.7,6,NO_ISSUE,0.0,0.0,0.0,No material variance,PASS,855.01
ICP000356-202605,ICP000356,RET002,RSC,Christchurch Urban,2026-05,2026-05-01,2026-05-31,31,2026,73.93680149000001,6,73.94,Calculated reconciliation,73.93680149000001,73.94,6,NO_ISSUE,0.0,0.0,0.0,No material variance,PASS,801.778
ICP000357-202605,ICP000357,RET003,URES,Central Canterbury Rural,2026-05,2026-05-01,2026-05-31,31,2026,83.16200821000001,6,83.16,Calculated reconciliation,83.16200821000001,83.16,6,NO_ISSUE,0.0,0.0,0.0,No material variance,PASS,698.856
ICP000358-202605,ICP000358,RET001,RES,Christchurch Urban,2026-05,2026-05-01,2026-05-31,31,2026,77.52856797999999,6,77.53,Calculated reconciliation,77.52856797999999,77.53,6,NO_ISSUE,0.0,0.0,0.0,No material variance,PASS,669.002
ICP000359-202605,ICP000359,RET004,RES,Christchurch Urban,2026-05,2026-05-01,2026-05-31,31,2026,79.36487034000001,6,79.36,Calculated reconciliation,79.36487034000001,79.36,6,NO_ISSUE,0.0,0.0,0.0,No material variance,PASS,691.574
ICP000360-202605,ICP000360,RET002,RES,Christchurch Urban,2026-05,2026-05-01,2026-05-31,31,2026,76.41462813,6,76.41,Calculated reconciliation,76.41462813,76.41,6,NO_ISSUE,0.0,0.0,0.0,No material variance,PASS,500.366
ICP000361-202605,ICP000361,RET004,URES,Christchurch Urban,2026-05,2026-05-01,2026-05-31,31,2026,96.6036963,6,96.6,Calculated reconciliation,96.6036963,96.6,6,NO_ISSUE,0.0,0.0,0.0,No material variance,PASS,891.403
ICP000362-202605,ICP000362,RET003,RSC,Christchurch Urban,2026-05,2026-05-01,2026-05-31,31,2026,91.48628283,6,91.49,Calculated reconciliation,91.48628283,91.49,6,NO_ISSUE,0.0,0.0,0.0,No material variance,PASS,772.906
ICP000363-202605,ICP000363,RET004,RES,Christchurch Urban,2026-05,2026-05-01,2026-05-31,31,2026,68.49089595,6,68.49,Calculated reconciliation,68.49089595,68.49,6,NO_ISSUE,0.0,0.0,0.0,No material variance,PASS,662.176
ICP000364-202605,ICP000364,RET005,RES,Christchurch Urban,2026-05,2026-05-01,2026-05-31,31,2026,65.35088991,6,65.35,Calculated reconciliation,65.35088991,65.35,6,NO_ISSUE,0.0,0.0,0.0,No material variance,PASS,613.56
ICP000365-202605,ICP000365,RET002,RES,Christchurch Urban,2026-05,2026-05-01,2026-05-31,31,2026,95.58099504,6,95.58,Calculated reconciliation,95.58099504,95.58,6,NO_ISSUE,0.0,0.0,0.0,No material variance,PASS,774.662
ICP000366-202605,ICP000366,RET001,RES,Selwyn,2026-05,2026-05-01,2026-05-31,31,2026,68.57636913,6,68.58,Calculated reconciliation,68.57636913,68.58,6,NO_ISSUE,0.0,0.0,0.0,No material variance,PASS,611.468
ICP000367-202605,ICP000367,RET001,RES,Christchurch Urban,2026-05,2026-05-01,2026-05-31,31,2026,64.65955641,6,64.66,Calculated reconciliation,64.65955641,64.66,6,NO_ISSUE,0.0,0.0,0.0,No material variance,PASS,509.107
ICP000368-202605,ICP000368,RET002,RES,Christchurch Urban,2026-05,2026-05-01,2026-05-31,31,2026,62.97331222,6,62.97,Calculated reconciliation,62.97331222,62.97,6,NO_ISSUE,0.0,0.0,0.0,No material variance,PASS,637.586
ICP000369-202605,ICP000369,RET004,RES,Christchurch Urban,2026-05,2026-05-01,2026-05-31,31,2026,77.14651489,6,77.15,Calculated reconciliation,77.14651489,77.15,6,NO_ISSUE,0.0,0.0,0.0,No material variance,PASS,633.48
ICP000370-202605,ICP000370,RET001,RSC,Christchurch Urban,2026-05,2026-05-01,2026-05-31,31,2026,82.15562606,6,82.16,Calculated reconciliation,82.15562606,82.16,6,NO_ISSUE,0.0,0.0,0.0,No material variance,PASS,846.115
ICP000371-202605,ICP000371,RET001,RES,Christchurch Urban,2026-05,2026-05-01,2026-05-31,31,2026,84.8669844,6,84.87,Calculated reconciliation,84.8669844,84.87,6,NO_ISSUE,0.0,0.0,0.0,No material variance,PASS,758.953
ICP000372-202605,ICP000372,RET004,RES,Christchurch Urban,2026-05,2026-05-01,2026-05-31,31,2026,78.1338652,6,78.13,Calculated reconciliation,78.1338652,78.13,6,NO_ISSUE,0.0,0.0,0.0,No material variance,PASS,652.047
ICP000373-202605,ICP000373,RET001,RES,Christchurch Urban,2026-05,2026-05-01,2026-05-31,31,2026,77.8715593,6,77.87,Calculated reconciliation,77.8715593,77.87,6,NO_ISSUE,0.0,0.0,0.0,No material variance,PASS,623.112
ICP000374-202605,ICP000374,RET004,RES,Central Canterbury Rural,2026-05,2026-05-01,2026-05-31,31,2026,61.789190549999994,6,61.79,Calculated reconciliation,61.789190549999994,61.79,6,NO_ISSUE,0.0,0.0,0.0,No material variance,PASS,500.588
ICP000375-202605,ICP000375,RET002,RES,Christchurch Urban,2026-05,2026-05-01,2026-05-31,31,2026,72.16123216,6,72.16,Calculated reconciliation,72.16123216,72.16,6,NO_ISSUE,0.0,0.0,0.0,No material variance,PASS,613.147
ICP000376-202605,ICP000376,RET002,RES,Selwyn,2026-05,2026-05-01,2026-05-31,31,2026,66.0187166,6,66.02,Calculated reconciliation,66.0187166,66.02,6,NO_ISSUE,0.0,0.0,0.0,No material variance,PASS,578.622
ICP000377-202605,ICP000377,RET004,RES,Selwyn,2026-05,2026-05-01,2026-05-31,31,2026,53.61243535,6,53.61,Calculated reconciliation,53.61243535,53.61,6,NO_ISSUE,0.0,0.0,0.0,No material variance,PASS,550.73
ICP000378-202605,ICP000378,RET003,URES,Christchurch Urban,2026-05,2026-05-01,2026-05-31,31,2026,67.03688798,6,67.04,Calculated reconciliation,67.03688798,67.04,6,NO_ISSUE,0.0,0.0,0.0,No material variance,PASS,470.814
ICP000379-202605,ICP000379,RET003,RES,Christchurch Urban,2026-05,2026-05-01,2026-05-31,31,2026,54.803815779999994,6,54.8,Calculated reconciliation,54.803815779999994,54.8,6,NO_ISSUE,0.0,0.0,0.0,No material variance,PASS,406.625
ICP000380-202605,ICP000380,RET004,RES,Christchurch Urban,2026-05,2026-05-01,2026-05-31,31,2026,52.74005232,6,52.74,Calculated reconciliation,52.74005232,52.74,6,NO_ISSUE,0.0,0.0,0.0,No material variance,PASS,451.152
ICP000381-202605,ICP000381,RET001,RES,Christchurch Urban,2026-05,2026-05-01,2026-05-31,31,2026,109.45551303,6,109.46,Calculated reconciliation,109.45551303,109.46,6,NO_ISSUE,0.0,0.0,0.0,No material variance,PASS,1179.755
ICP000382-202605,ICP000382,RET002,RSU,Christchurch Urban,2026-05,2026-05-01,2026-05-31,31,2026,93.1380157,6,93.14,Calculated reconciliation,93.1380157,93.14,6,NO_ISSUE,0.0,0.0,0.0,No material variance,PASS,881.997
ICP000383-202605,ICP000383,RET004,RES,Selwyn,2026-05,2026-05-01,2026-05-31,31,2026,69.67757874,6,69.68,Calculated reconciliation,69.67757874,69.68,6,NO_ISSUE,0.0,0.0,0.0,No material variance,PASS,514.683
ICP000384-202605,ICP000384,RET001,RES,Christchurch Urban,2026-05,2026-05-01,2026-05-31,31,2026,93.96541838,6,93.97,Calculated reconciliation,93.96541838,93.97,6,NO_ISSUE,0.0,0.0,0.0,No material variance,PASS,709.441
ICP000385-202605,ICP000385,RET003,RSC,Christchurch Urban,2026-05,2026-05-01,2026-05-31,31,2026,93.04686454,6,93.05,Calculated reconciliation,93.04686454,93.05,6,NO_ISSUE,0.0,0.0,0.0,No material variance,PASS,796.995
ICP000386-202605,ICP000386,RET002,RES,Christchurch Urban,2026-05,2026-05-01,2026-05-31,31,2026,69.38467779,6,69.38,Calculated reconciliation,69.38467779,69.38,6,NO_ISSUE,0.0,0.0,0.0,No material variance,PASS,618.383
ICP000387-202605,ICP000387,RET004,URES,Christchurch Urban,2026-05,2026-05-01,2026-05-31,31,2026,77.34194437,6,77.34,Calculated reconciliation,77.34194437,77.34,6,NO_ISSUE,0.0,0.0,0.0,No material variance,PASS,654.86
ICP000388-202605,ICP000388,RET003,RSC,Christchurch Urban,2026-05,2026-05-01,2026-05-31,31,2026,124.24296314,6,124.24,Calculated reconciliation,124.24296314,124.24,6,NO_ISSUE,0.0,0.0,0.0,No material variance,PASS,1388.614
ICP000389-202605,ICP000389,RET001,RES,Christchurch Urban,2026-05,2026-05-01,2026-05-31,31,2026,55.06501331,6,55.07,Calculated reconciliation,55.06501331,55.07,6,NO_ISSUE,0.0,0.0,0.0,No material variance,PASS,426.52
ICP000390-202605,ICP000390,RET004,RES,Christchurch Urban,2026-05,2026-05-01,2026-05-31,31,2026,75.15444112,6,75.15,Calculated reconciliation,75.15444112,75.15,6,NO_ISSUE,0.0,0.0,0.0,No material variance,PASS,766.609
ICP000391-202605,ICP000391,RET002,RES,Christchurch Urban,2026-05,2026-05-01,2026-05-31,31,2026,55.7301696,6,55.73,Calculated reconciliation,55.7301696,55.73,6,NO_ISSUE,0.0,0.0,0.0,No material variance,PASS,547.036
ICP000392-202605,ICP000392,RET002,RSU,Christchurch Urban,2026-05,2026-05-01,2026-05-31,31,2026,100.1936041,6,100.19,Calculated reconciliation,100.1936041,100.19,6,NO_ISSUE,0.0,0.0,0.0,No material variance,PASS,1017.258
ICP000393-202605,ICP000393,RET002,RES,Christchurch Urban,2026-05,2026-05-01,2026-05-31,31,2026,68.96529195,6,68.97,Calculated reconciliation,68.96529195,68.97,6,NO_ISSUE,0.0,0.0,0.0,No material variance,PASS,614.062
ICP000394-202605,ICP000394,RET001,URES,Christchurch Urban,2026-05,2026-05-01,2026-05-31,31,2026,69.99817611,6,70.0,Calculated reconciliation,69.99817611,70.0,6,NO_ISSUE,0.0,0.0,0.0,No material variance,PASS,475.192
ICP000395-202605,ICP000395,RET001,RES,Christchurch Urban,2026-05,2026-05-01,2026-05-31,31,2026,86.26700943,6,86.27,Calculated reconciliation,86.26700943,86.27,6,NO_ISSUE,0.0,0.0,0.0,No material variance,PASS,721.728
ICP000396-202605,ICP000396,RET003,RES,Christchurch Urban,2026-05,2026-05-01,2026-05-31,31,2026,67.90683482,6,67.91,Calculated reconciliation,67.90683482,67.91,6,NO_ISSUE,0.0,0.0,0.0,No material variance,PASS,694.396
ICP000397-202605,ICP000397,RET004,URES,Christchurch Urban,2026-05,2026-05-01,2026-05-31,31,2026,78.74516755,6,78.75,Calculated reconciliation,78.74516755,78.75,6,NO_ISSUE,0.0,0.0,0.0,No material variance,PASS,662.075
ICP000398-202605,ICP000398,RET003,RSC,Christchurch Urban,2026-05,2026-05-01,2026-05-31,31,2026,94.62454473,6,94.62,Calculated reconciliation,94.62454473,94.62,6,NO_ISSUE,0.0,0.0,0.0,No material variance,PASS,1101.922
ICP000399-202605,ICP000399,RET003,RES,Christchurch Urban,2026-05,2026-05-01,2026-05-31,31,2026,60.13547208,6,60.14,Calculated reconciliation,60.13547208,60.14,6,NO_ISSUE,0.0,0.0,0.0,No material variance,PASS,419.578
ICP000400-202605,ICP000400,RET004,RES,Christchurch Urban,2026-05,2026-05-01,2026-05-31,31,2026,70.48985825,6,70.49,Calculated reconciliation,70.48985825,70.49,6,NO_ISSUE,0.0,0.0,0.0,No material variance,PASS,772.376
ICP000401-202605,ICP000401,RET001,RSC,Christchurch Urban,2026-05,2026-05-01,2026-05-31,31,2026,66.04754809,6,66.05,Calculated reconciliation,66.04754809,66.05,6,NO_ISSUE,0.0,0.0,0.0,No material variance,PASS,633.348
ICP000402-202605,ICP000402,RET003,RES,Christchurch Urban,2026-05,2026-05-01,2026-05-31,31,2026,112.18306059,6,112.18,Calculated reconciliation,112.18306059,112.18,6,NO_ISSUE,0.0,0.0,0.0,No material variance,PASS,910.144
ICP000403-202605,ICP000403,RET001,URES,Selwyn,2026-05,2026-05-01,2026-05-31,31,2026,74.04869109,6,74.05,Calculated reconciliation,74.04869109,74.05,6,NO_ISSUE,0.0,0.0,0.0,No material variance,PASS,617.199
ICP000404-202605,ICP000404,RET003,RES,Christchurch Urban,2026-05,2026-05-01,2026-05-31,31,2026,53.53854025,6,53.54,Calculated reconciliation,53.53854025,53.54,6,NO_ISSUE,0.0,0.0,0.0,No material variance,PASS,411.216
ICP000405-202605,ICP000405,RET005,RSC,Christchurch Urban,2026-05,2026-05-01,2026-05-31,31,2026,73.01874044,6,73.02,Calculated reconciliation,73.01874044,73.02,6,NO_ISSUE,0.0,0.0,0.0,No material variance,PASS,655.716
ICP000406-202605,ICP000406,RET002,RES,Christchurch Urban,2026-05,2026-05-01,2026-05-31,31,2026,112.89804689,6,112.9,Calculated reconciliation,112.89804689,112.9,6,NO_ISSUE,0.0,0.0,0.0,No material variance,PASS,888.367
ICP000407-202605,ICP000407,RET001,RSU,Christchurch Urban,2026-05,2026-05-01,2026-05-31,31,2026,117.50701303,6,117.51,Calculated reconciliation,117.50701303,117.51,6,NO_ISSUE,0.0,0.0,0.0,No material variance,PASS,906.758
ICP000408-202605,ICP000408,RET001,RES,Selwyn,2026-05,2026-05-01,2026-05-31,31,2026,59.71587362,6,59.72,Calculated reconciliation,59.71587362,59.72,6,NO_ISSUE,0.0,0.0,0.0,No material variance,PASS,479.642
ICP000409-202605,ICP000409,RET005,RSC,Selwyn,2026-05,2026-05-01,2026-05-31,31,2026,81.38731030000001,6,81.39,Calculated reconciliation,81.38731030000001,81.39,6,NO_ISSUE,0.0,0.0,0.0,No material variance,PASS,718.801
ICP000410-202605,ICP000410,RET005,RES,Christchurch Urban,2026-05,2026-05-01,2026-05-31,31,2026,84.59451041,6,84.59,Calculated reconciliation,84.59451041,84.59,6,NO_ISSUE,0.0,0.0,0.0,No material variance,PASS,651.843
ICP000411-202605,ICP000411,RET002,RES,Selwyn,2026-05,2026-05-01,2026-05-31,31,2026,66.66814726,6,66.67,Calculated reconciliation,66.66814726,66.67,6,NO_ISSUE,0.0,0.0,0.0,No material variance,PASS,408.123
ICP000412-202605,ICP000412,RET001,RES,Selwyn,2026-05,2026-05-01,2026-05-31,31,2026,72.29930143,6,72.3,Calculated reconciliation,72.29930143,72.3,6,NO_ISSUE,0.0,0.0,0.0,No material variance,PASS,653.891
ICP000413-202605,ICP000413,RET001,RES,Selwyn,2026-05,2026-05-01,2026-05-31,31,2026,66.35751581000001,6,66.36,Calculated reconciliation,66.35751581000001,66.36,6,NO_ISSUE,0.0,0.0,0.0,No material variance,PASS,445.812
ICP000414-202605,ICP000414,RET001,RES,Selwyn,2026-05,2026-05-01,2026-05-31,31,2026,72.60508212,6,72.61,Calculated reconciliation,72.60508212,72.61,6,NO_ISSUE,0.0,0.0,0.0,No material variance,PASS,604.249
ICP000415-202605,ICP000415,RET005,RES,Christchurch Urban,2026-05,2026-05-01,2026-05-31,31,2026,55.44082367,6,55.44,Calculated reconciliation,55.44082367,55.44,6,NO_ISSUE,0.0,0.0,0.0,No material variance,PASS,447.193
ICP000416-202605,ICP000416,RET001,RES,Christchurch Urban,2026-05,2026-05-01,2026-05-31,31,2026,83.25767898,6,83.26,Calculated reconciliation,83.25767898,83.26,6,NO_ISSUE,0.0,0.0,0.0,No material variance,PASS,682.961
ICP000417-202605,ICP000417,RET001,RES,Christchurch Urban,2026-05,2026-05-01,2026-05-31,31,2026,116.61665426,6,116.62,Calculated reconciliation,116.61665426,116.62,6,NO_ISSUE,0.0,0.0,0.0,No material variance,PASS,1079.749
ICP000418-202605,ICP000418,RET001,RES,Christchurch Urban,2026-05,2026-05-01,2026-05-31,31,2026,79.53635974999999,6,79.54,Calculated reconciliation,79.53635974999999,79.54,6,NO_ISSUE,0.0,0.0,0.0,No material variance,PASS,538.353
ICP000419-202605,ICP000419,RET001,URES,Selwyn,2026-05,2026-05-01,2026-05-31,31,2026,73.43944948000001,6,73.44,Calculated reconciliation,73.43944948000001,73.44,6,NO_ISSUE,0.0,0.0,0.0,No material variance,PASS,567.649
ICP000420-202605,ICP000420,RET002,RES,Central Canterbury Rural,2026-05,2026-05-01,2026-05-31,31,2026,63.53011722,6,63.53,Calculated reconciliation,63.53011722,63.53,6,NO_ISSUE,0.0,0.0,0.0,No material variance,PASS,467.152
ICP000421-202605,ICP000421,RET003,RSC,Christchurch Urban,2026-05,2026-05-01,2026-05-31,31,2026,103.47492444,6,103.47,Calculated reconciliation,103.47492444,103.47,6,NO_ISSUE,0.0,0.0,0.0,No material variance,PASS,1026.172
ICP000422-202605,ICP000422,RET002,RSC,Christchurch Urban,2026-05,2026-05-01,2026-05-31,31,2026,105.7235693,6,105.72,Calculated reconciliation,105.7235693,105.72,6,NO_ISSUE,0.0,0.0,0.0,No material variance,PASS,890.743
ICP000423-202605,ICP000423,RET001,RES,Selwyn,2026-05,2026-05-01,2026-05-31,31,2026,69.26777552,6,69.27,Calculated reconciliation,69.26777552,69.27,6,NO_ISSUE,0.0,0.0,0.0,No material variance,PASS,482.237
ICP000424-202605,ICP000424,RET001,RES,Christchurch Urban,2026-05,2026-05-01,2026-05-31,31,2026,56.1786984,6,56.18,Calculated reconciliation,56.1786984,56.18,6,NO_ISSUE,0.0,0.0,0.0,No material variance,PASS,458.787
ICP000425-202605,ICP000425,RET004,RES,Christchurch Urban,2026-05,2026-05-01,2026-05-31,31,2026,51.40662242,6,51.41,Calculated reconciliation,51.40662242,51.41,6,NO_ISSUE,0.0,0.0,0.0,No material variance,PASS,387.173
ICP000426-202605,ICP000426,RET001,RES,Christchurch Urban,2026-05,2026-05-01,2026-05-31,31,2026,78.87762549,6,78.88,Calculated reconciliation,78.87762549,78.88,6,NO_ISSUE,0.0,0.0,0.0,No material variance,PASS,505.424
ICP000427-202605,ICP000427,RET001,URES,Selwyn,2026-05,2026-05-01,2026-05-31,31,2026,51.68928258,6,51.69,Calculated reconciliation,51.68928258,51.69,6,NO_ISSUE,0.0,0.0,0.0,No material variance,PASS,428.46
ICP000428-202605,ICP000428,RET004,RES,Christchurch Urban,2026-05,2026-05-01,2026-05-31,31,2026,93.0865932,6,93.09,Calculated reconciliation,93.0865932,93.09,6,NO_ISSUE,0.0,0.0,0.0,No material variance,PASS,833.866
ICP000429-202605,ICP000429,RET001,RES,Christchurch Urban,2026-05,2026-05-01,2026-05-31,31,2026,115.75818674,6,115.76,Calculated reconciliation,115.75818674,115.76,6,NO_ISSUE,0.0,0.0,0.0,No material variance,PASS,1033.849
ICP000430-202605,ICP000430,RET002,RES,Selwyn,2026-05,2026-05-01,2026-05-31,31,2026,62.46323759,6,62.46,Calculated reconciliation,62.46323759,62.46,6,NO_ISSUE,0.0,0.0,0.0,No material variance,PASS,554.638
ICP000431-202605,ICP000431,RET002,RES,Christchurch Urban,2026-05,2026-05-01,2026-05-31,31,2026,115.78740511,6,115.79,Calculated reconciliation,115.78740511,115.79,6,NO_ISSUE,0.0,0.0,0.0,No material variance,PASS,983.536
ICP000432-202605,ICP000432,RET002,RES,Selwyn,2026-05,2026-05-01,2026-05-31,31,2026,77.44277606,6,77.44,Calculated reconciliation,77.44277606,77.44,6,NO_ISSUE,0.0,0.0,0.0,No material variance,PASS,554.924
ICP000433-202605,ICP000433,RET002,RES,Christchurch Urban,2026-05,2026-05-01,2026-05-31,31,2026,62.36688289,6,62.37,Calculated reconciliation,62.36688289,62.37,6,NO_ISSUE,0.0,0.0,0.0,No material variance,PASS,518.435
ICP000434-202605,ICP000434,RET002,RES,Central Canterbury Rural,2026-05,2026-05-01,2026-05-31,31,2026,53.3057711,6,53.31,Calculated reconciliation,53.3057711,53.31,6,NO_ISSUE,0.0,0.0,0.0,No material variance,PASS,536.212
ICP000435-202605,ICP000435,RET001,RES,Selwyn,2026-05,2026-05-01,2026-05-31,31,2026,69.52835314000001,6,69.53,Calculated reconciliation,69.52835314000001,69.53,6,NO_ISSUE,0.0,0.0,0.0,No material variance,PASS,573.399
ICP000436-202605,ICP000436,RET004,RSC,Christchurch Urban,2026-05,2026-05-01,2026-05-31,31,2026,76.15711769,6,76.16,Calculated reconciliation,76.15711769,76.16,6,NO_ISSUE,0.0,0.0,0.0,No material variance,PASS,756.132
ICP000437-202605,ICP000437,RET001,URES,Christchurch Urban,2026-05,2026-05-01,2026-05-31,31,2026,70.47017611,6,70.47,Calculated reconciliation,70.47017611,70.47,6,NO_ISSUE,0.0,0.0,0.0,No material variance,PASS,487.281
ICP000438-202605,ICP000438,RET004,RES,Christchurch Urban,2026-05,2026-05-01,2026-05-31,31,2026,54.4655248,6,54.47,Calculated reconciliation,54.4655248,54.47,6,NO_ISSUE,0.0,0.0,0.0,No material variance,PASS,476.562
ICP000439-202605,ICP000439,RET001,RES,Christchurch Urban,2026-05,2026-05-01,2026-05-31,31,2026,65.52872934999999,6,65.53,Calculated reconciliation,65.52872934999999,65.53,6,NO_ISSUE,0.0,0.0,0.0,No material variance,PASS,444.363
ICP000440-202605,ICP000440,RET001,RSC,Christchurch Urban,2026-05,2026-05-01,2026-05-31,31,2026,67.26793669,6,67.27,Calculated reconciliation,67.26793669,67.27,6,NO_ISSUE,0.0,0.0,0.0,No material variance,PASS,503.181
ICP000441-202605,ICP000441,RET003,RES,Christchurch Urban,2026-05,2026-05-01,2026-05-31,31,2026,107.94637002,6,107.95,Calculated reconciliation,107.94637002,107.95,6,NO_ISSUE,0.0,0.0,0.0,No material variance,PASS,998.499
ICP000442-202605,ICP000442,RET001,RES,Christchurch Urban,2026-05,2026-05-01,2026-05-31,31,2026,91.55449191,6,91.55,Calculated reconciliation,91.55449191,91.55,6,NO_ISSUE,0.0,0.0,0.0,No material variance,PASS,746.353
ICP000443-202605,ICP000443,RET001,RES,Christchurch Urban,2026-05,2026-05-01,2026-05-31,31,2026,66.10259715,6,66.1,Calculated reconciliation,66.10259715,66.1,6,NO_ISSUE,0.0,0.0,0.0,No material variance,PASS,517.278
ICP000444-202605,ICP000444,RET004,RES,Christchurch Urban,2026-05,2026-05-01,2026-05-31,31,2026,83.1597336,6,83.16,Calculated reconciliation,83.1597336,83.16,6,NO_ISSUE,0.0,0.0,0.0,No material variance,PASS,782.586
ICP000445-202605,ICP000445,RET004,RES,Christchurch Urban,2026-05,2026-05-01,2026-05-31,31,2026,66.70165186999999,6,66.7,Calculated reconciliation,66.70165186999999,66.7,6,NO_ISSUE,0.0,0.0,0.0,No material variance,PASS,529.827
ICP000446-202605,ICP000446,RET004,RES,Christchurch Urban,2026-05,2026-05-01,2026-05-31,31,2026,101.01334001,6,101.01,Calculated reconciliation,101.01334001,101.01,6,NO_ISSUE,0.0,0.0,0.0,No material variance,PASS,826.793
ICP000447-202605,ICP000447,RET002,RES,Christchurch Urban,2026-05,2026-05-01,2026-05-31,31,2026,96.08448233,6,96.08,Calculated reconciliation,96.08448233,96.08,6,NO_ISSUE,0.0,0.0,0.0,No material variance,PASS,733.347
ICP000448-202605,ICP000448,RET005,RES,Christchurch Urban,2026-05,2026-05-01,2026-05-31,31,2026,98.4462262,6,98.45,Calculated reconciliation,98.4462262,98.45,6,NO_ISSUE,0.0,0.0,0.0,No material variance,PASS,949.565
ICP000449-202605,ICP000449,RET001,URES,Christchurch Urban,2026-05,2026-05-01,2026-05-31,31,2026,71.77520384,6,71.78,Calculated reconciliation,71.77520384,71.78,6,NO_ISSUE,0.0,0.0,0.0,No material variance,PASS,461.07
ICP000450-202605,ICP000450,RET005,RES,Christchurch Urban,2026-05,2026-05-01,2026-05-31,31,2026,64.79894671,6,64.8,Calculated reconciliation,64.79894671,64.8,6,NO_ISSUE,0.0,0.0,0.0,No material variance,PASS,489.888
ICP000451-202605,ICP000451,RET003,RES,Christchurch Urban,2026-05,2026-05-01,2026-05-31,31,2026,73.11154338,6,73.11,Calculated reconciliation,73.11154338,73.11,6,NO_ISSUE,0.0,0.0,0.0,No material variance,PASS,638.627
ICP000452-202605,ICP000452,RET001,RES,Christchurch Urban,2026-05,2026-05-01,2026-05-31,31,2026,74.35770071,6,74.36,Calculated reconciliation,74.35770071,74.36,6,NO_ISSUE,0.0,0.0,0.0,No material variance,PASS,683.966
ICP000453-202605,ICP000453,RET004,RES,Selwyn,2026-05,2026-05-01,2026-05-31,31,2026,47.64006641,6,47.64,Calculated reconciliation,47.64006641,47.64,6,NO_ISSUE,0.0,0.0,0.0,No material variance,PASS,313.693
ICP000454-202605,ICP000454,RET002,RES,Christchurch Urban,2026-05,2026-05-01,2026-05-31,31,2026,76.95574572,6,76.96,Calculated reconciliation,76.95574572,76.96,6,NO_ISSUE,0.0,0.0,0.0,No material variance,PASS,601.739
ICP000455-202605,ICP000455,RET002,RES,Christchurch Urban,2026-05,2026-05-01,2026-05-31,31,2026,104.72293271,6,104.72,Calculated reconciliation,104.72293271,104.72,6,NO_ISSUE,0.0,0.0,0.0,No material variance,PASS,970.446
ICP000456-202605,ICP000456,RET001,RES,Christchurch Urban,2026-05,2026-05-01,2026-05-31,31,2026,72.14000691,6,72.14,Calculated reconciliation,72.14000691,72.14,6,NO_ISSUE,0.0,0.0,0.0,No material variance,PASS,596.478
ICP000457-202605,ICP000457,RET001,URES,Christchurch Urban,2026-05,2026-05-01,2026-05-31,31,2026,82.53736992,6,82.54,Calculated reconciliation,82.53736992,82.54,6,NO_ISSUE,0.0,0.0,0.0,No material variance,PASS,761.339
ICP000458-202605,ICP000458,RET001,RES,Christchurch Urban,2026-05,2026-05-01,2026-05-31,31,2026,72.37080724,6,72.37,Calculated reconciliation,72.37080724,72.37,6,NO_ISSUE,0.0,0.0,0.0,No material variance,PASS,684.565
ICP000459-202605,ICP000459,RET001,RSC,Christchurch Urban,2026-05,2026-05-01,2026-05-31,31,2026,95.93678854,6,95.94,Calculated reconciliation,98.18538854,98.19,6,INCORRECT_ICP_DAYS,2.2486000000000104,2.25,2.25,Overbilled,REVIEW,1084.269
ICP000460-202605,ICP000460,RET001,RES,Christchurch Urban,2026-05,2026-05-01,2026-05-31,31,2026,82.43645685999999,6,82.44,Calculated reconciliation,82.43645685999999,82.44,6,NO_ISSUE,0.0,0.0,0.0,No material variance,PASS,761.897
ICP000461-202605,ICP000461,RET001,RES,Selwyn,2026-05,2026-05-01,2026-05-31,31,2026,49.35662792,6,49.36,Calculated reconciliation,49.35662792,49.36,6,NO_ISSUE,0.0,0.0,0.0,No material variance,PASS,335.765
ICP000462-202605,ICP000462,RET002,RES,Selwyn,2026-05,2026-05-01,2026-05-31,31,2026,66.63357730999999,6,66.63,Calculated reconciliation,66.63357730999999,66.63,6,NO_ISSUE,0.0,0.0,0.0,No material variance,PASS,635.569
ICP000463-202605,ICP000463,RET003,RES,Christchurch Urban,2026-05,2026-05-01,2026-05-31,31,2026,74.70771178,6,74.71,Calculated reconciliation,74.70771178,74.71,6,NO_ISSUE,0.0,0.0,0.0,No material variance,PASS,600.447
ICP000464-202605,ICP000464,RET005,RSC,Christchurch Urban,2026-05,2026-05-01,2026-05-31,31,2026,78.82608236,6,78.83,Calculated reconciliation,78.82608236,78.83,6,NO_ISSUE,0.0,0.0,0.0,No material variance,PASS,765.133
ICP000465-202605,ICP000465,RET001,RES,Christchurch Urban,2026-05,2026-05-01,2026-05-31,31,2026,69.89317417,6,69.89,Calculated reconciliation,69.89317417,69.89,6,NO_ISSUE,0.0,0.0,0.0,No material variance,PASS,674.016
ICP000466-202605,ICP000466,RET001,RES,Christchurch Urban,2026-05,2026-05-01,2026-05-31,31,2026,76.41929481,6,76.42,Calculated reconciliation,77.93369481,77.93,6,INCORRECT_ICP_DAYS,1.514400000000009,1.51,1.51,Overbilled,REVIEW,642.595
ICP000467-202605,ICP000467,RET001,RES,Christchurch Urban,2026-05,2026-05-01,2026-05-31,31,2026,61.3532204,6,61.35,Calculated reconciliation,61.3532204,61.35,6,NO_ISSUE,0.0,0.0,0.0,No material variance,PASS,607.473
ICP000468-202605,ICP000468,RET001,RES,Christchurch Urban,2026-05,2026-05-01,2026-05-31,31,2026,100.14502633,6,100.15,Calculated reconciliation,100.14502633,100.15,6,NO_ISSUE,0.0,0.0,0.0,No material variance,PASS,729.994
ICP000469-202605,ICP000469,RET005,RSC,Selwyn,2026-05,2026-05-01,2026-05-31,31,2026,103.85025882,6,103.85,Calculated reconciliation,103.85025882,103.85,6,NO_ISSUE,0.0,0.0,0.0,No material variance,PASS,980.6
ICP000470-202605,ICP000470,RET002,URES,Christchurch Urban,2026-05,2026-05-01,2026-05-31,31,2026,73.21422943,6,73.21,Calculated reconciliation,73.21422943,73.21,6,NO_ISSUE,0.0,0.0,0.0,No material variance,PASS,606.174
ICP000471-202605,ICP000471,RET001,RSU,Selwyn,2026-05,2026-05-01,2026-05-31,31,2026,90.10602305,6,90.11,Calculated reconciliation,90.10602305,90.11,6,NO_ISSUE,0.0,0.0,0.0,No material variance,PASS,654.053
ICP000472-202605,ICP000472,RET001,RES,Christchurch Urban,2026-05,2026-05-01,2026-05-31,31,2026,80.35292118,6,80.35,Calculated reconciliation,80.35292118,80.35,6,NO_ISSUE,0.0,0.0,0.0,No material variance,PASS,567.907
ICP000473-202605,ICP000473,RET001,RES,Christchurch Urban,2026-05,2026-05-01,2026-05-31,31,2026,79.95810937,6,79.96,Calculated reconciliation,79.95810937,79.96,6,NO_ISSUE,0.0,0.0,0.0,No material variance,PASS,714.304
ICP000474-202605,ICP000474,RET005,RSC,Christchurch Urban,2026-05,2026-05-01,2026-05-31,31,2026,70.43077624,6,70.43,Calculated reconciliation,70.43077624,70.43,6,NO_ISSUE,0.0,0.0,0.0,No material variance,PASS,560.886
ICP000475-202605,ICP000475,RET002,RES,Christchurch Urban,2026-05,2026-05-01,2026-05-31,31,2026,102.37808747,6,102.38,Calculated reconciliation,102.37808747,102.38,6,NO_ISSUE,0.0,0.0,0.0,No material variance,PASS,803.856
ICP000476-202605,ICP000476,RET003,RES,Christchurch Urban,2026-05,2026-05-01,2026-05-31,31,2026,63.921676469999994,6,63.92,Calculated reconciliation,63.921676469999994,63.92,6,NO_ISSUE,0.0,0.0,0.0,No material variance,PASS,640.172
ICP000477-202605,ICP000477,RET003,RES,Christchurch Urban,2026-05,2026-05-01,2026-05-31,31,2026,60.93605528,6,60.94,Calculated reconciliation,60.93605528,60.94,6,NO_ISSUE,0.0,0.0,0.0,No material variance,PASS,528.903
ICP000478-202605,ICP000478,RET002,URES,Central Canterbury Rural,2026-05,2026-05-01,2026-05-31,31,2026,62.38490412,6,62.38,Calculated reconciliation,62.38490412,62.38,6,NO_ISSUE,0.0,0.0,0.0,No material variance,PASS,353.624
ICP000479-202605,ICP000479,RET002,RSC,Christchurch Urban,2026-05,2026-05-01,2026-05-31,31,2026,81.30990421,6,81.31,Calculated reconciliation,81.30990421,81.31,6,NO_ISSUE,0.0,0.0,0.0,No material variance,PASS,800.845
ICP000480-202605,ICP000480,RET003,RES,Christchurch Urban,2026-05,2026-05-01,2026-05-31,31,2026,97.13584588,6,97.14,Calculated reconciliation,97.13584588,97.14,6,NO_ISSUE,0.0,0.0,0.0,No material variance,PASS,910.9
ICP000481-202605,ICP000481,RET003,URES,Christchurch Urban,2026-05,2026-05-01,2026-05-31,31,2026,73.51452047000001,6,73.51,Calculated reconciliation,73.51452047000001,73.51,6,NO_ISSUE,0.0,0.0,0.0,No material variance,PASS,610.257
ICP000482-202605,ICP000482,RET003,RES,Selwyn,2026-05,2026-05-01,2026-05-31,31,2026,63.42206958,6,63.42,Calculated reconciliation,63.42206958,63.42,6,NO_ISSUE,0.0,0.0,0.0,No material variance,PASS,545.858
ICP000483-202605,ICP000483,RET003,RES,Christchurch Urban,2026-05,2026-05-01,2026-05-31,31,2026,47.50156972,6,47.5,Calculated reconciliation,47.50156972,47.5,6,NO_ISSUE,0.0,0.0,0.0,No material variance,PASS,288.747
ICP000484-202605,ICP000484,RET004,RES,Christchurch Urban,2026-05,2026-05-01,2026-05-31,31,2026,64.91486472,6,64.91,Calculated reconciliation,64.91486472,64.91,6,NO_ISSUE,0.0,0.0,0.0,No material variance,PASS,495.825
ICP000485-202605,ICP000485,RET001,RSC,Selwyn,2026-05,2026-05-01,2026-05-31,31,2026,138.90405023,6,138.9,Calculated reconciliation,138.90405023,138.9,6,NO_ISSUE,0.0,0.0,0.0,No material variance,PASS,1705.966
ICP000486-202605,ICP000486,RET001,RES,Christchurch Urban,2026-05,2026-05-01,2026-05-31,31,2026,74.51573993,6,74.52,Calculated reconciliation,74.51573993,74.52,6,NO_ISSUE,0.0,0.0,0.0,No material variance,PASS,530.219
ICP000487-202605,ICP000487,RET003,RES,Selwyn,2026-05,2026-05-01,2026-05-31,31,2026,56.524843739999994,6,56.52,Calculated reconciliation,56.524843739999994,56.52,6,NO_ISSUE,0.0,0.0,0.0,No material variance,PASS,446.13
ICP000488-202605,ICP000488,RET003,RES,Selwyn,2026-05,2026-05-01,2026-05-31,31,2026,61.97759155999999,6,61.98,Calculated reconciliation,61.97759155999999,61.98,6,NO_ISSUE,0.0,0.0,0.0,No material variance,PASS,576.657
ICP000489-202605,ICP000489,RET003,URES,Selwyn,2026-05,2026-05-01,2026-05-31,31,2026,89.13012962,6,89.13,Calculated reconciliation,89.13012962,89.13,6,NO_ISSUE,0.0,0.0,0.0,No material variance,PASS,554.381
ICP000490-202605,ICP000490,RET004,RSC,Christchurch Urban,2026-05,2026-05-01,2026-05-31,31,2026,117.9832094,6,117.98,Calculated reconciliation,117.9832094,117.98,6,NO_ISSUE,0.0,0.0,0.0,No material variance,PASS,1279.626
ICP000491-202605,ICP000491,RET002,RSC,Christchurch Urban,2026-05,2026-05-01,2026-05-31,31,2026,96.44546279,6,96.45,Calculated reconciliation,96.44546279,96.45,6,NO_ISSUE,0.0,0.0,0.0,No material variance,PASS,1037.844
ICP000492-202605,ICP000492,RET005,RES,Christchurch Urban,2026-05,2026-05-01,2026-05-31,31,2026,55.69053862,6,55.69,Calculated reconciliation,55.69053862,55.69,6,NO_ISSUE,0.0,0.0,0.0,No material variance,PASS,364.82
ICP000493-202605,ICP000493,RET001,RES,Central Canterbury Rural,2026-05,2026-05-01,2026-05-31,31,2026,59.28959593,6,59.29,Calculated reconciliation,59.28959593,59.29,6,NO_ISSUE,0.0,0.0,0.0,No material variance,PASS,615.043
ICP000494-202605,ICP000494,RET002,RES,Christchurch Urban,2026-05,2026-05-01,2026-05-31,31,2026,78.24490624,6,78.24,Calculated reconciliation,78.24490624,78.24,6,NO_ISSUE,0.0,0.0,0.0,No material variance,PASS,660.68
ICP000495-202605,ICP000495,RET001,RES,Christchurch Urban,2026-05,2026-05-01,2026-05-31,31,2026,90.25796049,6,90.26,Calculated reconciliation,90.25796049,90.26,6,NO_ISSUE,0.0,0.0,0.0,No material variance,PASS,695.084
ICP000496-202605,ICP000496,RET001,RSC,Christchurch Urban,2026-05,2026-05-01,2026-05-31,31,2026,90.49317119,6,90.49,Calculated reconciliation,90.49317119,90.49,6,NO_ISSUE,0.0,0.0,0.0,No material variance,PASS,818.289
ICP000497-202605,ICP000497,RET003,RES,Christchurch Urban,2026-05,2026-05-01,2026-05-31,31,2026,54.89017923,6,54.89,Calculated reconciliation,54.89017923,54.89,6,NO_ISSUE,0.0,0.0,0.0,No material variance,PASS,449.13
ICP000498-202605,ICP000498,RET004,RES,Selwyn,2026-05,2026-05-01,2026-05-31,31,2026,76.54782037,6,76.55,Calculated reconciliation,76.54782037,76.55,6,NO_ISSUE,0.0,0.0,0.0,No material variance,PASS,916.055
ICP000499-202605,ICP000499,RET001,RES,Christchurch Urban,2026-05,2026-05-01,2026-05-31,31,2026,70.76491250999999,6,70.76,Calculated reconciliation,70.76491250999999,70.76,6,NO_ISSUE,0.0,0.0,0.0,No material variance,PASS,461.947
ICP000500-202605,ICP000500,RET002,RES,Christchurch Urban,2026-05,2026-05-01,2026-05-31,31,2026,56.54503507,6,56.55,Calculated reconciliation,56.54503507,56.55,6,NO_ISSUE,0.0,0.0,0.0,No material variance,PASS,542.072
