consumption_id,icp_id,billing_month,billing_period_start,billing_period_end,icp_days,weekend_kwh,peak_kwh,shoulder_kwh,off_peak_kwh,super_off_peak_kwh,total_kwh,data_origin
ICP000001-202602,ICP000001,2026-02,2026-02-01,2026-02-28,28,135.119,54.296,154.824,54.244,15.482,413.965,Simulated
ICP000001-202603,ICP000001,2026-03,2026-03-01,2026-03-31,31,113.397,109.335,43.677,47.429,18.637,332.475,Simulated
ICP000001-202604,ICP000001,2026-04,2026-04-01,2026-04-30,30,66.903,127.003,150.589,49.921,8.166,402.582,Simulated
ICP000001-202605,ICP000001,2026-05,2026-05-01,2026-05-31,31,138.608,60.695,199.277,66.051,7.824,472.455,Simulated
ICP000002-202602,ICP000002,2026-02,2026-02-01,2026-02-28,28,111.438,166.16,165.287,152.905,1.313,597.103,Simulated
ICP000002-202603,ICP000002,2026-03,2026-03-01,2026-03-31,31,139.142,184.517,219.802,252.877,2.774,799.112,Simulated
ICP000002-202604,ICP000002,2026-04,2026-04-01,2026-04-30,30,409.378,130.578,201.494,191.818,43.726,976.994,Simulated
ICP000002-202605,ICP000002,2026-05,2026-05-01,2026-05-31,31,529.197,269.365,140.655,252.912,29.752,1221.881,Simulated
ICP000003-202602,ICP000003,2026-02,2026-02-01,2026-02-28,28,181.066,180.68,136.433,93.14,35.152,626.471,Simulated
ICP000003-202603,ICP000003,2026-03,2026-03-01,2026-03-31,31,270.937,200.74,300.844,81.576,12.354,866.451,Simulated
ICP000003-202604,ICP000003,2026-04,2026-04-01,2026-04-30,30,292.575,171.299,122.303,72.487,59.262,717.926,Simulated
ICP000003-202605,ICP000003,2026-05,2026-05-01,2026-05-31,31,83.665,90.839,278.514,220.365,45.206,718.589,Simulated
ICP000004-202602,ICP000004,2026-02,2026-02-01,2026-02-28,28,118.651,87.961,201.341,112.511,28.637,549.101,Simulated
ICP000004-202603,ICP000004,2026-03,2026-03-01,2026-03-31,31,127.715,192.867,222.412,77.511,31.07,651.575,Simulated
ICP000004-202604,ICP000004,2026-04,2026-04-01,2026-04-30,30,264.649,33.551,274.907,107.767,11.179,692.053,Simulated
ICP000004-202605,ICP000004,2026-05,2026-05-01,2026-05-31,31,117.527,50.175,128.548,264.599,18.66,579.509,Simulated
ICP000005-202602,ICP000005,2026-02,2026-02-01,2026-02-28,28,156.063,88.882,192.013,107.498,48.872,593.328,Simulated
ICP000005-202603,ICP000005,2026-03,2026-03-01,2026-03-31,31,170.16,48.669,183.665,59.46,6.698,468.652,Simulated
ICP000005-202604,ICP000005,2026-04,2026-04-01,2026-04-30,30,127.133,94.322,97.486,47.671,15.789,382.401,Simulated
ICP000005-202605,ICP000005,2026-05,2026-05-01,2026-05-31,31,173.166,74.134,200.977,45.401,56.124,549.802,Simulated
ICP000006-202602,ICP000006,2026-02,2026-02-01,2026-02-28,28,104.005,188.172,85.531,90.158,46.457,514.323,Simulated
ICP000006-202603,ICP000006,2026-03,2026-03-01,2026-03-31,31,229.576,190.908,221.034,185.976,20.425,847.919,Simulated
ICP000006-202604,ICP000006,2026-04,2026-04-01,2026-04-30,30,133.457,260.62,210.775,58.119,58.406,721.377,Simulated
ICP000006-202605,ICP000006,2026-05,2026-05-01,2026-05-31,31,178.227,166.415,262.583,109.298,28.497,745.02,Simulated
ICP000007-202602,ICP000007,2026-02,2026-02-01,2026-02-28,28,219.444,213.315,427.126,51.633,88.075,999.593,Simulated
ICP000007-202603,ICP000007,2026-03,2026-03-01,2026-03-31,31,412.758,166.718,397.789,60.431,19.647,1057.343,Simulated
ICP000007-202604,ICP000007,2026-04,2026-04-01,2026-04-30,30,418.535,344.738,96.736,125.35,1.776,987.135,Simulated
ICP000007-202605,ICP000007,2026-05,2026-05-01,2026-05-31,31,318.014,306.486,324.944,146.678,6.653,1102.775,Simulated
ICP000008-202602,ICP000008,2026-02,2026-02-01,2026-02-28,28,277.911,92.556,202.526,123.684,8.919,705.596,Simulated
ICP000008-202603,ICP000008,2026-03,2026-03-01,2026-03-31,31,281.749,62.3,168.257,57.426,39.06,608.792,Simulated
ICP000008-202604,ICP000008,2026-04,2026-04-01,2026-04-30,30,364.069,296.765,119.627,140.896,68.463,989.82,Simulated
ICP000008-202605,ICP000008,2026-05,2026-05-01,2026-05-31,31,131.763,167.807,164.734,29.857,25.446,519.607,Simulated
ICP000009-202602,ICP000009,2026-02,2026-02-01,2026-02-28,28,192.751,36.645,60.761,47.542,1.577,339.276,Simulated
ICP000009-202603,ICP000009,2026-03,2026-03-01,2026-03-31,31,180.162,115.905,402.58,55.972,103.837,858.456,Simulated
ICP000009-202604,ICP000009,2026-04,2026-04-01,2026-04-30,30,189.933,101.799,144.719,80.91,14.797,532.158,Simulated
ICP000009-202605,ICP000009,2026-05,2026-05-01,2026-05-31,31,171.377,134.418,140.885,48.996,5.624,501.3,Simulated
ICP000010-202602,ICP000010,2026-02,2026-02-01,2026-02-28,28,232.159,61.194,145.286,97.875,3.077,539.591,Simulated
ICP000010-202603,ICP000010,2026-03,2026-03-01,2026-03-31,31,268.874,104.106,112.825,153.635,55.107,694.547,Simulated
ICP000010-202604,ICP000010,2026-04,2026-04-01,2026-04-30,30,184.374,274.497,201.524,34.291,25.866,720.552,Simulated
ICP000010-202605,ICP000010,2026-05,2026-05-01,2026-05-31,31,162.886,52.15,134.923,55.69,52.009,457.658,Simulated
ICP000011-202602,ICP000011,2026-02,2026-02-01,2026-02-28,28,166.121,24.876,184.709,60.235,9.355,445.296,Simulated
ICP000011-202603,ICP000011,2026-03,2026-03-01,2026-03-31,31,80.01,124.26,59.484,97.299,0.374,361.427,Simulated
ICP000011-202604,ICP000011,2026-04,2026-04-01,2026-04-30,30,128.431,196.705,198.163,125.342,61.198,709.839,Simulated
ICP000011-202605,ICP000011,2026-05,2026-05-01,2026-05-31,31,138.006,62.854,291.613,56.675,33.895,583.043,Simulated
ICP000012-202602,ICP000012,2026-02,2026-02-01,2026-02-28,28,134.313,63.97,141.446,65.504,5.174,410.407,Simulated
ICP000012-202603,ICP000012,2026-03,2026-03-01,2026-03-31,31,132.911,90.239,265.394,39.423,7.733,535.7,Simulated
ICP000012-202604,ICP000012,2026-04,2026-04-01,2026-04-30,30,141.696,144.794,185.679,60.326,16.792,549.287,Simulated
ICP000012-202605,ICP000012,2026-05,2026-05-01,2026-05-31,31,190.39,135.01,181.114,120.059,22.555,649.128,Simulated
ICP000013-202602,ICP000013,2026-02,2026-02-01,2026-02-28,28,45.781,29.365,93.265,80.965,15.775,265.151,Simulated
ICP000013-202603,ICP000013,2026-03,2026-03-01,2026-03-31,31,136.826,103.135,119.332,115.883,39.045,514.221,Simulated
ICP000013-202604,ICP000013,2026-04,2026-04-01,2026-04-30,30,111.304,245.827,114.077,41.887,33.662,546.757,Simulated
ICP000013-202605,ICP000013,2026-05,2026-05-01,2026-05-31,31,179.095,39.777,127.416,52.883,29.28,428.451,Simulated
ICP000014-202602,ICP000014,2026-02,2026-02-01,2026-02-28,28,168.315,116.778,386.311,118.818,30.621,820.843,Simulated
ICP000014-202603,ICP000014,2026-03,2026-03-01,2026-03-31,31,165.939,106.973,173.205,150.026,36.187,632.33,Simulated
ICP000014-202604,ICP000014,2026-04,2026-04-01,2026-04-30,30,223.071,147.121,271.522,133.879,3.253,778.846,Simulated
ICP000014-202605,ICP000014,2026-05,2026-05-01,2026-05-31,31,487.54,176.302,499.848,159.758,183.967,1507.415,Simulated
ICP000015-202602,ICP000015,2026-02,2026-02-01,2026-02-28,28,144.915,108.159,71.886,64.39,19.036,408.386,Simulated
ICP000015-202603,ICP000015,2026-03,2026-03-01,2026-03-31,31,154.18,78.905,251.81,158.57,55.794,699.259,Simulated
ICP000015-202604,ICP000015,2026-04,2026-04-01,2026-04-30,30,176.867,146.051,160.206,247.912,13.483,744.519,Simulated
ICP000015-202605,ICP000015,2026-05,2026-05-01,2026-05-31,31,102.989,55.308,82.77,30.194,32.458,303.719,Simulated
ICP000016-202602,ICP000016,2026-02,2026-02-01,2026-02-28,28,167.236,84.837,136.871,162.318,4.403,555.665,Simulated
ICP000016-202603,ICP000016,2026-03,2026-03-01,2026-03-31,31,210.829,179.919,114.289,53.129,26.618,584.784,Simulated
ICP000016-202604,ICP000016,2026-04,2026-04-01,2026-04-30,30,124.456,119.328,59.787,69.48,37.129,410.18,Simulated
ICP000016-202605,ICP000016,2026-05,2026-05-01,2026-05-31,31,289.685,145.206,212.436,495.557,1.381,1144.265,Simulated
ICP000017-202602,ICP000017,2026-02,2026-02-01,2026-02-28,28,129.472,180.021,209.712,74.73,84.919,678.854,Simulated
ICP000017-202603,ICP000017,2026-03,2026-03-01,2026-03-31,31,324.478,245.786,137.984,252.132,5.521,965.901,Simulated
ICP000017-202604,ICP000017,2026-04,2026-04-01,2026-04-30,30,173.796,210.017,308.031,26.773,39.401,758.018,Simulated
ICP000017-202605,ICP000017,2026-05,2026-05-01,2026-05-31,31,112.857,72.805,222.036,304.987,43.623,756.308,Simulated
ICP000018-202602,ICP000018,2026-02,2026-02-01,2026-02-28,28,99.632,75.343,170.598,37.077,24.642,407.292,Simulated
ICP000018-202603,ICP000018,2026-03,2026-03-01,2026-03-31,31,102.587,115.608,75.025,65.385,73.334,431.939,Simulated
ICP000018-202604,ICP000018,2026-04,2026-04-01,2026-04-30,30,181.109,141.119,140.634,38.643,2.695,504.2,Simulated
ICP000018-202605,ICP000018,2026-05,2026-05-01,2026-05-31,31,173.172,67.648,64.652,71.565,6.328,383.365,Simulated
ICP000019-202602,ICP000019,2026-02,2026-02-01,2026-02-28,28,371.027,77.986,159.938,36.782,106.058,751.791,Simulated
ICP000019-202603,ICP000019,2026-03,2026-03-01,2026-03-31,31,279.434,300.323,79.837,59.018,1.577,720.189,Simulated
ICP000019-202604,ICP000019,2026-04,2026-04-01,2026-04-30,30,110.184,247.871,133.541,64.306,53.669,609.571,Simulated
ICP000019-202605,ICP000019,2026-05,2026-05-01,2026-05-31,31,431.451,194.142,203.166,64.541,16.201,909.501,Simulated
ICP000020-202602,ICP000020,2026-02,2026-02-01,2026-02-28,28,48.309,56.667,211.198,188.409,7.702,512.285,Simulated
ICP000020-202603,ICP000020,2026-03,2026-03-01,2026-03-31,31,239.464,89.808,99.938,92.876,4.024,526.11,Simulated
ICP000020-202604,ICP000020,2026-04,2026-04-01,2026-04-30,30,99.083,282.145,114.601,87.851,20.3,603.98,Simulated
ICP000020-202605,ICP000020,2026-05,2026-05-01,2026-05-31,31,70.557,160.56,244.079,24.964,1.821,501.981,Simulated
ICP000021-202602,ICP000021,2026-02,2026-02-01,2026-02-28,28,180.633,108.016,97.307,42.479,7.214,435.649,Simulated
ICP000021-202603,ICP000021,2026-03,2026-03-01,2026-03-31,31,112.99,205.155,95.941,139.703,0.734,554.523,Simulated
ICP000021-202604,ICP000021,2026-04,2026-04-01,2026-04-30,30,38.518,124.412,106.679,67.323,72.597,409.529,Simulated
ICP000021-202605,ICP000021,2026-05,2026-05-01,2026-05-31,31,242.931,108.309,67.72,68.692,10.251,497.903,Simulated
ICP000022-202602,ICP000022,2026-02,2026-02-01,2026-02-28,28,182.096,230.516,326.003,186.856,50.072,975.543,Simulated
ICP000022-202603,ICP000022,2026-03,2026-03-01,2026-03-31,31,331.863,249.966,247.78,214.642,5.411,1049.662,Simulated
ICP000022-202604,ICP000022,2026-04,2026-04-01,2026-04-30,30,308.869,207.68,177.168,139.728,32.23,865.675,Simulated
ICP000022-202605,ICP000022,2026-05,2026-05-01,2026-05-31,31,202.616,124.739,322.535,133.114,4.014,787.018,Simulated
ICP000023-202602,ICP000023,2026-02,2026-02-01,2026-02-28,28,250.943,60.622,172.629,127.761,43.522,655.477,Simulated
ICP000023-202603,ICP000023,2026-03,2026-03-01,2026-03-31,31,242.58,86.732,276.894,145.509,99.065,850.78,Simulated
ICP000023-202604,ICP000023,2026-04,2026-04-01,2026-04-30,30,204.642,232.398,107.049,75.497,47.015,666.601,Simulated
ICP000023-202605,ICP000023,2026-05,2026-05-01,2026-05-31,31,185.634,116.125,164.345,101.757,7.578,575.439,Simulated
ICP000024-202602,ICP000024,2026-02,2026-02-01,2026-02-28,28,127.694,120.251,97.833,149.271,38.762,533.811,Simulated
ICP000024-202603,ICP000024,2026-03,2026-03-01,2026-03-31,31,277.37,93.136,85.769,34.954,12.702,503.931,Simulated
ICP000024-202604,ICP000024,2026-04,2026-04-01,2026-04-30,30,76.299,86.214,266.758,129.538,4.646,563.455,Simulated
ICP000024-202605,ICP000024,2026-05,2026-05-01,2026-05-31,31,317.266,263.866,144.244,116.045,7.696,849.117,Simulated
ICP000025-202602,ICP000025,2026-02,2026-02-01,2026-02-28,28,75.457,119.778,96.909,85.824,7.514,385.482,Simulated
ICP000025-202603,ICP000025,2026-03,2026-03-01,2026-03-31,31,144.837,30.853,128.366,128.376,2.0,434.432,Simulated
ICP000025-202604,ICP000025,2026-04,2026-04-01,2026-04-30,30,92.151,74.95,182.405,65.809,6.563,421.878,Simulated
ICP000025-202605,ICP000025,2026-05,2026-05-01,2026-05-31,31,55.585,105.855,90.573,107.844,4.38,364.237,Simulated
ICP000026-202602,ICP000026,2026-02,2026-02-01,2026-02-28,28,100.713,60.135,157.935,180.569,8.632,507.984,Simulated
ICP000026-202603,ICP000026,2026-03,2026-03-01,2026-03-31,31,109.006,113.65,81.819,61.192,0.582,366.249,Simulated
ICP000026-202604,ICP000026,2026-04,2026-04-01,2026-04-30,30,310.259,81.393,136.599,167.701,10.839,706.791,Simulated
ICP000026-202605,ICP000026,2026-05,2026-05-01,2026-05-31,31,97.197,156.159,186.363,50.413,73.6,563.732,Simulated
ICP000027-202602,ICP000027,2026-02,2026-02-01,2026-02-28,28,138.495,64.843,182.014,74.32,5.366,465.038,Simulated
ICP000027-202603,ICP000027,2026-03,2026-03-01,2026-03-31,31,179.603,107.224,118.009,30.549,6.281,441.666,Simulated
ICP000027-202604,ICP000027,2026-04,2026-04-01,2026-04-30,30,147.135,106.341,79.558,113.986,16.174,463.194,Simulated
ICP000027-202605,ICP000027,2026-05,2026-05-01,2026-05-31,31,203.436,157.043,243.949,128.778,18.58,751.786,Simulated
ICP000028-202602,ICP000028,2026-02,2026-02-01,2026-02-28,28,115.393,113.161,253.988,76.304,7.009,565.855,Simulated
ICP000028-202603,ICP000028,2026-03,2026-03-01,2026-03-31,31,67.653,36.875,198.812,33.443,13.944,350.727,Simulated
ICP000028-202604,ICP000028,2026-04,2026-04-01,2026-04-30,30,286.105,121.046,287.874,198.786,20.901,914.712,Simulated
ICP000028-202605,ICP000028,2026-05,2026-05-01,2026-05-31,31,107.608,94.43,68.051,176.899,22.334,469.322,Simulated
ICP000029-202602,ICP000029,2026-02,2026-02-01,2026-02-28,28,164.965,173.114,117.737,88.075,62.865,606.756,Simulated
ICP000029-202603,ICP000029,2026-03,2026-03-01,2026-03-31,31,206.99,240.506,235.087,189.122,40.031,911.736,Simulated
ICP000029-202604,ICP000029,2026-04,2026-04-01,2026-04-30,30,369.315,290.365,228.604,317.839,57.915,1264.038,Simulated
ICP000029-202605,ICP000029,2026-05,2026-05-01,2026-05-31,31,91.044,373.362,271.033,89.875,15.61,840.924,Simulated
ICP000030-202602,ICP000030,2026-02,2026-02-01,2026-02-28,28,80.201,107.771,51.602,133.621,10.749,383.944,Simulated
ICP000030-202603,ICP000030,2026-03,2026-03-01,2026-03-31,31,129.41,91.885,77.548,46.253,63.327,408.423,Simulated
ICP000030-202604,ICP000030,2026-04,2026-04-01,2026-04-30,30,203.972,362.706,92.55,122.764,43.838,825.83,Simulated
ICP000030-202605,ICP000030,2026-05,2026-05-01,2026-05-31,31,134.812,217.234,107.285,46.588,8.877,514.796,Simulated
ICP000031-202602,ICP000031,2026-02,2026-02-01,2026-02-28,28,116.906,130.205,70.774,142.878,35.44,496.203,Simulated
ICP000031-202603,ICP000031,2026-03,2026-03-01,2026-03-31,31,105.039,121.525,154.995,76.985,48.371,506.915,Simulated
ICP000031-202604,ICP000031,2026-04,2026-04-01,2026-04-30,30,200.434,199.748,234.741,62.113,23.052,720.088,Simulated
ICP000031-202605,ICP000031,2026-05,2026-05-01,2026-05-31,31,310.11,180.52,627.634,77.617,23.672,1219.553,Simulated
ICP000032-202602,ICP000032,2026-02,2026-02-01,2026-02-28,28,128.541,95.007,79.606,68.932,4.237,376.323,Simulated
ICP000032-202603,ICP000032,2026-03,2026-03-01,2026-03-31,31,125.841,156.865,115.91,111.992,2.998,513.606,Simulated
ICP000032-202604,ICP000032,2026-04,2026-04-01,2026-04-30,30,221.413,220.733,210.001,84.496,32.606,769.249,Simulated
ICP000032-202605,ICP000032,2026-05,2026-05-01,2026-05-31,31,126.083,162.528,201.754,133.411,2.262,626.038,Simulated
ICP000033-202602,ICP000033,2026-02,2026-02-01,2026-02-28,28,79.745,86.23,215.837,55.616,7.371,444.799,Simulated
ICP000033-202603,ICP000033,2026-03,2026-03-01,2026-03-31,31,192.572,139.11,349.871,29.775,2.95,714.278,Simulated
ICP000033-202604,ICP000033,2026-04,2026-04-01,2026-04-30,30,178.246,78.229,196.927,92.505,1.769,547.676,Simulated
ICP000033-202605,ICP000033,2026-05,2026-05-01,2026-05-31,31,83.181,140.992,106.672,25.206,20.582,376.633,Simulated
ICP000034-202602,ICP000034,2026-02,2026-02-01,2026-02-28,28,104.446,246.652,120.945,82.583,28.177,582.803,Simulated
ICP000034-202603,ICP000034,2026-03,2026-03-01,2026-03-31,31,60.447,47.224,119.967,99.308,5.567,332.513,Simulated
ICP000034-202604,ICP000034,2026-04,2026-04-01,2026-04-30,30,155.877,70.746,182.13,108.4,46.45,563.603,Simulated
ICP000034-202605,ICP000034,2026-05,2026-05-01,2026-05-31,31,136.376,144.068,65.981,118.293,84.186,548.904,Simulated
ICP000035-202602,ICP000035,2026-02,2026-02-01,2026-02-28,28,155.081,194.061,264.246,149.059,42.217,804.664,Simulated
ICP000035-202603,ICP000035,2026-03,2026-03-01,2026-03-31,31,61.345,193.48,204.739,45.201,13.422,518.187,Simulated
ICP000035-202604,ICP000035,2026-04,2026-04-01,2026-04-30,30,190.782,201.827,314.358,70.64,80.645,858.252,Simulated
ICP000035-202605,ICP000035,2026-05,2026-05-01,2026-05-31,31,289.796,101.176,345.365,119.236,1.14,856.713,Simulated
ICP000036-202602,ICP000036,2026-02,2026-02-01,2026-02-28,28,175.074,70.412,142.417,93.361,0.458,481.722,Simulated
ICP000036-202603,ICP000036,2026-03,2026-03-01,2026-03-31,31,138.389,93.613,83.457,117.309,18.234,451.002,Simulated
ICP000036-202604,ICP000036,2026-04,2026-04-01,2026-04-30,30,219.966,85.652,198.844,125.837,40.347,670.646,Simulated
ICP000036-202605,ICP000036,2026-05,2026-05-01,2026-05-31,31,77.474,43.018,148.408,96.303,9.496,374.699,Simulated
ICP000037-202602,ICP000037,2026-02,2026-02-01,2026-02-28,28,187.919,197.499,123.399,46.438,47.941,603.196,Simulated
ICP000037-202603,ICP000037,2026-03,2026-03-01,2026-03-31,31,113.742,99.973,96.346,110.679,14.139,434.879,Simulated
ICP000037-202604,ICP000037,2026-04,2026-04-01,2026-04-30,30,98.562,61.811,131.958,23.654,98.973,414.958,Simulated
ICP000037-202605,ICP000037,2026-05,2026-05-01,2026-05-31,31,122.534,156.914,196.975,40.054,23.431,539.908,Simulated
ICP000038-202602,ICP000038,2026-02,2026-02-01,2026-02-28,28,264.291,49.942,154.343,81.291,26.259,576.126,Simulated
ICP000038-202603,ICP000038,2026-03,2026-03-01,2026-03-31,31,260.69,270.123,223.358,116.19,3.045,873.406,Simulated
ICP000038-202604,ICP000038,2026-04,2026-04-01,2026-04-30,30,218.723,154.612,213.996,146.727,21.767,755.825,Simulated
ICP000038-202605,ICP000038,2026-05,2026-05-01,2026-05-31,31,131.702,220.061,299.881,162.009,44.969,858.622,Simulated
ICP000039-202602,ICP000039,2026-02,2026-02-01,2026-02-28,28,140.166,110.58,206.084,240.983,24.146,721.959,Simulated
ICP000039-202603,ICP000039,2026-03,2026-03-01,2026-03-31,31,77.819,74.943,117.602,64.745,10.066,345.175,Simulated
ICP000039-202604,ICP000039,2026-04,2026-04-01,2026-04-30,30,146.807,113.189,99.601,140.006,7.85,507.453,Simulated
ICP000039-202605,ICP000039,2026-05,2026-05-01,2026-05-31,31,183.183,110.021,289.261,110.185,132.939,825.589,Simulated
ICP000040-202602,ICP000040,2026-02,2026-02-01,2026-02-28,28,92.565,156.904,97.895,128.609,123.836,599.809,Simulated
ICP000040-202603,ICP000040,2026-03,2026-03-01,2026-03-31,31,124.801,41.523,82.871,76.195,1.804,327.194,Simulated
ICP000040-202604,ICP000040,2026-04,2026-04-01,2026-04-30,30,124.201,169.687,215.265,32.772,37.809,579.734,Simulated
ICP000040-202605,ICP000040,2026-05,2026-05-01,2026-05-31,31,180.196,104.146,159.255,197.267,28.468,669.332,Simulated
ICP000041-202602,ICP000041,2026-02,2026-02-01,2026-02-28,28,179.723,73.689,72.221,97.274,1.778,424.685,Simulated
ICP000041-202603,ICP000041,2026-03,2026-03-01,2026-03-31,31,130.363,203.457,273.92,142.555,27.028,777.323,Simulated
ICP000041-202604,ICP000041,2026-04,2026-04-01,2026-04-30,30,105.005,93.887,410.685,174.426,10.74,794.743,Simulated
ICP000041-202605,ICP000041,2026-05,2026-05-01,2026-05-31,31,212.687,85.667,49.095,115.189,48.789,511.427,Simulated
ICP000042-202602,ICP000042,2026-02,2026-02-01,2026-02-28,28,160.102,71.99,239.378,95.455,4.674,571.599,Simulated
ICP000042-202603,ICP000042,2026-03,2026-03-01,2026-03-31,31,140.467,124.986,180.989,144.018,35.713,626.173,Simulated
ICP000042-202604,ICP000042,2026-04,2026-04-01,2026-04-30,30,272.447,277.537,171.54,108.879,26.173,856.576,Simulated
ICP000042-202605,ICP000042,2026-05,2026-05-01,2026-05-31,31,511.247,164.111,401.688,271.086,30.993,1379.125,Simulated
ICP000043-202602,ICP000043,2026-02,2026-02-01,2026-02-28,28,429.627,293.642,174.103,192.377,10.163,1099.912,Simulated
ICP000043-202603,ICP000043,2026-03,2026-03-01,2026-03-31,31,248.504,287.978,279.269,44.707,67.968,928.426,Simulated
ICP000043-202604,ICP000043,2026-04,2026-04-01,2026-04-30,30,140.085,82.903,230.123,340.704,50.566,844.381,Simulated
ICP000043-202605,ICP000043,2026-05,2026-05-01,2026-05-31,31,216.966,250.631,326.569,110.894,2.688,907.748,Simulated
ICP000044-202602,ICP000044,2026-02,2026-02-01,2026-02-28,28,145.581,102.796,125.543,34.606,14.971,423.497,Simulated
ICP000044-202603,ICP000044,2026-03,2026-03-01,2026-03-31,31,104.373,196.743,109.382,34.702,1.883,447.083,Simulated
ICP000044-202604,ICP000044,2026-04,2026-04-01,2026-04-30,30,165.73,211.557,144.405,104.399,46.707,672.798,Simulated
ICP000044-202605,ICP000044,2026-05,2026-05-01,2026-05-31,31,52.373,235.151,161.843,46.436,48.979,544.782,Simulated
ICP000045-202602,ICP000045,2026-02,2026-02-01,2026-02-28,28,144.478,205.739,150.886,159.965,0.331,661.399,Simulated
ICP000045-202603,ICP000045,2026-03,2026-03-01,2026-03-31,31,57.927,93.906,281.302,266.622,65.052,764.809,Simulated
ICP000045-202604,ICP000045,2026-04,2026-04-01,2026-04-30,30,201.882,364.568,182.608,105.507,39.087,893.652,Simulated
ICP000045-202605,ICP000045,2026-05,2026-05-01,2026-05-31,31,214.766,213.08,291.168,129.742,13.278,862.034,Simulated
ICP000046-202602,ICP000046,2026-02,2026-02-01,2026-02-28,28,452.445,80.188,214.728,21.288,1.464,770.113,Simulated
ICP000046-202603,ICP000046,2026-03,2026-03-01,2026-03-31,31,150.122,318.418,177.273,189.316,18.725,853.854,Simulated
ICP000046-202604,ICP000046,2026-04,2026-04-01,2026-04-30,30,139.267,182.78,247.472,112.487,10.384,692.39,Simulated
ICP000046-202605,ICP000046,2026-05,2026-05-01,2026-05-31,31,215.352,154.044,187.533,144.544,0.123,701.596,Simulated
ICP000047-202602,ICP000047,2026-02,2026-02-01,2026-02-28,28,82.013,122.366,94.439,20.781,24.522,344.121,Simulated
ICP000047-202603,ICP000047,2026-03,2026-03-01,2026-03-31,31,130.493,157.365,224.6,90.034,34.806,637.298,Simulated
ICP000047-202604,ICP000047,2026-04,2026-04-01,2026-04-30,30,84.378,103.332,81.704,163.066,29.039,461.519,Simulated
ICP000047-202605,ICP000047,2026-05,2026-05-01,2026-05-31,31,236.653,213.835,176.061,100.96,13.006,740.515,Simulated
ICP000048-202602,ICP000048,2026-02,2026-02-01,2026-02-28,28,152.229,120.509,138.992,92.373,4.665,508.768,Simulated
ICP000048-202603,ICP000048,2026-03,2026-03-01,2026-03-31,31,112.328,118.35,165.56,114.62,2.558,513.416,Simulated
ICP000048-202604,ICP000048,2026-04,2026-04-01,2026-04-30,30,151.437,51.941,221.84,39.589,2.857,467.664,Simulated
ICP000048-202605,ICP000048,2026-05,2026-05-01,2026-05-31,31,149.451,72.175,174.888,144.892,29.746,571.152,Simulated
ICP000049-202602,ICP000049,2026-02,2026-02-01,2026-02-28,28,113.114,95.672,116.927,130.921,9.237,465.871,Simulated
ICP000049-202603,ICP000049,2026-03,2026-03-01,2026-03-31,31,158.84,130.73,64.171,53.706,40.587,448.034,Simulated
ICP000049-202604,ICP000049,2026-04,2026-04-01,2026-04-30,30,136.809,76.112,96.41,27.047,24.924,361.302,Simulated
ICP000049-202605,ICP000049,2026-05,2026-05-01,2026-05-31,31,102.87,64.32,235.686,139.122,19.429,561.427,Simulated
ICP000050-202602,ICP000050,2026-02,2026-02-01,2026-02-28,28,66.263,108.8,41.295,58.837,0.525,275.72,Simulated
ICP000050-202603,ICP000050,2026-03,2026-03-01,2026-03-31,31,187.873,98.926,187.609,130.458,20.089,624.955,Simulated
ICP000050-202604,ICP000050,2026-04,2026-04-01,2026-04-30,30,122.873,187.238,257.255,15.675,9.798,592.839,Simulated
ICP000050-202605,ICP000050,2026-05,2026-05-01,2026-05-31,31,189.509,202.02,79.016,79.822,84.709,635.076,Simulated
ICP000051-202602,ICP000051,2026-02,2026-02-01,2026-02-28,28,153.391,63.774,81.602,117.899,15.986,432.652,Simulated
ICP000051-202603,ICP000051,2026-03,2026-03-01,2026-03-31,31,190.971,97.239,110.414,69.655,36.777,505.056,Simulated
ICP000051-202604,ICP000051,2026-04,2026-04-01,2026-04-30,30,158.356,96.622,195.641,154.207,39.783,644.609,Simulated
ICP000051-202605,ICP000051,2026-05,2026-05-01,2026-05-31,31,135.353,67.339,85.909,106.085,6.442,401.128,Simulated
ICP000052-202602,ICP000052,2026-02,2026-02-01,2026-02-28,28,106.791,449.935,337.374,56.803,6.293,957.196,Simulated
ICP000052-202603,ICP000052,2026-03,2026-03-01,2026-03-31,31,187.86,412.871,298.643,220.313,0.383,1120.07,Simulated
ICP000052-202604,ICP000052,2026-04,2026-04-01,2026-04-30,30,171.969,103.128,167.003,200.924,81.096,724.12,Simulated
ICP000052-202605,ICP000052,2026-05,2026-05-01,2026-05-31,31,334.203,386.435,193.592,109.127,136.25,1159.607,Simulated
ICP000053-202602,ICP000053,2026-02,2026-02-01,2026-02-28,28,97.071,88.409,140.407,36.09,49.542,411.519,Simulated
ICP000053-202603,ICP000053,2026-03,2026-03-01,2026-03-31,31,200.68,132.194,174.457,177.863,29.089,714.283,Simulated
ICP000053-202604,ICP000053,2026-04,2026-04-01,2026-04-30,30,102.875,258.059,102.27,63.878,26.68,553.762,Simulated
ICP000053-202605,ICP000053,2026-05,2026-05-01,2026-05-31,31,106.14,103.994,96.833,152.824,65.509,525.3,Simulated
ICP000054-202602,ICP000054,2026-02,2026-02-01,2026-02-28,28,289.666,137.077,111.964,88.235,22.842,649.784,Simulated
ICP000054-202603,ICP000054,2026-03,2026-03-01,2026-03-31,31,196.52,308.799,102.119,175.156,52.403,834.997,Simulated
ICP000054-202604,ICP000054,2026-04,2026-04-01,2026-04-30,30,138.735,352.508,242.73,76.188,29.23,839.391,Simulated
ICP000054-202605,ICP000054,2026-05,2026-05-01,2026-05-31,31,258.47,142.212,193.692,335.321,9.578,939.273,Simulated
ICP000055-202602,ICP000055,2026-02,2026-02-01,2026-02-28,28,76.625,114.706,115.64,97.105,8.949,413.025,Simulated
ICP000055-202603,ICP000055,2026-03,2026-03-01,2026-03-31,31,59.163,34.79,211.33,94.035,10.235,409.553,Simulated
ICP000055-202604,ICP000055,2026-04,2026-04-01,2026-04-30,30,449.14,186.662,146.011,127.855,3.102,912.77,Simulated
ICP000055-202605,ICP000055,2026-05,2026-05-01,2026-05-31,31,186.825,108.339,66.277,36.033,5.27,402.744,Simulated
ICP000056-202602,ICP000056,2026-02,2026-02-01,2026-02-28,28,140.068,131.315,89.756,76.384,3.231,440.754,Simulated
ICP000056-202603,ICP000056,2026-03,2026-03-01,2026-03-31,31,39.908,105.821,75.363,33.277,4.885,259.254,Simulated
ICP000056-202604,ICP000056,2026-04,2026-04-01,2026-04-30,30,52.924,192.158,115.374,180.012,19.693,560.161,Simulated
ICP000056-202605,ICP000056,2026-05,2026-05-01,2026-05-31,31,268.911,62.334,217.48,201.625,0.43,750.78,Simulated
ICP000057-202602,ICP000057,2026-02,2026-02-01,2026-02-28,28,213.795,139.204,69.091,78.925,38.817,539.832,Simulated
ICP000057-202603,ICP000057,2026-03,2026-03-01,2026-03-31,31,179.217,146.726,193.931,51.414,0.221,571.509,Simulated
ICP000057-202604,ICP000057,2026-04,2026-04-01,2026-04-30,30,460.983,264.759,321.223,160.018,91.199,1298.182,Simulated
ICP000057-202605,ICP000057,2026-05,2026-05-01,2026-05-31,31,186.694,107.578,237.821,88.379,70.197,690.669,Simulated
ICP000058-202602,ICP000058,2026-02,2026-02-01,2026-02-28,28,78.353,66.073,120.753,33.047,11.503,309.729,Simulated
ICP000058-202603,ICP000058,2026-03,2026-03-01,2026-03-31,31,52.827,80.782,130.486,66.35,19.171,349.616,Simulated
ICP000058-202604,ICP000058,2026-04,2026-04-01,2026-04-30,30,171.171,178.863,66.783,129.849,6.973,553.639,Simulated
ICP000058-202605,ICP000058,2026-05,2026-05-01,2026-05-31,31,213.815,71.0,171.376,136.459,32.973,625.623,Simulated
ICP000059-202602,ICP000059,2026-02,2026-02-01,2026-02-28,28,41.642,90.614,79.13,113.197,6.762,331.345,Simulated
ICP000059-202603,ICP000059,2026-03,2026-03-01,2026-03-31,31,103.596,115.621,102.326,106.523,17.085,445.151,Simulated
ICP000059-202604,ICP000059,2026-04,2026-04-01,2026-04-30,30,140.512,214.1,213.747,126.275,5.98,700.614,Simulated
ICP000059-202605,ICP000059,2026-05,2026-05-01,2026-05-31,31,190.457,154.344,236.707,89.221,42.406,713.135,Simulated
ICP000060-202602,ICP000060,2026-02,2026-02-01,2026-02-28,28,182.748,52.554,227.25,169.418,25.482,657.452,Simulated
ICP000060-202603,ICP000060,2026-03,2026-03-01,2026-03-31,31,108.83,87.341,140.349,126.905,14.175,477.6,Simulated
ICP000060-202604,ICP000060,2026-04,2026-04-01,2026-04-30,30,174.374,72.881,115.213,28.006,13.902,404.376,Simulated
ICP000060-202605,ICP000060,2026-05,2026-05-01,2026-05-31,31,111.192,260.003,139.529,120.812,97.559,729.095,Simulated
ICP000061-202602,ICP000061,2026-02,2026-02-01,2026-02-28,28,178.741,44.285,106.079,33.38,43.664,406.149,Simulated
ICP000061-202603,ICP000061,2026-03,2026-03-01,2026-03-31,31,124.982,261.876,225.357,129.7,9.09,751.005,Simulated
ICP000061-202604,ICP000061,2026-04,2026-04-01,2026-04-30,30,62.619,113.27,196.439,30.066,0.876,403.27,Simulated
ICP000061-202605,ICP000061,2026-05,2026-05-01,2026-05-31,31,241.512,78.923,154.348,59.46,105.964,640.207,Simulated
ICP000062-202602,ICP000062,2026-02,2026-02-01,2026-02-28,28,146.6,175.754,162.401,106.751,34.958,626.464,Simulated
ICP000062-202603,ICP000062,2026-03,2026-03-01,2026-03-31,31,93.043,108.969,132.604,102.601,14.753,451.97,Simulated
ICP000062-202604,ICP000062,2026-04,2026-04-01,2026-04-30,30,72.204,198.749,152.324,35.677,36.077,495.031,Simulated
ICP000062-202605,ICP000062,2026-05,2026-05-01,2026-05-31,31,137.686,183.566,215.311,58.183,11.317,606.063,Simulated
ICP000063-202602,ICP000063,2026-02,2026-02-01,2026-02-28,28,155.189,59.621,130.704,112.568,42.201,500.283,Simulated
ICP000063-202603,ICP000063,2026-03,2026-03-01,2026-03-31,31,229.446,389.749,373.745,512.984,299.001,1804.925,Simulated
ICP000063-202604,ICP000063,2026-04,2026-04-01,2026-04-30,30,210.605,204.024,486.511,192.014,55.235,1148.389,Simulated
ICP000063-202605,ICP000063,2026-05,2026-05-01,2026-05-31,31,207.41,272.324,323.017,119.589,139.283,1061.623,Simulated
ICP000064-202602,ICP000064,2026-02,2026-02-01,2026-02-28,28,129.11,138.573,100.553,99.682,14.089,482.007,Simulated
ICP000064-202603,ICP000064,2026-03,2026-03-01,2026-03-31,31,229.302,116.238,80.7,171.983,2.124,600.347,Simulated
ICP000064-202604,ICP000064,2026-04,2026-04-01,2026-04-30,30,201.411,132.236,196.241,103.753,71.091,704.732,Simulated
ICP000064-202605,ICP000064,2026-05,2026-05-01,2026-05-31,31,108.485,59.047,214.439,58.856,17.182,458.009,Simulated
ICP000065-202602,ICP000065,2026-02,2026-02-01,2026-02-28,28,254.356,124.417,122.477,142.126,4.516,647.892,Simulated
ICP000065-202603,ICP000065,2026-03,2026-03-01,2026-03-31,31,253.209,57.549,206.533,93.065,21.97,632.326,Simulated
ICP000065-202604,ICP000065,2026-04,2026-04-01,2026-04-30,30,250.123,90.973,92.193,79.064,4.282,516.635,Simulated
ICP000065-202605,ICP000065,2026-05,2026-05-01,2026-05-31,31,167.167,269.799,201.926,64.835,3.281,707.008,Simulated
ICP000066-202602,ICP000066,2026-02,2026-02-01,2026-02-28,28,214.223,118.268,261.746,297.627,33.487,925.351,Simulated
ICP000066-202603,ICP000066,2026-03,2026-03-01,2026-03-31,31,389.331,270.674,224.566,42.806,21.653,949.03,Simulated
ICP000066-202604,ICP000066,2026-04,2026-04-01,2026-04-30,30,163.649,194.289,248.539,526.844,49.519,1182.84,Simulated
ICP000066-202605,ICP000066,2026-05,2026-05-01,2026-05-31,31,448.834,236.738,226.482,162.304,11.682,1086.04,Simulated
ICP000067-202602,ICP000067,2026-02,2026-02-01,2026-02-28,28,197.202,83.582,142.962,106.212,11.631,541.589,Simulated
ICP000067-202603,ICP000067,2026-03,2026-03-01,2026-03-31,31,67.268,103.027,49.015,161.707,82.404,463.421,Simulated
ICP000067-202604,ICP000067,2026-04,2026-04-01,2026-04-30,30,245.934,110.027,160.734,116.209,6.063,638.967,Simulated
ICP000067-202605,ICP000067,2026-05,2026-05-01,2026-05-31,31,325.142,99.449,211.308,132.595,26.04,794.534,Simulated
ICP000068-202602,ICP000068,2026-02,2026-02-01,2026-02-28,28,52.567,61.123,61.456,48.07,9.649,232.865,Simulated
ICP000068-202603,ICP000068,2026-03,2026-03-01,2026-03-31,31,133.213,49.118,142.043,73.249,9.282,406.905,Simulated
ICP000068-202604,ICP000068,2026-04,2026-04-01,2026-04-30,30,176.785,129.648,96.74,28.956,37.217,469.346,Simulated
ICP000068-202605,ICP000068,2026-05,2026-05-01,2026-05-31,31,251.98,87.607,63.287,120.454,50.508,573.836,Simulated
ICP000069-202602,ICP000069,2026-02,2026-02-01,2026-02-28,28,116.456,178.434,82.028,51.035,9.624,437.577,Simulated
ICP000069-202603,ICP000069,2026-03,2026-03-01,2026-03-31,31,134.044,213.521,87.963,65.5,23.097,524.125,Simulated
ICP000069-202604,ICP000069,2026-04,2026-04-01,2026-04-30,30,105.729,177.83,65.419,49.154,23.69,421.822,Simulated
ICP000069-202605,ICP000069,2026-05,2026-05-01,2026-05-31,31,97.616,49.485,143.828,73.879,46.269,411.077,Simulated
ICP000070-202602,ICP000070,2026-02,2026-02-01,2026-02-28,28,177.031,142.123,141.462,45.134,57.953,563.703,Simulated
ICP000070-202603,ICP000070,2026-03,2026-03-01,2026-03-31,31,99.511,179.982,131.401,114.894,1.812,527.6,Simulated
ICP000070-202604,ICP000070,2026-04,2026-04-01,2026-04-30,30,148.937,166.605,147.112,126.205,12.707,601.566,Simulated
ICP000070-202605,ICP000070,2026-05,2026-05-01,2026-05-31,31,147.518,50.851,92.607,37.893,16.814,345.683,Simulated
ICP000071-202602,ICP000071,2026-02,2026-02-01,2026-02-28,28,259.332,101.935,219.856,81.905,9.087,672.115,Simulated
ICP000071-202603,ICP000071,2026-03,2026-03-01,2026-03-31,31,202.04,100.991,175.094,89.206,11.664,578.995,Simulated
ICP000071-202604,ICP000071,2026-04,2026-04-01,2026-04-30,30,132.223,110.611,99.427,25.481,18.269,386.011,Simulated
ICP000071-202605,ICP000071,2026-05,2026-05-01,2026-05-31,31,253.62,84.383,118.14,44.755,175.501,676.399,Simulated
ICP000072-202602,ICP000072,2026-02,2026-02-01,2026-02-28,28,148.657,214.066,253.76,177.275,8.729,802.487,Simulated
ICP000072-202603,ICP000072,2026-03,2026-03-01,2026-03-31,31,88.669,81.777,188.061,97.935,26.822,483.264,Simulated
ICP000072-202604,ICP000072,2026-04,2026-04-01,2026-04-30,30,402.94,76.765,184.141,84.242,76.652,824.74,Simulated
ICP000072-202605,ICP000072,2026-05,2026-05-01,2026-05-31,31,232.406,361.24,403.383,342.176,15.356,1354.561,Simulated
ICP000073-202602,ICP000073,2026-02,2026-02-01,2026-02-28,28,238.828,77.237,242.1,134.878,26.361,719.404,Simulated
ICP000073-202603,ICP000073,2026-03,2026-03-01,2026-03-31,31,253.752,143.342,150.455,68.081,22.908,638.538,Simulated
ICP000073-202604,ICP000073,2026-04,2026-04-01,2026-04-30,30,246.653,98.775,296.096,187.754,48.277,877.555,Simulated
ICP000073-202605,ICP000073,2026-05,2026-05-01,2026-05-31,31,548.876,96.999,321.0,198.404,75.7,1240.979,Simulated
ICP000074-202602,ICP000074,2026-02,2026-02-01,2026-02-28,28,159.032,219.856,171.689,65.943,86.001,702.521,Simulated
ICP000074-202603,ICP000074,2026-03,2026-03-01,2026-03-31,31,172.963,101.931,106.207,38.405,5.292,424.798,Simulated
ICP000074-202604,ICP000074,2026-04,2026-04-01,2026-04-30,30,107.702,129.147,121.559,117.105,22.104,497.617,Simulated
ICP000074-202605,ICP000074,2026-05,2026-05-01,2026-05-31,31,114.839,273.64,182.805,138.12,42.165,751.569,Simulated
ICP000075-202602,ICP000075,2026-02,2026-02-01,2026-02-28,28,184.997,43.271,206.755,54.781,59.319,549.123,Simulated
ICP000075-202603,ICP000075,2026-03,2026-03-01,2026-03-31,31,182.304,33.606,156.419,79.782,11.298,463.409,Simulated
ICP000075-202604,ICP000075,2026-04,2026-04-01,2026-04-30,30,150.38,107.083,109.081,35.732,82.324,484.6,Simulated
ICP000075-202605,ICP000075,2026-05,2026-05-01,2026-05-31,31,223.923,62.159,218.344,234.475,8.939,747.84,Simulated
ICP000076-202602,ICP000076,2026-02,2026-02-01,2026-02-28,28,383.57,175.733,352.8,107.845,82.374,1102.322,Simulated
ICP000076-202603,ICP000076,2026-03,2026-03-01,2026-03-31,31,141.985,66.561,295.447,86.464,107.447,697.904,Simulated
ICP000076-202604,ICP000076,2026-04,2026-04-01,2026-04-30,30,180.764,153.145,140.375,66.111,2.261,542.656,Simulated
ICP000076-202605,ICP000076,2026-05,2026-05-01,2026-05-31,31,309.097,221.778,164.305,75.757,11.744,782.681,Simulated
ICP000077-202602,ICP000077,2026-02,2026-02-01,2026-02-28,28,191.816,86.087,178.775,81.608,9.567,547.853,Simulated
ICP000077-202603,ICP000077,2026-03,2026-03-01,2026-03-31,31,197.382,198.516,64.928,96.257,16.456,573.539,Simulated
ICP000077-202604,ICP000077,2026-04,2026-04-01,2026-04-30,30,201.256,114.621,100.871,72.053,14.434,503.235,Simulated
ICP000077-202605,ICP000077,2026-05,2026-05-01,2026-05-31,31,177.562,198.788,143.848,117.499,41.105,678.802,Simulated
ICP000078-202602,ICP000078,2026-02,2026-02-01,2026-02-28,28,104.374,69.869,211.001,53.26,15.655,454.159,Simulated
ICP000078-202603,ICP000078,2026-03,2026-03-01,2026-03-31,31,72.734,219.252,97.298,80.134,55.435,524.853,Simulated
ICP000078-202604,ICP000078,2026-04,2026-04-01,2026-04-30,30,152.096,138.642,224.875,127.249,0.117,642.979,Simulated
ICP000078-202605,ICP000078,2026-05,2026-05-01,2026-05-31,31,157.985,241.766,204.177,78.345,13.035,695.308,Simulated
ICP000079-202602,ICP000079,2026-02,2026-02-01,2026-02-28,28,78.508,87.398,52.397,169.357,53.962,441.622,Simulated
ICP000079-202603,ICP000079,2026-03,2026-03-01,2026-03-31,31,87.377,88.606,69.497,158.183,80.646,484.309,Simulated
ICP000079-202604,ICP000079,2026-04,2026-04-01,2026-04-30,30,240.764,90.952,130.883,93.325,8.394,564.318,Simulated
ICP000079-202605,ICP000079,2026-05,2026-05-01,2026-05-31,31,126.598,251.72,71.265,183.748,7.003,640.334,Simulated
ICP000080-202602,ICP000080,2026-02,2026-02-01,2026-02-28,28,188.015,92.354,162.489,233.57,26.515,702.943,Simulated
ICP000080-202603,ICP000080,2026-03,2026-03-01,2026-03-31,31,66.151,93.748,84.388,36.439,27.462,308.188,Simulated
ICP000080-202604,ICP000080,2026-04,2026-04-01,2026-04-30,30,181.858,64.778,117.426,83.881,12.089,460.032,Simulated
ICP000080-202605,ICP000080,2026-05,2026-05-01,2026-05-31,31,209.154,131.213,84.668,118.743,120.237,664.015,Simulated
ICP000081-202602,ICP000081,2026-02,2026-02-01,2026-02-28,28,285.123,344.971,210.042,142.481,5.792,988.409,Simulated
ICP000081-202603,ICP000081,2026-03,2026-03-01,2026-03-31,31,498.726,101.173,157.693,132.081,41.833,931.506,Simulated
ICP000081-202604,ICP000081,2026-04,2026-04-01,2026-04-30,30,101.85,227.082,190.095,85.178,90.95,695.155,Simulated
ICP000081-202605,ICP000081,2026-05,2026-05-01,2026-05-31,31,335.001,188.521,226.487,148.383,311.222,1209.614,Simulated
ICP000082-202602,ICP000082,2026-02,2026-02-01,2026-02-28,28,291.719,175.507,279.519,128.152,149.986,1024.883,Simulated
ICP000082-202603,ICP000082,2026-03,2026-03-01,2026-03-31,31,283.645,100.018,190.074,75.084,29.802,678.623,Simulated
ICP000082-202604,ICP000082,2026-04,2026-04-01,2026-04-30,30,138.272,37.949,114.908,63.676,36.224,391.029,Simulated
ICP000082-202605,ICP000082,2026-05,2026-05-01,2026-05-31,31,78.085,137.039,151.548,142.63,75.93,585.232,Simulated
ICP000083-202602,ICP000083,2026-02,2026-02-01,2026-02-28,28,153.252,71.865,139.911,55.802,29.438,450.268,Simulated
ICP000083-202603,ICP000083,2026-03,2026-03-01,2026-03-31,31,95.303,42.664,76.639,83.9,21.617,320.123,Simulated
ICP000083-202604,ICP000083,2026-04,2026-04-01,2026-04-30,30,309.208,132.203,186.467,116.327,21.76,765.965,Simulated
ICP000083-202605,ICP000083,2026-05,2026-05-01,2026-05-31,31,251.782,182.423,375.639,102.875,8.377,921.096,Simulated
ICP000084-202602,ICP000084,2026-02,2026-02-01,2026-02-28,28,237.135,202.881,264.209,41.654,27.365,773.244,Simulated
ICP000084-202603,ICP000084,2026-03,2026-03-01,2026-03-31,31,186.632,88.213,292.18,115.225,4.059,686.309,Simulated
ICP000084-202604,ICP000084,2026-04,2026-04-01,2026-04-30,30,159.827,44.346,117.551,55.684,44.809,422.217,Simulated
ICP000084-202605,ICP000084,2026-05,2026-05-01,2026-05-31,31,322.631,129.827,150.041,78.606,73.432,754.537,Simulated
ICP000085-202602,ICP000085,2026-02,2026-02-01,2026-02-28,28,240.672,24.846,331.877,54.286,8.891,660.572,Simulated
ICP000085-202603,ICP000085,2026-03,2026-03-01,2026-03-31,31,126.931,79.198,69.718,40.372,13.406,329.625,Simulated
ICP000085-202604,ICP000085,2026-04,2026-04-01,2026-04-30,30,106.487,401.952,242.843,86.569,9.177,847.028,Simulated
ICP000085-202605,ICP000085,2026-05,2026-05-01,2026-05-31,31,137.936,95.853,186.434,46.225,5.434,471.882,Simulated
ICP000086-202602,ICP000086,2026-02,2026-02-01,2026-02-28,28,130.496,72.736,86.684,30.982,9.938,330.836,Simulated
ICP000086-202603,ICP000086,2026-03,2026-03-01,2026-03-31,31,91.477,239.103,111.969,134.632,54.741,631.922,Simulated
ICP000086-202604,ICP000086,2026-04,2026-04-01,2026-04-30,30,127.852,59.825,144.536,99.287,23.672,455.172,Simulated
ICP000086-202605,ICP000086,2026-05,2026-05-01,2026-05-31,31,105.591,100.076,88.808,59.24,18.887,372.602,Simulated
ICP000087-202602,ICP000087,2026-02,2026-02-01,2026-02-28,28,240.803,90.942,118.019,59.152,8.359,517.275,Simulated
ICP000087-202603,ICP000087,2026-03,2026-03-01,2026-03-31,31,413.48,93.745,157.858,82.229,23.743,771.055,Simulated
ICP000087-202604,ICP000087,2026-04,2026-04-01,2026-04-30,30,93.757,156.661,207.39,113.055,10.879,581.742,Simulated
ICP000087-202605,ICP000087,2026-05,2026-05-01,2026-05-31,31,125.438,238.836,229.201,82.195,55.252,730.922,Simulated
ICP000088-202602,ICP000088,2026-02,2026-02-01,2026-02-28,28,97.551,55.975,188.68,38.888,2.225,383.319,Simulated
ICP000088-202603,ICP000088,2026-03,2026-03-01,2026-03-31,31,114.951,52.172,260.66,38.628,42.884,509.295,Simulated
ICP000088-202604,ICP000088,2026-04,2026-04-01,2026-04-30,30,101.91,217.385,178.607,115.474,15.435,628.811,Simulated
ICP000088-202605,ICP000088,2026-05,2026-05-01,2026-05-31,31,170.445,80.906,90.344,108.079,120.929,570.703,Simulated
ICP000089-202602,ICP000089,2026-02,2026-02-01,2026-02-28,28,127.533,117.208,261.87,95.342,42.196,644.149,Simulated
ICP000089-202603,ICP000089,2026-03,2026-03-01,2026-03-31,31,208.336,124.576,119.501,85.845,5.394,543.652,Simulated
ICP000089-202604,ICP000089,2026-04,2026-04-01,2026-04-30,30,176.593,62.415,132.635,106.037,3.861,481.541,Simulated
ICP000089-202605,ICP000089,2026-05,2026-05-01,2026-05-31,31,123.903,157.318,308.319,81.734,82.162,753.436,Simulated
ICP000090-202602,ICP000090,2026-02,2026-02-01,2026-02-28,28,106.299,110.14,151.945,89.935,24.742,483.061,Simulated
ICP000090-202603,ICP000090,2026-03,2026-03-01,2026-03-31,31,184.673,115.116,204.034,193.87,6.414,704.107,Simulated
ICP000090-202604,ICP000090,2026-04,2026-04-01,2026-04-30,30,144.733,64.355,170.388,163.575,21.461,564.512,Simulated
ICP000090-202605,ICP000090,2026-05,2026-05-01,2026-05-31,31,137.716,127.626,161.831,135.713,88.812,651.698,Simulated
ICP000091-202602,ICP000091,2026-02,2026-02-01,2026-02-28,28,212.18,35.417,137.975,50.035,19.137,454.744,Simulated
ICP000091-202603,ICP000091,2026-03,2026-03-01,2026-03-31,31,202.064,79.494,104.092,78.951,66.265,530.866,Simulated
ICP000091-202604,ICP000091,2026-04,2026-04-01,2026-04-30,30,197.954,72.557,151.953,125.219,1.208,548.891,Simulated
ICP000091-202605,ICP000091,2026-05,2026-05-01,2026-05-31,31,234.533,172.583,318.107,171.604,11.377,908.204,Simulated
ICP000092-202602,ICP000092,2026-02,2026-02-01,2026-02-28,28,110.636,70.055,127.128,69.519,49.696,427.034,Simulated
ICP000092-202603,ICP000092,2026-03,2026-03-01,2026-03-31,31,272.676,129.515,93.268,38.219,21.251,554.929,Simulated
ICP000092-202604,ICP000092,2026-04,2026-04-01,2026-04-30,30,266.769,143.247,115.684,146.973,48.224,720.897,Simulated
ICP000092-202605,ICP000092,2026-05,2026-05-01,2026-05-31,31,181.579,161.171,182.023,73.19,36.034,633.997,Simulated
ICP000093-202602,ICP000093,2026-02,2026-02-01,2026-02-28,28,171.161,95.076,121.339,73.873,11.036,472.485,Simulated
ICP000093-202603,ICP000093,2026-03,2026-03-01,2026-03-31,31,105.659,77.511,60.543,49.906,15.384,309.003,Simulated
ICP000093-202604,ICP000093,2026-04,2026-04-01,2026-04-30,30,78.397,81.39,190.528,154.351,0.197,504.863,Simulated
ICP000093-202605,ICP000093,2026-05,2026-05-01,2026-05-31,31,135.979,242.548,366.328,150.706,1.991,897.552,Simulated
ICP000094-202602,ICP000094,2026-02,2026-02-01,2026-02-28,28,135.644,77.465,286.78,98.179,31.214,629.282,Simulated
ICP000094-202603,ICP000094,2026-03,2026-03-01,2026-03-31,31,168.744,125.276,68.203,102.612,76.29,541.125,Simulated
ICP000094-202604,ICP000094,2026-04,2026-04-01,2026-04-30,30,166.294,86.313,129.495,63.795,8.868,454.765,Simulated
ICP000094-202605,ICP000094,2026-05,2026-05-01,2026-05-31,31,120.918,119.105,445.329,180.496,19.043,884.891,Simulated
ICP000095-202602,ICP000095,2026-02,2026-02-01,2026-02-28,28,126.671,125.355,165.621,67.679,8.775,494.101,Simulated
ICP000095-202603,ICP000095,2026-03,2026-03-01,2026-03-31,31,95.565,271.995,239.287,155.831,30.664,793.342,Simulated
ICP000095-202604,ICP000095,2026-04,2026-04-01,2026-04-30,30,85.63,227.988,102.351,139.883,11.527,567.379,Simulated
ICP000095-202605,ICP000095,2026-05,2026-05-01,2026-05-31,31,114.893,71.372,87.646,106.635,5.83,386.376,Simulated
ICP000096-202602,ICP000096,2026-02,2026-02-01,2026-02-28,28,131.914,81.376,276.414,97.476,31.055,618.235,Simulated
ICP000096-202603,ICP000096,2026-03,2026-03-01,2026-03-31,31,261.586,86.511,338.614,100.91,21.89,809.511,Simulated
ICP000096-202604,ICP000096,2026-04,2026-04-01,2026-04-30,30,132.203,97.46,118.857,116.711,18.364,483.595,Simulated
ICP000096-202605,ICP000096,2026-05,2026-05-01,2026-05-31,31,290.19,285.051,171.03,150.171,9.423,905.865,Simulated
ICP000097-202602,ICP000097,2026-02,2026-02-01,2026-02-28,28,145.209,137.236,36.123,131.347,25.489,475.404,Simulated
ICP000097-202603,ICP000097,2026-03,2026-03-01,2026-03-31,31,112.143,131.435,253.703,84.045,24.985,606.311,Simulated
ICP000097-202604,ICP000097,2026-04,2026-04-01,2026-04-30,30,295.84,60.778,232.262,206.627,13.503,809.01,Simulated
ICP000097-202605,ICP000097,2026-05,2026-05-01,2026-05-31,31,275.681,172.205,178.062,164.595,42.201,832.744,Simulated
ICP000098-202602,ICP000098,2026-02,2026-02-01,2026-02-28,28,153.656,155.446,215.428,171.015,38.571,734.116,Simulated
ICP000098-202603,ICP000098,2026-03,2026-03-01,2026-03-31,31,88.735,68.174,184.549,187.769,34.564,563.791,Simulated
ICP000098-202604,ICP000098,2026-04,2026-04-01,2026-04-30,30,107.279,95.256,127.027,95.708,13.055,438.325,Simulated
ICP000098-202605,ICP000098,2026-05,2026-05-01,2026-05-31,31,273.2,84.471,77.727,82.254,20.881,538.533,Simulated
ICP000099-202602,ICP000099,2026-02,2026-02-01,2026-02-28,28,107.91,148.353,164.446,58.833,5.146,484.688,Simulated
ICP000099-202603,ICP000099,2026-03,2026-03-01,2026-03-31,31,208.336,362.935,274.933,129.355,69.596,1045.155,Simulated
ICP000099-202604,ICP000099,2026-04,2026-04-01,2026-04-30,30,214.146,183.719,201.796,58.056,98.959,756.676,Simulated
ICP000099-202605,ICP000099,2026-05,2026-05-01,2026-05-31,31,173.861,211.943,237.767,105.578,110.732,839.881,Simulated
ICP000100-202602,ICP000100,2026-02,2026-02-01,2026-02-28,28,291.53,162.28,488.031,82.148,1.297,1025.286,Simulated
ICP000100-202603,ICP000100,2026-03,2026-03-01,2026-03-31,31,461.392,117.877,222.933,155.703,2.362,960.267,Simulated
ICP000100-202604,ICP000100,2026-04,2026-04-01,2026-04-30,30,190.853,158.863,298.652,203.672,42.535,894.575,Simulated
ICP000100-202605,ICP000100,2026-05,2026-05-01,2026-05-31,31,259.631,156.501,256.121,201.427,48.696,922.376,Simulated
ICP000101-202602,ICP000101,2026-02,2026-02-01,2026-02-28,28,259.161,115.536,228.101,103.82,50.472,757.09,Simulated
ICP000101-202603,ICP000101,2026-03,2026-03-01,2026-03-31,31,250.923,100.644,359.09,115.866,11.413,837.936,Simulated
ICP000101-202604,ICP000101,2026-04,2026-04-01,2026-04-30,30,236.854,208.11,272.261,322.051,22.691,1061.967,Simulated
ICP000101-202605,ICP000101,2026-05,2026-05-01,2026-05-31,31,292.106,33.679,96.445,88.612,3.508,514.35,Simulated
ICP000102-202602,ICP000102,2026-02,2026-02-01,2026-02-28,28,335.511,245.303,202.44,165.053,18.512,966.819,Simulated
ICP000102-202603,ICP000102,2026-03,2026-03-01,2026-03-31,31,287.599,207.268,134.831,340.7,55.307,1025.705,Simulated
ICP000102-202604,ICP000102,2026-04,2026-04-01,2026-04-30,30,483.868,88.986,151.39,165.048,58.327,947.619,Simulated
ICP000102-202605,ICP000102,2026-05,2026-05-01,2026-05-31,31,444.366,364.909,469.335,81.09,98.844,1458.544,Simulated
ICP000103-202602,ICP000103,2026-02,2026-02-01,2026-02-28,28,512.978,277.983,234.372,130.281,62.571,1218.185,Simulated
ICP000103-202603,ICP000103,2026-03,2026-03-01,2026-03-31,31,287.736,122.1,270.048,94.77,24.688,799.342,Simulated
ICP000103-202604,ICP000103,2026-04,2026-04-01,2026-04-30,30,285.481,295.53,95.609,93.674,14.62,784.914,Simulated
ICP000103-202605,ICP000103,2026-05,2026-05-01,2026-05-31,31,384.782,163.347,143.036,299.713,50.516,1041.394,Simulated
ICP000104-202602,ICP000104,2026-02,2026-02-01,2026-02-28,28,231.621,248.154,307.355,171.539,15.559,974.228,Simulated
ICP000104-202603,ICP000104,2026-03,2026-03-01,2026-03-31,31,183.326,116.992,168.272,87.297,18.314,574.201,Simulated
ICP000104-202604,ICP000104,2026-04,2026-04-01,2026-04-30,30,251.495,78.957,363.122,116.137,31.225,840.936,Simulated
ICP000104-202605,ICP000104,2026-05,2026-05-01,2026-05-31,31,160.929,168.044,208.036,118.939,22.589,678.537,Simulated
ICP000105-202602,ICP000105,2026-02,2026-02-01,2026-02-28,28,225.02,62.943,228.663,96.582,15.219,628.427,Simulated
ICP000105-202603,ICP000105,2026-03,2026-03-01,2026-03-31,31,126.567,75.708,274.66,53.378,27.278,557.591,Simulated
ICP000105-202604,ICP000105,2026-04,2026-04-01,2026-04-30,30,116.94,381.955,167.904,78.015,0.75,745.564,Simulated
ICP000105-202605,ICP000105,2026-05,2026-05-01,2026-05-31,31,96.168,444.952,232.425,138.179,25.755,937.479,Simulated
ICP000106-202602,ICP000106,2026-02,2026-02-01,2026-02-28,28,170.818,56.017,66.503,133.302,33.369,460.009,Simulated
ICP000106-202603,ICP000106,2026-03,2026-03-01,2026-03-31,31,96.676,95.961,161.576,92.144,4.132,450.489,Simulated
ICP000106-202604,ICP000106,2026-04,2026-04-01,2026-04-30,30,154.291,111.385,114.565,186.968,20.456,587.665,Simulated
ICP000106-202605,ICP000106,2026-05,2026-05-01,2026-05-31,31,94.204,61.708,102.394,46.546,65.998,370.85,Simulated
ICP000107-202602,ICP000107,2026-02,2026-02-01,2026-02-28,28,199.413,79.557,189.11,31.733,5.682,505.495,Simulated
ICP000107-202603,ICP000107,2026-03,2026-03-01,2026-03-31,31,77.138,143.737,107.065,38.429,21.428,387.797,Simulated
ICP000107-202604,ICP000107,2026-04,2026-04-01,2026-04-30,30,172.07,76.058,165.456,66.289,5.288,485.161,Simulated
ICP000107-202605,ICP000107,2026-05,2026-05-01,2026-05-31,31,135.493,126.491,128.499,109.72,23.884,524.087,Simulated
ICP000108-202602,ICP000108,2026-02,2026-02-01,2026-02-28,28,72.054,101.792,136.293,137.381,39.164,486.684,Simulated
ICP000108-202603,ICP000108,2026-03,2026-03-01,2026-03-31,31,118.28,32.376,111.455,74.452,35.138,371.701,Simulated
ICP000108-202604,ICP000108,2026-04,2026-04-01,2026-04-30,30,83.751,61.124,202.538,80.584,18.212,446.209,Simulated
ICP000108-202605,ICP000108,2026-05,2026-05-01,2026-05-31,31,65.889,70.856,205.054,163.408,8.939,514.146,Simulated
ICP000109-202602,ICP000109,2026-02,2026-02-01,2026-02-28,28,563.956,138.205,326.014,103.344,41.748,1173.267,Simulated
ICP000109-202603,ICP000109,2026-03,2026-03-01,2026-03-31,31,159.985,82.093,87.253,92.296,9.944,431.571,Simulated
ICP000109-202604,ICP000109,2026-04,2026-04-01,2026-04-30,30,223.938,199.459,176.534,46.055,52.124,698.11,Simulated
ICP000109-202605,ICP000109,2026-05,2026-05-01,2026-05-31,31,175.498,151.079,283.127,81.237,10.252,701.193,Simulated
ICP000110-202602,ICP000110,2026-02,2026-02-01,2026-02-28,28,90.611,64.72,81.403,78.821,81.803,397.358,Simulated
ICP000110-202603,ICP000110,2026-03,2026-03-01,2026-03-31,31,169.116,83.585,179.608,171.211,14.855,618.375,Simulated
ICP000110-202604,ICP000110,2026-04,2026-04-01,2026-04-30,30,173.275,120.946,228.613,103.669,39.295,665.798,Simulated
ICP000110-202605,ICP000110,2026-05,2026-05-01,2026-05-31,31,199.169,84.917,105.374,179.66,13.891,583.011,Simulated
ICP000111-202602,ICP000111,2026-02,2026-02-01,2026-02-28,28,121.048,124.961,174.406,194.443,26.644,641.502,Simulated
ICP000111-202603,ICP000111,2026-03,2026-03-01,2026-03-31,31,78.551,120.1,80.848,41.945,12.44,333.884,Simulated
ICP000111-202604,ICP000111,2026-04,2026-04-01,2026-04-30,30,199.165,148.376,163.276,152.042,23.285,686.144,Simulated
ICP000111-202605,ICP000111,2026-05,2026-05-01,2026-05-31,31,205.317,265.914,83.843,123.7,37.116,715.89,Simulated
ICP000112-202602,ICP000112,2026-02,2026-02-01,2026-02-28,28,279.47,205.678,115.688,48.226,118.735,767.797,Simulated
ICP000112-202603,ICP000112,2026-03,2026-03-01,2026-03-31,31,215.313,204.84,177.667,62.988,32.433,693.241,Simulated
ICP000112-202604,ICP000112,2026-04,2026-04-01,2026-04-30,30,198.262,120.59,130.009,41.968,33.015,523.844,Simulated
ICP000112-202605,ICP000112,2026-05,2026-05-01,2026-05-31,31,292.891,189.634,128.071,97.153,6.582,714.331,Simulated
ICP000113-202602,ICP000113,2026-02,2026-02-01,2026-02-28,28,322.157,113.367,162.678,43.198,44.274,685.674,Simulated
ICP000113-202603,ICP000113,2026-03,2026-03-01,2026-03-31,31,125.222,102.011,83.468,124.329,11.823,446.853,Simulated
ICP000113-202604,ICP000113,2026-04,2026-04-01,2026-04-30,30,150.752,192.809,158.05,272.698,1.306,775.615,Simulated
ICP000113-202605,ICP000113,2026-05,2026-05-01,2026-05-31,31,241.143,168.82,283.118,92.561,18.43,804.072,Simulated
ICP000114-202602,ICP000114,2026-02,2026-02-01,2026-02-28,28,111.345,115.683,91.222,68.034,46.839,433.123,Simulated
ICP000114-202603,ICP000114,2026-03,2026-03-01,2026-03-31,31,158.065,133.391,174.962,184.876,1.301,652.595,Simulated
ICP000114-202604,ICP000114,2026-04,2026-04-01,2026-04-30,30,234.812,186.771,175.166,50.065,49.01,695.824,Simulated
ICP000114-202605,ICP000114,2026-05,2026-05-01,2026-05-31,31,237.926,183.917,155.251,74.859,68.148,720.101,Simulated
ICP000115-202602,ICP000115,2026-02,2026-02-01,2026-02-28,28,67.382,180.039,216.815,29.535,8.022,501.793,Simulated
ICP000115-202603,ICP000115,2026-03,2026-03-01,2026-03-31,31,238.388,91.287,101.617,191.172,30.806,653.27,Simulated
ICP000115-202604,ICP000115,2026-04,2026-04-01,2026-04-30,30,194.039,305.845,141.769,45.552,79.929,767.134,Simulated
ICP000115-202605,ICP000115,2026-05,2026-05-01,2026-05-31,31,76.022,148.991,314.816,108.808,18.367,667.004,Simulated
ICP000116-202602,ICP000116,2026-02,2026-02-01,2026-02-28,28,81.704,137.441,130.955,69.746,0.658,420.504,Simulated
ICP000116-202603,ICP000116,2026-03,2026-03-01,2026-03-31,31,188.446,62.491,93.334,136.544,13.141,493.956,Simulated
ICP000116-202604,ICP000116,2026-04,2026-04-01,2026-04-30,30,210.174,127.272,142.432,218.314,12.973,711.165,Simulated
ICP000116-202605,ICP000116,2026-05,2026-05-01,2026-05-31,31,113.832,95.721,261.491,84.549,17.294,572.887,Simulated
ICP000117-202602,ICP000117,2026-02,2026-02-01,2026-02-28,28,118.604,106.382,57.169,62.311,21.553,366.019,Simulated
ICP000117-202603,ICP000117,2026-03,2026-03-01,2026-03-31,31,262.16,84.821,157.892,40.162,40.227,585.262,Simulated
ICP000117-202604,ICP000117,2026-04,2026-04-01,2026-04-30,30,80.244,173.857,271.735,75.907,25.699,627.442,Simulated
ICP000117-202605,ICP000117,2026-05,2026-05-01,2026-05-31,31,224.347,66.696,101.749,32.397,4.96,430.149,Simulated
ICP000118-202602,ICP000118,2026-02,2026-02-01,2026-02-28,28,263.11,137.774,137.876,160.016,61.454,760.23,Simulated
ICP000118-202603,ICP000118,2026-03,2026-03-01,2026-03-31,31,457.304,288.938,338.748,124.713,6.103,1215.806,Simulated
ICP000118-202604,ICP000118,2026-04,2026-04-01,2026-04-30,30,120.619,138.946,199.177,195.605,2.778,657.125,Simulated
ICP000118-202605,ICP000118,2026-05,2026-05-01,2026-05-31,31,131.455,173.035,117.937,72.149,9.979,504.555,Simulated
ICP000119-202602,ICP000119,2026-02,2026-02-01,2026-02-28,28,127.872,75.143,107.439,72.273,11.242,393.969,Simulated
ICP000119-202603,ICP000119,2026-03,2026-03-01,2026-03-31,31,179.619,49.061,105.162,75.788,39.465,449.095,Simulated
ICP000119-202604,ICP000119,2026-04,2026-04-01,2026-04-30,30,189.147,171.974,223.877,152.168,41.18,778.346,Simulated
ICP000119-202605,ICP000119,2026-05,2026-05-01,2026-05-31,31,267.556,46.094,327.739,137.83,52.982,832.201,Simulated
ICP000120-202602,ICP000120,2026-02,2026-02-01,2026-02-28,28,213.332,93.1,228.411,68.826,13.355,617.024,Simulated
ICP000120-202603,ICP000120,2026-03,2026-03-01,2026-03-31,31,258.615,179.363,164.222,44.281,56.127,702.608,Simulated
ICP000120-202604,ICP000120,2026-04,2026-04-01,2026-04-30,30,148.874,176.496,267.569,315.856,21.84,930.635,Simulated
ICP000120-202605,ICP000120,2026-05,2026-05-01,2026-05-31,31,271.51,157.379,300.341,252.235,75.342,1056.807,Simulated
ICP000121-202602,ICP000121,2026-02,2026-02-01,2026-02-28,28,198.361,99.126,167.122,64.528,77.487,606.624,Simulated
ICP000121-202603,ICP000121,2026-03,2026-03-01,2026-03-31,31,115.579,162.035,137.898,98.96,19.361,533.833,Simulated
ICP000121-202604,ICP000121,2026-04,2026-04-01,2026-04-30,30,174.142,77.423,199.974,109.312,15.664,576.515,Simulated
ICP000121-202605,ICP000121,2026-05,2026-05-01,2026-05-31,31,226.784,60.756,164.981,193.421,14.61,660.552,Simulated
ICP000122-202602,ICP000122,2026-02,2026-02-01,2026-02-28,28,83.303,124.277,78.28,53.769,52.293,391.922,Simulated
ICP000122-202603,ICP000122,2026-03,2026-03-01,2026-03-31,31,169.501,42.116,111.85,24.415,18.393,366.275,Simulated
ICP000122-202604,ICP000122,2026-04,2026-04-01,2026-04-30,30,198.242,142.925,60.918,158.582,17.861,578.528,Simulated
ICP000122-202605,ICP000122,2026-05,2026-05-01,2026-05-31,31,101.294,128.088,145.991,78.149,3.35,456.872,Simulated
ICP000123-202602,ICP000123,2026-02,2026-02-01,2026-02-28,28,311.122,329.331,208.311,377.649,23.057,1249.47,Simulated
ICP000123-202603,ICP000123,2026-03,2026-03-01,2026-03-31,31,215.708,205.937,76.242,195.815,41.592,735.294,Simulated
ICP000123-202604,ICP000123,2026-04,2026-04-01,2026-04-30,30,167.835,315.579,332.386,430.21,9.465,1255.475,Simulated
ICP000123-202605,ICP000123,2026-05,2026-05-01,2026-05-31,31,256.148,165.202,247.814,248.289,16.73,934.183,Simulated
ICP000124-202602,ICP000124,2026-02,2026-02-01,2026-02-28,28,147.852,58.846,298.316,139.425,27.545,671.984,Simulated
ICP000124-202603,ICP000124,2026-03,2026-03-01,2026-03-31,31,80.616,145.177,118.67,148.283,63.917,556.663,Simulated
ICP000124-202604,ICP000124,2026-04,2026-04-01,2026-04-30,30,165.215,58.854,74.314,86.145,1.02,385.548,Simulated
ICP000124-202605,ICP000124,2026-05,2026-05-01,2026-05-31,31,146.45,201.175,96.331,188.757,4.848,637.561,Simulated
ICP000125-202602,ICP000125,2026-02,2026-02-01,2026-02-28,28,119.565,127.263,107.304,74.571,0.447,429.15,Simulated
ICP000125-202603,ICP000125,2026-03,2026-03-01,2026-03-31,31,121.702,101.261,147.262,30.771,12.267,413.263,Simulated
ICP000125-202604,ICP000125,2026-04,2026-04-01,2026-04-30,30,119.394,76.687,175.787,118.104,45.38,535.352,Simulated
ICP000125-202605,ICP000125,2026-05,2026-05-01,2026-05-31,31,235.955,320.869,238.296,195.662,4.331,995.113,Simulated
ICP000126-202602,ICP000126,2026-02,2026-02-01,2026-02-28,28,250.691,80.515,117.502,138.389,14.422,601.519,Simulated
ICP000126-202603,ICP000126,2026-03,2026-03-01,2026-03-31,31,153.302,83.152,61.046,126.228,4.179,427.907,Simulated
ICP000126-202604,ICP000126,2026-04,2026-04-01,2026-04-30,30,289.356,179.751,142.929,52.925,49.521,714.482,Simulated
ICP000126-202605,ICP000126,2026-05,2026-05-01,2026-05-31,31,224.939,186.195,270.1,16.704,28.268,726.206,Simulated
ICP000127-202602,ICP000127,2026-02,2026-02-01,2026-02-28,28,413.881,77.407,117.505,90.845,12.979,712.617,Simulated
ICP000127-202603,ICP000127,2026-03,2026-03-01,2026-03-31,31,253.879,309.921,223.211,89.736,14.794,891.541,Simulated
ICP000127-202604,ICP000127,2026-04,2026-04-01,2026-04-30,30,200.954,177.06,49.605,73.623,20.149,521.391,Simulated
ICP000127-202605,ICP000127,2026-05,2026-05-01,2026-05-31,31,141.835,195.241,354.573,176.774,156.773,1025.196,Simulated
ICP000128-202602,ICP000128,2026-02,2026-02-01,2026-02-28,28,170.298,115.959,204.56,76.471,0.27,567.558,Simulated
ICP000128-202603,ICP000128,2026-03,2026-03-01,2026-03-31,31,75.498,74.215,170.459,63.536,13.669,397.377,Simulated
ICP000128-202604,ICP000128,2026-04,2026-04-01,2026-04-30,30,74.67,55.545,170.946,39.144,19.074,359.379,Simulated
ICP000128-202605,ICP000128,2026-05,2026-05-01,2026-05-31,31,86.369,141.11,164.157,86.829,36.945,515.41,Simulated
ICP000129-202602,ICP000129,2026-02,2026-02-01,2026-02-28,28,84.178,72.902,207.248,65.388,41.054,470.77,Simulated
ICP000129-202603,ICP000129,2026-03,2026-03-01,2026-03-31,31,135.263,149.743,222.632,53.207,5.255,566.1,Simulated
ICP000129-202604,ICP000129,2026-04,2026-04-01,2026-04-30,30,255.64,145.061,77.362,31.594,9.095,518.752,Simulated
ICP000129-202605,ICP000129,2026-05,2026-05-01,2026-05-31,31,133.199,49.222,219.148,147.975,52.234,601.778,Simulated
ICP000130-202602,ICP000130,2026-02,2026-02-01,2026-02-28,28,139.308,410.435,190.9,117.298,59.593,917.534,Simulated
ICP000130-202603,ICP000130,2026-03,2026-03-01,2026-03-31,31,621.134,90.386,226.744,223.57,19.258,1181.092,Simulated
ICP000130-202604,ICP000130,2026-04,2026-04-01,2026-04-30,30,282.382,72.997,261.737,107.761,3.15,728.027,Simulated
ICP000130-202605,ICP000130,2026-05,2026-05-01,2026-05-31,31,205.99,279.448,210.051,26.91,19.75,742.149,Simulated
ICP000131-202602,ICP000131,2026-02,2026-02-01,2026-02-28,28,244.859,246.471,113.457,35.039,148.988,788.814,Simulated
ICP000131-202603,ICP000131,2026-03,2026-03-01,2026-03-31,31,177.483,197.025,194.647,66.389,4.133,639.677,Simulated
ICP000131-202604,ICP000131,2026-04,2026-04-01,2026-04-30,30,180.194,235.878,385.283,195.646,8.271,1005.272,Simulated
ICP000131-202605,ICP000131,2026-05,2026-05-01,2026-05-31,31,174.702,232.741,178.451,100.681,2.197,688.772,Simulated
ICP000132-202602,ICP000132,2026-02,2026-02-01,2026-02-28,28,126.313,105.911,124.571,60.619,9.13,426.544,Simulated
ICP000132-202603,ICP000132,2026-03,2026-03-01,2026-03-31,31,267.526,74.671,259.636,152.352,16.288,770.473,Simulated
ICP000132-202604,ICP000132,2026-04,2026-04-01,2026-04-30,30,159.687,203.701,215.071,159.045,100.349,837.853,Simulated
ICP000132-202605,ICP000132,2026-05,2026-05-01,2026-05-31,31,134.51,53.502,129.204,87.757,31.192,436.165,Simulated
ICP000133-202602,ICP000133,2026-02,2026-02-01,2026-02-28,28,185.685,121.718,93.312,145.268,10.449,556.432,Simulated
ICP000133-202603,ICP000133,2026-03,2026-03-01,2026-03-31,31,135.828,129.757,197.041,41.08,2.219,505.925,Simulated
ICP000133-202604,ICP000133,2026-04,2026-04-01,2026-04-30,30,334.922,115.354,171.992,48.512,11.351,682.131,Simulated
ICP000133-202605,ICP000133,2026-05,2026-05-01,2026-05-31,31,326.994,74.372,96.224,84.123,46.551,628.264,Simulated
ICP000134-202602,ICP000134,2026-02,2026-02-01,2026-02-28,28,93.738,102.048,202.76,38.137,25.568,462.251,Simulated
ICP000134-202603,ICP000134,2026-03,2026-03-01,2026-03-31,31,227.72,109.405,238.725,55.09,0.832,631.772,Simulated
ICP000134-202604,ICP000134,2026-04,2026-04-01,2026-04-30,30,118.018,120.716,160.523,92.224,34.445,525.926,Simulated
ICP000134-202605,ICP000134,2026-05,2026-05-01,2026-05-31,31,189.121,137.195,160.954,114.967,22.737,624.974,Simulated
ICP000135-202602,ICP000135,2026-02,2026-02-01,2026-02-28,28,100.945,98.53,247.85,102.713,36.434,586.472,Simulated
ICP000135-202603,ICP000135,2026-03,2026-03-01,2026-03-31,31,324.44,207.965,291.782,188.607,16.782,1029.576,Simulated
ICP000135-202604,ICP000135,2026-04,2026-04-01,2026-04-30,30,219.567,225.617,319.731,233.426,68.91,1067.251,Simulated
ICP000135-202605,ICP000135,2026-05,2026-05-01,2026-05-31,31,204.179,290.352,741.566,223.178,65.009,1524.284,Simulated
ICP000136-202602,ICP000136,2026-02,2026-02-01,2026-02-28,28,118.294,66.956,180.652,58.958,23.95,448.81,Simulated
ICP000136-202603,ICP000136,2026-03,2026-03-01,2026-03-31,31,175.593,83.567,60.698,47.383,4.892,372.133,Simulated
ICP000136-202604,ICP000136,2026-04,2026-04-01,2026-04-30,30,83.71,86.654,55.179,187.763,3.288,416.594,Simulated
ICP000136-202605,ICP000136,2026-05,2026-05-01,2026-05-31,31,244.641,191.102,191.605,110.549,27.038,764.935,Simulated
ICP000137-202602,ICP000137,2026-02,2026-02-01,2026-02-28,28,149.191,90.094,144.871,139.893,4.196,528.245,Simulated
ICP000137-202603,ICP000137,2026-03,2026-03-01,2026-03-31,31,110.707,63.493,84.821,37.581,12.874,309.476,Simulated
ICP000137-202604,ICP000137,2026-04,2026-04-01,2026-04-30,30,191.341,213.778,244.204,137.973,3.749,791.045,Simulated
ICP000137-202605,ICP000137,2026-05,2026-05-01,2026-05-31,31,102.049,71.146,124.373,169.642,94.133,561.343,Simulated
ICP000138-202602,ICP000138,2026-02,2026-02-01,2026-02-28,28,239.49,94.841,158.078,114.199,15.957,622.565,Simulated
ICP000138-202603,ICP000138,2026-03,2026-03-01,2026-03-31,31,141.132,111.173,83.779,43.466,17.322,396.872,Simulated
ICP000138-202604,ICP000138,2026-04,2026-04-01,2026-04-30,30,95.633,147.242,85.866,83.218,91.086,503.045,Simulated
ICP000138-202605,ICP000138,2026-05,2026-05-01,2026-05-31,31,176.792,98.44,138.532,106.001,22.095,541.86,Simulated
ICP000139-202602,ICP000139,2026-02,2026-02-01,2026-02-28,28,79.51,175.572,169.614,56.522,18.715,499.933,Simulated
ICP000139-202603,ICP000139,2026-03,2026-03-01,2026-03-31,31,149.462,202.511,186.546,111.642,0.583,650.744,Simulated
ICP000139-202604,ICP000139,2026-04,2026-04-01,2026-04-30,30,112.675,161.774,103.741,46.392,15.337,439.919,Simulated
ICP000139-202605,ICP000139,2026-05,2026-05-01,2026-05-31,31,67.444,120.257,209.464,51.642,7.591,456.398,Simulated
ICP000140-202602,ICP000140,2026-02,2026-02-01,2026-02-28,28,257.655,185.621,190.796,85.688,66.234,785.994,Simulated
ICP000140-202603,ICP000140,2026-03,2026-03-01,2026-03-31,31,265.045,162.875,94.881,19.096,49.331,591.228,Simulated
ICP000140-202604,ICP000140,2026-04,2026-04-01,2026-04-30,30,220.499,137.764,253.9,50.053,41.196,703.412,Simulated
ICP000140-202605,ICP000140,2026-05,2026-05-01,2026-05-31,31,148.891,218.554,152.097,124.472,46.877,690.891,Simulated
ICP000141-202602,ICP000141,2026-02,2026-02-01,2026-02-28,28,196.251,94.153,84.824,178.557,6.92,560.705,Simulated
ICP000141-202603,ICP000141,2026-03,2026-03-01,2026-03-31,31,133.208,211.6,281.458,188.028,9.446,823.74,Simulated
ICP000141-202604,ICP000141,2026-04,2026-04-01,2026-04-30,30,155.719,51.717,85.274,44.938,52.921,390.569,Simulated
ICP000141-202605,ICP000141,2026-05,2026-05-01,2026-05-31,31,196.273,138.285,61.451,38.06,3.437,437.506,Simulated
ICP000142-202602,ICP000142,2026-02,2026-02-01,2026-02-28,28,193.022,144.047,140.374,61.979,17.455,556.877,Simulated
ICP000142-202603,ICP000142,2026-03,2026-03-01,2026-03-31,31,193.654,125.814,88.778,85.534,15.024,508.804,Simulated
ICP000142-202604,ICP000142,2026-04,2026-04-01,2026-04-30,30,295.106,40.295,80.324,54.609,3.008,473.342,Simulated
ICP000142-202605,ICP000142,2026-05,2026-05-01,2026-05-31,31,137.251,76.738,137.145,121.244,98.324,570.702,Simulated
ICP000143-202602,ICP000143,2026-02,2026-02-01,2026-02-28,28,72.359,68.477,123.128,97.044,1.851,362.859,Simulated
ICP000143-202603,ICP000143,2026-03,2026-03-01,2026-03-31,31,166.345,223.2,129.868,48.116,2.037,569.566,Simulated
ICP000143-202604,ICP000143,2026-04,2026-04-01,2026-04-30,30,185.379,114.004,165.254,127.177,56.657,648.471,Simulated
ICP000143-202605,ICP000143,2026-05,2026-05-01,2026-05-31,31,207.398,109.642,63.95,74.957,1.861,457.808,Simulated
ICP000144-202602,ICP000144,2026-02,2026-02-01,2026-02-28,28,166.363,226.697,210.112,197.275,32.427,832.874,Simulated
ICP000144-202603,ICP000144,2026-03,2026-03-01,2026-03-31,31,227.523,320.811,314.32,153.161,50.025,1065.84,Simulated
ICP000144-202604,ICP000144,2026-04,2026-04-01,2026-04-30,30,412.72,250.7,309.419,373.494,38.222,1384.555,Simulated
ICP000144-202605,ICP000144,2026-05,2026-05-01,2026-05-31,31,125.696,224.943,555.844,151.475,21.82,1079.778,Simulated
ICP000145-202602,ICP000145,2026-02,2026-02-01,2026-02-28,28,143.835,179.612,90.194,53.603,38.628,505.872,Simulated
ICP000145-202603,ICP000145,2026-03,2026-03-01,2026-03-31,31,178.796,42.363,95.975,129.021,27.768,473.923,Simulated
ICP000145-202604,ICP000145,2026-04,2026-04-01,2026-04-30,30,195.74,53.518,85.83,31.433,12.051,378.572,Simulated
ICP000145-202605,ICP000145,2026-05,2026-05-01,2026-05-31,31,119.267,63.948,181.302,89.893,54.771,509.181,Simulated
ICP000146-202602,ICP000146,2026-02,2026-02-01,2026-02-28,28,239.623,66.935,131.969,59.115,18.377,516.019,Simulated
ICP000146-202603,ICP000146,2026-03,2026-03-01,2026-03-31,31,94.17,75.06,130.055,144.636,11.908,455.829,Simulated
ICP000146-202604,ICP000146,2026-04,2026-04-01,2026-04-30,30,357.68,185.412,218.738,123.739,20.881,906.45,Simulated
ICP000146-202605,ICP000146,2026-05,2026-05-01,2026-05-31,31,143.094,102.476,153.584,198.224,70.667,668.045,Simulated
ICP000147-202602,ICP000147,2026-02,2026-02-01,2026-02-28,28,163.541,142.597,275.527,354.93,50.062,986.657,Simulated
ICP000147-202603,ICP000147,2026-03,2026-03-01,2026-03-31,31,153.984,220.029,525.209,152.062,24.074,1075.358,Simulated
ICP000147-202604,ICP000147,2026-04,2026-04-01,2026-04-30,30,239.608,32.806,140.497,126.428,30.905,570.244,Simulated
ICP000147-202605,ICP000147,2026-05,2026-05-01,2026-05-31,31,275.627,74.518,325.598,158.746,31.554,866.043,Simulated
ICP000148-202602,ICP000148,2026-02,2026-02-01,2026-02-28,28,39.744,118.869,78.966,66.498,35.28,339.357,Simulated
ICP000148-202603,ICP000148,2026-03,2026-03-01,2026-03-31,31,145.576,151.946,263.318,188.419,8.901,758.16,Simulated
ICP000148-202604,ICP000148,2026-04,2026-04-01,2026-04-30,30,161.227,171.303,121.734,47.089,119.516,620.869,Simulated
ICP000148-202605,ICP000148,2026-05,2026-05-01,2026-05-31,31,101.731,49.861,90.365,72.751,15.409,330.117,Simulated
ICP000149-202602,ICP000149,2026-02,2026-02-01,2026-02-28,28,246.402,86.042,187.709,43.161,9.494,572.808,Simulated
ICP000149-202603,ICP000149,2026-03,2026-03-01,2026-03-31,31,87.773,42.207,135.246,92.611,25.585,383.422,Simulated
ICP000149-202604,ICP000149,2026-04,2026-04-01,2026-04-30,30,95.256,110.679,130.819,89.356,14.309,440.419,Simulated
ICP000149-202605,ICP000149,2026-05,2026-05-01,2026-05-31,31,140.247,179.639,97.942,92.63,18.724,529.182,Simulated
ICP000150-202602,ICP000150,2026-02,2026-02-01,2026-02-28,28,182.535,145.354,155.924,78.027,1.361,563.201,Simulated
ICP000150-202603,ICP000150,2026-03,2026-03-01,2026-03-31,31,26.893,53.964,116.229,57.058,59.173,313.317,Simulated
ICP000150-202604,ICP000150,2026-04,2026-04-01,2026-04-30,30,104.245,70.36,54.207,51.32,3.648,283.78,Simulated
ICP000150-202605,ICP000150,2026-05,2026-05-01,2026-05-31,31,103.806,194.165,305.552,56.915,16.217,676.655,Simulated
ICP000151-202602,ICP000151,2026-02,2026-02-01,2026-02-28,28,145.595,176.072,160.887,126.619,5.449,614.622,Simulated
ICP000151-202603,ICP000151,2026-03,2026-03-01,2026-03-31,31,291.822,187.918,165.728,124.438,48.7,818.606,Simulated
ICP000151-202604,ICP000151,2026-04,2026-04-01,2026-04-30,30,330.639,352.142,280.53,91.488,40.121,1094.92,Simulated
ICP000151-202605,ICP000151,2026-05,2026-05-01,2026-05-31,31,584.387,272.023,200.748,212.329,97.892,1367.379,Simulated
ICP000152-202602,ICP000152,2026-02,2026-02-01,2026-02-28,28,254.924,125.808,64.913,104.98,1.0,551.625,Simulated
ICP000152-202603,ICP000152,2026-03,2026-03-01,2026-03-31,31,172.892,60.737,83.026,18.697,2.509,337.861,Simulated
ICP000152-202604,ICP000152,2026-04,2026-04-01,2026-04-30,30,46.843,86.316,111.587,82.052,7.409,334.207,Simulated
ICP000152-202605,ICP000152,2026-05,2026-05-01,2026-05-31,31,274.194,100.123,215.656,104.977,3.607,698.557,Simulated
ICP000153-202602,ICP000153,2026-02,2026-02-01,2026-02-28,28,113.976,74.911,104.6,70.358,32.62,396.465,Simulated
ICP000153-202603,ICP000153,2026-03,2026-03-01,2026-03-31,31,98.339,336.095,84.747,77.534,13.344,610.059,Simulated
ICP000153-202604,ICP000153,2026-04,2026-04-01,2026-04-30,30,167.829,128.96,59.641,64.664,18.23,439.324,Simulated
ICP000153-202605,ICP000153,2026-05,2026-05-01,2026-05-31,31,258.447,70.688,111.371,110.037,4.98,555.523,Simulated
ICP000154-202602,ICP000154,2026-02,2026-02-01,2026-02-28,28,188.024,164.319,152.306,114.074,4.653,623.376,Simulated
ICP000154-202603,ICP000154,2026-03,2026-03-01,2026-03-31,31,183.234,241.124,99.82,76.069,8.356,608.603,Simulated
ICP000154-202604,ICP000154,2026-04,2026-04-01,2026-04-30,30,125.699,124.71,158.193,100.487,3.142,512.231,Simulated
ICP000154-202605,ICP000154,2026-05,2026-05-01,2026-05-31,31,66.33,120.092,108.06,131.802,14.537,440.821,Simulated
ICP000155-202602,ICP000155,2026-02,2026-02-01,2026-02-28,28,245.457,76.128,217.132,146.45,63.916,749.083,Simulated
ICP000155-202603,ICP000155,2026-03,2026-03-01,2026-03-31,31,272.582,76.421,203.915,108.472,39.714,701.104,Simulated
ICP000155-202604,ICP000155,2026-04,2026-04-01,2026-04-30,30,186.684,340.819,222.064,212.637,16.127,978.331,Simulated
ICP000155-202605,ICP000155,2026-05,2026-05-01,2026-05-31,31,285.386,109.093,135.929,124.122,35.892,690.422,Simulated
ICP000156-202602,ICP000156,2026-02,2026-02-01,2026-02-28,28,145.076,155.952,142.061,87.454,50.958,581.501,Simulated
ICP000156-202603,ICP000156,2026-03,2026-03-01,2026-03-31,31,153.078,63.13,170.381,170.326,18.667,575.582,Simulated
ICP000156-202604,ICP000156,2026-04,2026-04-01,2026-04-30,30,306.643,98.216,206.447,149.482,12.669,773.457,Simulated
ICP000156-202605,ICP000156,2026-05,2026-05-01,2026-05-31,31,148.766,211.166,100.451,229.906,53.246,743.535,Simulated
ICP000157-202602,ICP000157,2026-02,2026-02-01,2026-02-28,28,150.476,184.731,107.468,142.842,4.412,589.929,Simulated
ICP000157-202603,ICP000157,2026-03,2026-03-01,2026-03-31,31,72.137,158.608,154.142,123.678,34.409,542.974,Simulated
ICP000157-202604,ICP000157,2026-04,2026-04-01,2026-04-30,30,195.527,40.556,69.181,70.373,17.981,393.618,Simulated
ICP000157-202605,ICP000157,2026-05,2026-05-01,2026-05-31,31,249.675,289.278,186.606,210.501,12.465,948.525,Simulated
ICP000158-202602,ICP000158,2026-02,2026-02-01,2026-02-28,28,214.037,214.805,97.372,87.762,42.351,656.327,Simulated
ICP000158-202603,ICP000158,2026-03,2026-03-01,2026-03-31,31,64.822,61.019,142.623,78.669,6.485,353.618,Simulated
ICP000158-202604,ICP000158,2026-04,2026-04-01,2026-04-30,30,96.139,39.486,47.282,61.672,48.566,293.145,Simulated
ICP000158-202605,ICP000158,2026-05,2026-05-01,2026-05-31,31,397.875,198.686,178.166,219.581,2.633,996.941,Simulated
ICP000159-202602,ICP000159,2026-02,2026-02-01,2026-02-28,28,350.193,143.251,191.681,15.926,8.834,709.885,Simulated
ICP000159-202603,ICP000159,2026-03,2026-03-01,2026-03-31,31,195.383,158.103,173.856,45.139,58.376,630.857,Simulated
ICP000159-202604,ICP000159,2026-04,2026-04-01,2026-04-30,30,146.953,177.264,107.99,122.359,8.511,563.077,Simulated
ICP000159-202605,ICP000159,2026-05,2026-05-01,2026-05-31,31,336.9,333.689,457.151,174.664,74.582,1376.986,Simulated
ICP000160-202602,ICP000160,2026-02,2026-02-01,2026-02-28,28,244.049,61.39,82.39,373.52,19.747,781.096,Simulated
ICP000160-202603,ICP000160,2026-03,2026-03-01,2026-03-31,31,251.358,84.492,78.913,59.926,18.879,493.568,Simulated
ICP000160-202604,ICP000160,2026-04,2026-04-01,2026-04-30,30,208.616,155.731,138.026,100.464,13.482,616.319,Simulated
ICP000160-202605,ICP000160,2026-05,2026-05-01,2026-05-31,31,356.639,239.178,180.099,125.113,47.327,948.356,Simulated
ICP000161-202602,ICP000161,2026-02,2026-02-01,2026-02-28,28,143.918,196.56,162.327,63.022,23.455,589.282,Simulated
ICP000161-202603,ICP000161,2026-03,2026-03-01,2026-03-31,31,63.19,149.485,98.007,50.84,30.746,392.268,Simulated
ICP000161-202604,ICP000161,2026-04,2026-04-01,2026-04-30,30,177.914,193.125,83.577,152.961,53.863,661.44,Simulated
ICP000161-202605,ICP000161,2026-05,2026-05-01,2026-05-31,31,83.109,36.454,148.694,99.328,18.741,386.326,Simulated
ICP000162-202602,ICP000162,2026-02,2026-02-01,2026-02-28,28,173.628,98.281,106.312,47.031,18.15,443.402,Simulated
ICP000162-202603,ICP000162,2026-03,2026-03-01,2026-03-31,31,45.281,79.992,60.25,82.076,22.275,289.874,Simulated
ICP000162-202604,ICP000162,2026-04,2026-04-01,2026-04-30,30,175.078,93.855,164.399,127.742,24.969,586.043,Simulated
ICP000162-202605,ICP000162,2026-05,2026-05-01,2026-05-31,31,109.168,68.105,315.98,74.558,42.63,610.441,Simulated
ICP000163-202602,ICP000163,2026-02,2026-02-01,2026-02-28,28,112.91,80.06,263.967,27.186,7.198,491.321,Simulated
ICP000163-202603,ICP000163,2026-03,2026-03-01,2026-03-31,31,176.602,74.423,40.638,59.975,59.612,411.25,Simulated
ICP000163-202604,ICP000163,2026-04,2026-04-01,2026-04-30,30,48.704,195.635,200.939,34.99,1.647,481.915,Simulated
ICP000163-202605,ICP000163,2026-05,2026-05-01,2026-05-31,31,143.461,84.41,94.84,160.178,24.585,507.474,Simulated
ICP000164-202602,ICP000164,2026-02,2026-02-01,2026-02-28,28,158.843,152.548,213.163,101.096,28.616,654.266,Simulated
ICP000164-202603,ICP000164,2026-03,2026-03-01,2026-03-31,31,253.673,169.556,218.94,209.385,26.024,877.578,Simulated
ICP000164-202604,ICP000164,2026-04,2026-04-01,2026-04-30,30,232.989,147.955,220.674,180.195,71.058,852.871,Simulated
ICP000164-202605,ICP000164,2026-05,2026-05-01,2026-05-31,31,271.591,365.629,245.26,172.749,231.085,1286.314,Simulated
ICP000165-202602,ICP000165,2026-02,2026-02-01,2026-02-28,28,273.63,179.93,203.484,43.227,12.111,712.382,Simulated
ICP000165-202603,ICP000165,2026-03,2026-03-01,2026-03-31,31,253.837,170.794,161.024,112.117,103.893,801.665,Simulated
ICP000165-202604,ICP000165,2026-04,2026-04-01,2026-04-30,30,306.298,365.736,398.313,124.558,58.116,1253.021,Simulated
ICP000165-202605,ICP000165,2026-05,2026-05-01,2026-05-31,31,126.6,283.089,181.448,206.822,14.004,811.963,Simulated
ICP000166-202602,ICP000166,2026-02,2026-02-01,2026-02-28,28,68.832,96.619,39.226,30.672,1.106,236.455,Simulated
ICP000166-202603,ICP000166,2026-03,2026-03-01,2026-03-31,31,135.979,103.938,243.746,150.634,18.659,652.956,Simulated
ICP000166-202604,ICP000166,2026-04,2026-04-01,2026-04-30,30,144.09,262.535,119.985,27.585,45.174,599.369,Simulated
ICP000166-202605,ICP000166,2026-05,2026-05-01,2026-05-31,31,136.878,305.111,218.246,74.417,13.381,748.033,Simulated
ICP000167-202602,ICP000167,2026-02,2026-02-01,2026-02-28,28,162.831,269.9,124.707,141.671,10.136,709.245,Simulated
ICP000167-202603,ICP000167,2026-03,2026-03-01,2026-03-31,31,126.105,353.814,172.947,270.229,57.618,980.713,Simulated
ICP000167-202604,ICP000167,2026-04,2026-04-01,2026-04-30,30,133.112,104.896,294.848,188.958,56.362,778.176,Simulated
ICP000167-202605,ICP000167,2026-05,2026-05-01,2026-05-31,31,478.391,496.343,298.21,80.689,82.68,1436.313,Simulated
ICP000168-202602,ICP000168,2026-02,2026-02-01,2026-02-28,28,98.138,89.743,37.813,55.802,36.595,318.091,Simulated
ICP000168-202603,ICP000168,2026-03,2026-03-01,2026-03-31,31,114.04,59.968,44.716,73.655,18.599,310.978,Simulated
ICP000168-202604,ICP000168,2026-04,2026-04-01,2026-04-30,30,186.049,157.067,107.147,73.409,47.162,570.834,Simulated
ICP000168-202605,ICP000168,2026-05,2026-05-01,2026-05-31,31,139.859,150.575,88.224,79.656,70.901,529.215,Simulated
ICP000169-202602,ICP000169,2026-02,2026-02-01,2026-02-28,28,49.69,128.173,34.705,129.19,21.993,363.751,Simulated
ICP000169-202603,ICP000169,2026-03,2026-03-01,2026-03-31,31,110.163,21.462,108.025,140.762,22.394,402.806,Simulated
ICP000169-202604,ICP000169,2026-04,2026-04-01,2026-04-30,30,94.849,143.964,166.646,13.405,41.624,460.488,Simulated
ICP000169-202605,ICP000169,2026-05,2026-05-01,2026-05-31,31,116.689,59.003,249.831,58.494,71.408,555.425,Simulated
ICP000170-202602,ICP000170,2026-02,2026-02-01,2026-02-28,28,123.948,88.607,121.447,46.327,17.235,397.564,Simulated
ICP000170-202603,ICP000170,2026-03,2026-03-01,2026-03-31,31,133.613,60.466,69.143,68.92,7.307,339.449,Simulated
ICP000170-202604,ICP000170,2026-04,2026-04-01,2026-04-30,30,211.428,104.682,139.036,47.422,11.78,514.348,Simulated
ICP000170-202605,ICP000170,2026-05,2026-05-01,2026-05-31,31,272.6,120.501,42.761,78.149,30.217,544.228,Simulated
ICP000171-202602,ICP000171,2026-02,2026-02-01,2026-02-28,28,67.873,84.642,83.079,44.087,16.977,296.658,Simulated
ICP000171-202603,ICP000171,2026-03,2026-03-01,2026-03-31,31,116.859,427.152,150.353,173.765,8.282,876.411,Simulated
ICP000171-202604,ICP000171,2026-04,2026-04-01,2026-04-30,30,71.851,93.565,92.0,103.323,5.091,365.83,Simulated
ICP000171-202605,ICP000171,2026-05,2026-05-01,2026-05-31,31,177.467,51.819,144.946,30.376,74.976,479.584,Simulated
ICP000172-202602,ICP000172,2026-02,2026-02-01,2026-02-28,28,96.109,46.84,130.74,37.123,2.709,313.521,Simulated
ICP000172-202603,ICP000172,2026-03,2026-03-01,2026-03-31,31,194.148,153.594,150.362,121.353,3.642,623.099,Simulated
ICP000172-202604,ICP000172,2026-04,2026-04-01,2026-04-30,30,134.597,96.332,176.212,153.703,1.46,562.304,Simulated
ICP000172-202605,ICP000172,2026-05,2026-05-01,2026-05-31,31,214.454,71.787,82.517,38.132,0.86,407.75,Simulated
ICP000173-202602,ICP000173,2026-02,2026-02-01,2026-02-28,28,69.761,58.784,89.492,34.254,32.488,284.779,Simulated
ICP000173-202603,ICP000173,2026-03,2026-03-01,2026-03-31,31,127.289,154.811,167.945,30.2,3.172,483.417,Simulated
ICP000173-202604,ICP000173,2026-04,2026-04-01,2026-04-30,30,44.261,83.653,112.637,135.084,37.048,412.683,Simulated
ICP000173-202605,ICP000173,2026-05,2026-05-01,2026-05-31,31,208.113,109.621,152.751,91.964,17.276,579.725,Simulated
ICP000174-202602,ICP000174,2026-02,2026-02-01,2026-02-28,28,100.521,97.864,102.447,23.548,5.153,329.533,Simulated
ICP000174-202603,ICP000174,2026-03,2026-03-01,2026-03-31,31,111.22,90.229,95.916,37.145,6.384,340.894,Simulated
ICP000174-202604,ICP000174,2026-04,2026-04-01,2026-04-30,30,142.688,79.521,61.956,76.845,27.277,388.287,Simulated
ICP000174-202605,ICP000174,2026-05,2026-05-01,2026-05-31,31,271.23,129.688,217.001,60.934,20.622,699.475,Simulated
ICP000175-202602,ICP000175,2026-02,2026-02-01,2026-02-28,28,172.777,159.494,256.225,156.453,11.37,756.319,Simulated
ICP000175-202603,ICP000175,2026-03,2026-03-01,2026-03-31,31,149.655,148.883,254.496,206.547,9.127,768.708,Simulated
ICP000175-202604,ICP000175,2026-04,2026-04-01,2026-04-30,30,280.563,120.777,209.143,294.422,41.897,946.802,Simulated
ICP000175-202605,ICP000175,2026-05,2026-05-01,2026-05-31,31,320.275,382.859,352.778,249.29,35.641,1340.843,Simulated
ICP000176-202602,ICP000176,2026-02,2026-02-01,2026-02-28,28,76.054,101.617,142.125,41.201,0.885,361.882,Simulated
ICP000176-202603,ICP000176,2026-03,2026-03-01,2026-03-31,31,49.301,121.08,95.961,105.75,3.843,375.935,Simulated
ICP000176-202604,ICP000176,2026-04,2026-04-01,2026-04-30,30,182.606,121.845,219.711,50.013,28.84,603.015,Simulated
ICP000176-202605,ICP000176,2026-05,2026-05-01,2026-05-31,31,98.338,230.289,276.149,47.338,5.2,657.314,Simulated
ICP000177-202602,ICP000177,2026-02,2026-02-01,2026-02-28,28,156.187,250.125,161.874,165.353,6.428,739.967,Simulated
ICP000177-202603,ICP000177,2026-03,2026-03-01,2026-03-31,31,237.801,101.524,73.197,362.236,36.295,811.053,Simulated
ICP000177-202604,ICP000177,2026-04,2026-04-01,2026-04-30,30,373.322,196.171,600.539,200.26,1.5,1371.792,Simulated
ICP000177-202605,ICP000177,2026-05,2026-05-01,2026-05-31,31,135.779,267.72,98.231,162.476,71.395,735.601,Simulated
ICP000178-202602,ICP000178,2026-02,2026-02-01,2026-02-28,28,126.794,81.302,104.294,104.925,33.559,450.874,Simulated
ICP000178-202603,ICP000178,2026-03,2026-03-01,2026-03-31,31,137.902,98.868,76.061,73.187,2.755,388.773,Simulated
ICP000178-202604,ICP000178,2026-04,2026-04-01,2026-04-30,30,186.478,109.728,149.968,136.352,7.525,590.051,Simulated
ICP000178-202605,ICP000178,2026-05,2026-05-01,2026-05-31,31,280.563,134.001,184.776,135.517,57.82,792.677,Simulated
ICP000179-202602,ICP000179,2026-02,2026-02-01,2026-02-28,28,99.045,216.307,256.529,106.831,32.267,710.979,Simulated
ICP000179-202603,ICP000179,2026-03,2026-03-01,2026-03-31,31,112.317,111.663,197.645,10.07,52.24,483.935,Simulated
ICP000179-202604,ICP000179,2026-04,2026-04-01,2026-04-30,30,84.607,62.439,115.268,85.322,4.697,352.333,Simulated
ICP000179-202605,ICP000179,2026-05,2026-05-01,2026-05-31,31,133.585,115.685,254.498,116.804,12.095,632.667,Simulated
ICP000180-202602,ICP000180,2026-02,2026-02-01,2026-02-28,28,65.67,87.019,164.499,98.456,7.522,423.166,Simulated
ICP000180-202603,ICP000180,2026-03,2026-03-01,2026-03-31,31,120.795,107.612,145.444,116.33,28.555,518.736,Simulated
ICP000180-202604,ICP000180,2026-04,2026-04-01,2026-04-30,30,117.249,178.95,110.783,70.169,14.826,491.977,Simulated
ICP000180-202605,ICP000180,2026-05,2026-05-01,2026-05-31,31,236.004,142.223,83.948,19.624,8.4,490.199,Simulated
ICP000181-202602,ICP000181,2026-02,2026-02-01,2026-02-28,28,242.776,151.876,155.47,80.666,36.747,667.535,Simulated
ICP000181-202603,ICP000181,2026-03,2026-03-01,2026-03-31,31,253.828,288.193,194.294,189.057,9.957,935.329,Simulated
ICP000181-202604,ICP000181,2026-04,2026-04-01,2026-04-30,30,170.512,69.361,89.809,77.279,86.033,492.994,Simulated
ICP000181-202605,ICP000181,2026-05,2026-05-01,2026-05-31,31,84.182,160.699,250.763,28.58,12.051,536.275,Simulated
ICP000182-202602,ICP000182,2026-02,2026-02-01,2026-02-28,28,155.688,444.424,311.491,239.067,2.383,1153.053,Simulated
ICP000182-202603,ICP000182,2026-03,2026-03-01,2026-03-31,31,259.767,193.621,316.699,218.647,28.21,1016.944,Simulated
ICP000182-202604,ICP000182,2026-04,2026-04-01,2026-04-30,30,352.937,339.473,332.553,207.379,78.667,1311.009,Simulated
ICP000182-202605,ICP000182,2026-05,2026-05-01,2026-05-31,31,151.381,183.912,264.919,127.827,37.901,765.94,Simulated
ICP000183-202602,ICP000183,2026-02,2026-02-01,2026-02-28,28,122.409,111.483,125.885,142.088,28.171,530.036,Simulated
ICP000183-202603,ICP000183,2026-03,2026-03-01,2026-03-31,31,211.064,100.834,85.141,121.054,16.157,534.25,Simulated
ICP000183-202604,ICP000183,2026-04,2026-04-01,2026-04-30,30,390.851,277.058,191.277,75.981,41.263,976.43,Simulated
ICP000183-202605,ICP000183,2026-05,2026-05-01,2026-05-31,31,219.063,187.073,236.774,38.097,27.907,708.914,Simulated
ICP000184-202602,ICP000184,2026-02,2026-02-01,2026-02-28,28,255.73,97.478,118.503,28.816,25.205,525.732,Simulated
ICP000184-202603,ICP000184,2026-03,2026-03-01,2026-03-31,31,128.83,136.013,206.685,163.263,8.702,643.493,Simulated
ICP000184-202604,ICP000184,2026-04,2026-04-01,2026-04-30,30,117.792,190.621,147.495,152.231,19.551,627.69,Simulated
ICP000184-202605,ICP000184,2026-05,2026-05-01,2026-05-31,31,130.939,455.02,510.194,242.779,5.632,1344.564,Simulated
ICP000185-202602,ICP000185,2026-02,2026-02-01,2026-02-28,28,204.341,167.622,142.277,111.561,39.229,665.03,Simulated
ICP000185-202603,ICP000185,2026-03,2026-03-01,2026-03-31,31,100.4,86.468,168.122,36.861,6.569,398.42,Simulated
ICP000185-202604,ICP000185,2026-04,2026-04-01,2026-04-30,30,175.474,124.379,107.258,146.856,109.9,663.867,Simulated
ICP000185-202605,ICP000185,2026-05,2026-05-01,2026-05-31,31,82.553,164.585,166.812,184.454,0.283,598.687,Simulated
ICP000186-202602,ICP000186,2026-02,2026-02-01,2026-02-28,28,345.29,346.435,179.372,181.034,7.856,1059.987,Simulated
ICP000186-202603,ICP000186,2026-03,2026-03-01,2026-03-31,31,160.455,267.44,82.348,174.986,14.689,699.918,Simulated
ICP000186-202604,ICP000186,2026-04,2026-04-01,2026-04-30,30,292.199,118.426,407.326,247.171,57.807,1122.929,Simulated
ICP000186-202605,ICP000186,2026-05,2026-05-01,2026-05-31,31,338.523,326.835,296.823,153.371,147.142,1262.694,Simulated
ICP000187-202602,ICP000187,2026-02,2026-02-01,2026-02-28,28,222.831,129.133,115.433,35.689,31.355,534.441,Simulated
ICP000187-202603,ICP000187,2026-03,2026-03-01,2026-03-31,31,92.145,61.257,134.665,164.772,3.126,455.965,Simulated
ICP000187-202604,ICP000187,2026-04,2026-04-01,2026-04-30,30,158.057,209.577,93.827,267.702,13.629,742.792,Simulated
ICP000187-202605,ICP000187,2026-05,2026-05-01,2026-05-31,31,173.001,86.736,97.282,122.954,2.389,482.362,Simulated
ICP000188-202602,ICP000188,2026-02,2026-02-01,2026-02-28,28,117.182,93.857,38.458,71.472,22.21,343.179,Simulated
ICP000188-202603,ICP000188,2026-03,2026-03-01,2026-03-31,31,52.518,50.408,52.809,64.096,19.047,238.878,Simulated
ICP000188-202604,ICP000188,2026-04,2026-04-01,2026-04-30,30,307.32,246.033,101.809,170.506,18.33,843.998,Simulated
ICP000188-202605,ICP000188,2026-05,2026-05-01,2026-05-31,31,86.455,198.604,116.612,68.568,160.559,630.798,Simulated
ICP000189-202602,ICP000189,2026-02,2026-02-01,2026-02-28,28,153.349,159.83,88.261,246.008,86.54,733.988,Simulated
ICP000189-202603,ICP000189,2026-03,2026-03-01,2026-03-31,31,124.998,143.159,229.603,219.892,51.717,769.369,Simulated
ICP000189-202604,ICP000189,2026-04,2026-04-01,2026-04-30,30,224.417,331.872,176.776,86.586,11.076,830.727,Simulated
ICP000189-202605,ICP000189,2026-05,2026-05-01,2026-05-31,31,360.188,185.466,582.502,200.591,60.156,1388.903,Simulated
ICP000190-202602,ICP000190,2026-02,2026-02-01,2026-02-28,28,112.886,154.351,163.716,133.369,12.333,576.655,Simulated
ICP000190-202603,ICP000190,2026-03,2026-03-01,2026-03-31,31,162.234,104.441,117.052,42.095,11.308,437.13,Simulated
ICP000190-202604,ICP000190,2026-04,2026-04-01,2026-04-30,30,79.69,152.481,74.423,38.669,118.609,463.872,Simulated
ICP000190-202605,ICP000190,2026-05,2026-05-01,2026-05-31,31,94.71,122.735,303.875,44.58,45.415,611.315,Simulated
ICP000191-202602,ICP000191,2026-02,2026-02-01,2026-02-28,28,132.661,113.575,107.215,26.257,41.979,421.687,Simulated
ICP000191-202603,ICP000191,2026-03,2026-03-01,2026-03-31,31,113.185,103.302,105.583,106.714,10.433,439.217,Simulated
ICP000191-202604,ICP000191,2026-04,2026-04-01,2026-04-30,30,283.874,103.588,105.512,112.802,28.247,634.023,Simulated
ICP000191-202605,ICP000191,2026-05,2026-05-01,2026-05-31,31,264.971,98.045,134.202,137.203,10.648,645.069,Simulated
ICP000192-202602,ICP000192,2026-02,2026-02-01,2026-02-28,28,122.02,136.484,114.513,64.738,1.128,438.883,Simulated
ICP000192-202603,ICP000192,2026-03,2026-03-01,2026-03-31,31,192.407,106.714,173.505,33.448,18.865,524.939,Simulated
ICP000192-202604,ICP000192,2026-04,2026-04-01,2026-04-30,30,173.797,104.1,188.817,52.607,38.593,557.914,Simulated
ICP000192-202605,ICP000192,2026-05,2026-05-01,2026-05-31,31,263.953,221.076,227.482,139.08,24.374,875.965,Simulated
ICP000193-202602,ICP000193,2026-02,2026-02-01,2026-02-28,28,170.209,89.926,109.109,71.433,6.893,447.57,Simulated
ICP000193-202603,ICP000193,2026-03,2026-03-01,2026-03-31,31,99.746,166.677,161.689,48.716,15.161,491.989,Simulated
ICP000193-202604,ICP000193,2026-04,2026-04-01,2026-04-30,30,169.848,274.371,178.338,111.753,33.616,767.926,Simulated
ICP000193-202605,ICP000193,2026-05,2026-05-01,2026-05-31,31,246.235,133.341,226.111,98.999,35.818,740.504,Simulated
ICP000194-202602,ICP000194,2026-02,2026-02-01,2026-02-28,28,340.317,116.722,208.767,194.552,196.819,1057.177,Simulated
ICP000194-202603,ICP000194,2026-03,2026-03-01,2026-03-31,31,284.472,149.581,415.729,98.384,36.001,984.167,Simulated
ICP000194-202604,ICP000194,2026-04,2026-04-01,2026-04-30,30,180.758,197.487,62.383,111.864,36.157,588.649,Simulated
ICP000194-202605,ICP000194,2026-05,2026-05-01,2026-05-31,31,250.412,278.843,436.236,324.942,11.566,1301.999,Simulated
ICP000195-202602,ICP000195,2026-02,2026-02-01,2026-02-28,28,130.929,217.482,136.145,40.683,25.208,550.447,Simulated
ICP000195-202603,ICP000195,2026-03,2026-03-01,2026-03-31,31,63.581,133.488,122.736,30.402,34.751,384.958,Simulated
ICP000195-202604,ICP000195,2026-04,2026-04-01,2026-04-30,30,298.172,143.766,197.818,125.221,29.805,794.782,Simulated
ICP000195-202605,ICP000195,2026-05,2026-05-01,2026-05-31,31,82.92,300.099,102.962,191.591,50.529,728.101,Simulated
ICP000196-202602,ICP000196,2026-02,2026-02-01,2026-02-28,28,127.699,129.716,135.457,63.139,32.832,488.843,Simulated
ICP000196-202603,ICP000196,2026-03,2026-03-01,2026-03-31,31,156.336,65.127,99.685,109.978,9.341,440.467,Simulated
ICP000196-202604,ICP000196,2026-04,2026-04-01,2026-04-30,30,187.818,123.584,145.614,43.579,11.881,512.476,Simulated
ICP000196-202605,ICP000196,2026-05,2026-05-01,2026-05-31,31,164.279,67.535,57.905,11.601,3.101,304.421,Simulated
ICP000197-202602,ICP000197,2026-02,2026-02-01,2026-02-28,28,66.292,136.063,289.792,96.658,12.967,601.772,Simulated
ICP000197-202603,ICP000197,2026-03,2026-03-01,2026-03-31,31,146.225,110.335,137.369,145.169,0.215,539.313,Simulated
ICP000197-202604,ICP000197,2026-04,2026-04-01,2026-04-30,30,90.118,101.993,196.67,73.446,7.181,469.408,Simulated
ICP000197-202605,ICP000197,2026-05,2026-05-01,2026-05-31,31,137.791,77.511,210.225,82.78,6.754,515.061,Simulated
ICP000198-202602,ICP000198,2026-02,2026-02-01,2026-02-28,28,212.606,172.056,218.188,76.139,9.478,688.467,Simulated
ICP000198-202603,ICP000198,2026-03,2026-03-01,2026-03-31,31,125.816,71.103,118.644,46.071,14.954,376.588,Simulated
ICP000198-202604,ICP000198,2026-04,2026-04-01,2026-04-30,30,110.592,129.117,239.638,88.93,7.612,575.889,Simulated
ICP000198-202605,ICP000198,2026-05,2026-05-01,2026-05-31,31,132.432,61.345,49.27,35.103,13.297,291.447,Simulated
ICP000199-202602,ICP000199,2026-02,2026-02-01,2026-02-28,28,92.212,43.815,71.065,22.686,8.161,237.939,Simulated
ICP000199-202603,ICP000199,2026-03,2026-03-01,2026-03-31,31,105.045,59.949,172.68,124.15,15.64,477.464,Simulated
ICP000199-202604,ICP000199,2026-04,2026-04-01,2026-04-30,30,398.858,119.44,83.267,225.911,69.861,897.337,Simulated
ICP000199-202605,ICP000199,2026-05,2026-05-01,2026-05-31,31,250.381,160.227,219.986,175.536,22.176,828.306,Simulated
ICP000200-202602,ICP000200,2026-02,2026-02-01,2026-02-28,28,115.194,100.83,203.237,154.254,3.387,576.902,Simulated
ICP000200-202603,ICP000200,2026-03,2026-03-01,2026-03-31,31,90.926,123.127,93.839,15.847,17.063,340.802,Simulated
ICP000200-202604,ICP000200,2026-04,2026-04-01,2026-04-30,30,134.647,160.303,144.627,75.392,18.374,533.343,Simulated
ICP000200-202605,ICP000200,2026-05,2026-05-01,2026-05-31,31,166.347,102.579,108.853,232.754,17.122,627.655,Simulated
ICP000201-202602,ICP000201,2026-02,2026-02-01,2026-02-28,28,117.579,99.135,251.038,81.84,64.598,614.19,Simulated
ICP000201-202603,ICP000201,2026-03,2026-03-01,2026-03-31,31,215.53,96.009,58.016,28.641,39.036,437.232,Simulated
ICP000201-202604,ICP000201,2026-04,2026-04-01,2026-04-30,30,80.092,79.632,284.142,80.861,17.941,542.668,Simulated
ICP000201-202605,ICP000201,2026-05,2026-05-01,2026-05-31,31,189.593,64.488,145.372,74.313,6.662,480.428,Simulated
ICP000202-202602,ICP000202,2026-02,2026-02-01,2026-02-28,28,221.229,160.183,273.751,76.337,29.249,760.749,Simulated
ICP000202-202603,ICP000202,2026-03,2026-03-01,2026-03-31,31,429.98,117.634,237.95,84.382,16.574,886.52,Simulated
ICP000202-202604,ICP000202,2026-04,2026-04-01,2026-04-30,30,326.833,138.92,249.098,262.019,25.979,1002.849,Simulated
ICP000202-202605,ICP000202,2026-05,2026-05-01,2026-05-31,31,221.009,274.167,180.832,112.895,17.742,806.645,Simulated
ICP000203-202602,ICP000203,2026-02,2026-02-01,2026-02-28,28,150.115,131.183,162.014,46.381,3.717,493.41,Simulated
ICP000203-202603,ICP000203,2026-03,2026-03-01,2026-03-31,31,164.07,89.307,120.822,85.297,19.941,479.437,Simulated
ICP000203-202604,ICP000203,2026-04,2026-04-01,2026-04-30,30,114.375,98.451,69.99,58.691,1.065,342.572,Simulated
ICP000203-202605,ICP000203,2026-05,2026-05-01,2026-05-31,31,159.375,135.254,122.971,43.948,3.195,464.743,Simulated
ICP000204-202602,ICP000204,2026-02,2026-02-01,2026-02-28,28,258.879,180.152,185.163,5.651,60.721,690.566,Simulated
ICP000204-202603,ICP000204,2026-03,2026-03-01,2026-03-31,31,187.121,158.937,244.097,44.853,1.017,636.025,Simulated
ICP000204-202604,ICP000204,2026-04,2026-04-01,2026-04-30,30,364.72,219.657,125.777,382.813,17.428,1110.395,Simulated
ICP000204-202605,ICP000204,2026-05,2026-05-01,2026-05-31,31,181.706,243.947,271.276,77.19,5.112,779.231,Simulated
ICP000205-202602,ICP000205,2026-02,2026-02-01,2026-02-28,28,113.262,160.535,189.267,53.197,3.783,520.044,Simulated
ICP000205-202603,ICP000205,2026-03,2026-03-01,2026-03-31,31,85.096,100.407,90.562,156.395,72.953,505.413,Simulated
ICP000205-202604,ICP000205,2026-04,2026-04-01,2026-04-30,30,195.916,138.408,109.763,60.247,14.851,519.185,Simulated
ICP000205-202605,ICP000205,2026-05,2026-05-01,2026-05-31,31,267.122,162.914,165.152,198.765,19.615,813.568,Simulated
ICP000206-202602,ICP000206,2026-02,2026-02-01,2026-02-28,28,198.213,129.047,258.512,153.036,64.088,802.896,Simulated
ICP000206-202603,ICP000206,2026-03,2026-03-01,2026-03-31,31,375.895,202.274,281.516,95.854,13.022,968.561,Simulated
ICP000206-202604,ICP000206,2026-04,2026-04-01,2026-04-30,30,370.848,245.869,425.693,87.304,26.406,1156.12,Simulated
ICP000206-202605,ICP000206,2026-05,2026-05-01,2026-05-31,31,283.746,189.222,289.749,117.198,2.055,881.97,Simulated
ICP000207-202602,ICP000207,2026-02,2026-02-01,2026-02-28,28,180.005,180.887,71.774,41.77,9.773,484.209,Simulated
ICP000207-202603,ICP000207,2026-03,2026-03-01,2026-03-31,31,369.534,275.725,219.01,180.594,22.004,1066.867,Simulated
ICP000207-202604,ICP000207,2026-04,2026-04-01,2026-04-30,30,253.233,158.616,190.643,55.988,22.604,681.084,Simulated
ICP000207-202605,ICP000207,2026-05,2026-05-01,2026-05-31,31,105.562,137.915,306.29,176.03,41.865,767.662,Simulated
ICP000208-202602,ICP000208,2026-02,2026-02-01,2026-02-28,28,138.277,185.075,206.396,44.359,14.242,588.349,Simulated
ICP000208-202603,ICP000208,2026-03,2026-03-01,2026-03-31,31,206.264,71.768,147.115,141.88,17.981,585.008,Simulated
ICP000208-202604,ICP000208,2026-04,2026-04-01,2026-04-30,30,125.41,99.706,202.201,87.73,45.581,560.628,Simulated
ICP000208-202605,ICP000208,2026-05,2026-05-01,2026-05-31,31,371.045,225.653,295.831,99.594,3.074,995.197,Simulated
ICP000209-202602,ICP000209,2026-02,2026-02-01,2026-02-28,28,85.822,69.53,169.772,179.913,9.332,514.369,Simulated
ICP000209-202603,ICP000209,2026-03,2026-03-01,2026-03-31,31,154.508,83.569,156.858,54.043,8.915,457.893,Simulated
ICP000209-202604,ICP000209,2026-04,2026-04-01,2026-04-30,30,198.336,89.454,171.354,176.35,16.917,652.411,Simulated
ICP000209-202605,ICP000209,2026-05,2026-05-01,2026-05-31,31,81.672,77.857,143.302,131.759,12.999,447.589,Simulated
ICP000210-202602,ICP000210,2026-02,2026-02-01,2026-02-28,28,268.004,57.152,229.316,53.653,7.235,615.36,Simulated
ICP000210-202603,ICP000210,2026-03,2026-03-01,2026-03-31,31,122.165,173.255,63.852,74.042,40.31,473.624,Simulated
ICP000210-202604,ICP000210,2026-04,2026-04-01,2026-04-30,30,267.029,67.715,160.333,81.725,8.742,585.544,Simulated
ICP000210-202605,ICP000210,2026-05,2026-05-01,2026-05-31,31,223.157,125.958,119.968,132.317,8.704,610.104,Simulated
ICP000211-202602,ICP000211,2026-02,2026-02-01,2026-02-28,28,66.643,120.236,177.227,83.001,3.071,450.178,Simulated
ICP000211-202603,ICP000211,2026-03,2026-03-01,2026-03-31,31,141.849,68.478,328.906,106.749,7.295,653.277,Simulated
ICP000211-202604,ICP000211,2026-04,2026-04-01,2026-04-30,30,290.59,110.172,226.031,187.67,40.228,854.691,Simulated
ICP000211-202605,ICP000211,2026-05,2026-05-01,2026-05-31,31,89.943,167.298,355.28,82.27,30.735,725.526,Simulated
ICP000212-202602,ICP000212,2026-02,2026-02-01,2026-02-28,28,134.753,115.092,212.302,52.439,3.053,517.639,Simulated
ICP000212-202603,ICP000212,2026-03,2026-03-01,2026-03-31,31,141.716,110.132,125.487,40.009,9.017,426.361,Simulated
ICP000212-202604,ICP000212,2026-04,2026-04-01,2026-04-30,30,49.575,84.918,121.91,55.992,15.256,327.651,Simulated
ICP000212-202605,ICP000212,2026-05,2026-05-01,2026-05-31,31,143.028,208.843,238.367,60.567,27.322,678.127,Simulated
ICP000213-202602,ICP000213,2026-02,2026-02-01,2026-02-28,28,254.718,115.882,198.679,108.87,3.272,681.421,Simulated
ICP000213-202603,ICP000213,2026-03,2026-03-01,2026-03-31,31,237.365,92.182,173.143,105.139,18.709,626.538,Simulated
ICP000213-202604,ICP000213,2026-04,2026-04-01,2026-04-30,30,146.155,413.417,303.154,296.248,54.176,1213.15,Simulated
ICP000213-202605,ICP000213,2026-05,2026-05-01,2026-05-31,31,75.242,198.564,411.751,150.055,7.936,843.548,Simulated
ICP000214-202602,ICP000214,2026-02,2026-02-01,2026-02-28,28,115.806,44.655,103.626,9.206,44.679,317.972,Simulated
ICP000214-202603,ICP000214,2026-03,2026-03-01,2026-03-31,31,220.057,102.347,108.812,126.979,23.437,581.632,Simulated
ICP000214-202604,ICP000214,2026-04,2026-04-01,2026-04-30,30,209.865,87.15,276.408,29.56,0.307,603.29,Simulated
ICP000214-202605,ICP000214,2026-05,2026-05-01,2026-05-31,31,136.222,239.881,192.393,70.608,17.424,656.528,Simulated
ICP000215-202602,ICP000215,2026-02,2026-02-01,2026-02-28,28,89.841,198.816,159.042,60.644,26.879,535.222,Simulated
ICP000215-202603,ICP000215,2026-03,2026-03-01,2026-03-31,31,275.35,83.601,204.246,60.353,10.534,634.084,Simulated
ICP000215-202604,ICP000215,2026-04,2026-04-01,2026-04-30,30,196.32,148.898,137.225,104.084,27.049,613.576,Simulated
ICP000215-202605,ICP000215,2026-05,2026-05-01,2026-05-31,31,118.347,92.253,117.949,136.482,23.271,488.302,Simulated
ICP000216-202602,ICP000216,2026-02,2026-02-01,2026-02-28,28,165.082,185.567,152.778,67.136,34.728,605.291,Simulated
ICP000216-202603,ICP000216,2026-03,2026-03-01,2026-03-31,31,95.475,87.23,94.546,79.002,25.481,381.734,Simulated
ICP000216-202604,ICP000216,2026-04,2026-04-01,2026-04-30,30,124.934,163.268,111.545,29.516,1.196,430.459,Simulated
ICP000216-202605,ICP000216,2026-05,2026-05-01,2026-05-31,31,172.733,207.552,184.65,44.351,37.132,646.418,Simulated
ICP000217-202602,ICP000217,2026-02,2026-02-01,2026-02-28,28,308.402,68.986,148.869,77.727,7.548,611.532,Simulated
ICP000217-202603,ICP000217,2026-03,2026-03-01,2026-03-31,31,123.825,154.864,159.479,78.843,37.05,554.061,Simulated
ICP000217-202604,ICP000217,2026-04,2026-04-01,2026-04-30,30,103.772,295.481,69.893,47.528,0.883,517.557,Simulated
ICP000217-202605,ICP000217,2026-05,2026-05-01,2026-05-31,31,203.696,284.892,197.505,138.925,10.492,835.51,Simulated
ICP000218-202602,ICP000218,2026-02,2026-02-01,2026-02-28,28,141.59,38.526,103.162,42.329,2.81,328.417,Simulated
ICP000218-202603,ICP000218,2026-03,2026-03-01,2026-03-31,31,404.622,148.856,246.533,120.158,24.441,944.61,Simulated
ICP000218-202604,ICP000218,2026-04,2026-04-01,2026-04-30,30,81.587,165.782,125.31,58.227,37.192,468.098,Simulated
ICP000218-202605,ICP000218,2026-05,2026-05-01,2026-05-31,31,258.425,117.024,247.053,67.501,42.667,732.67,Simulated
ICP000219-202602,ICP000219,2026-02,2026-02-01,2026-02-28,28,161.11,82.068,211.553,80.091,32.388,567.21,Simulated
ICP000219-202603,ICP000219,2026-03,2026-03-01,2026-03-31,31,428.803,319.043,244.168,65.049,29.955,1087.018,Simulated
ICP000219-202604,ICP000219,2026-04,2026-04-01,2026-04-30,30,227.533,260.906,209.623,56.193,13.958,768.213,Simulated
ICP000219-202605,ICP000219,2026-05,2026-05-01,2026-05-31,31,157.255,373.696,279.465,72.408,120.066,1002.89,Simulated
ICP000220-202602,ICP000220,2026-02,2026-02-01,2026-02-28,28,205.675,54.379,107.912,86.223,4.609,458.798,Simulated
ICP000220-202603,ICP000220,2026-03,2026-03-01,2026-03-31,31,128.419,139.717,33.484,16.921,2.193,320.734,Simulated
ICP000220-202604,ICP000220,2026-04,2026-04-01,2026-04-30,30,140.545,202.692,236.838,53.808,11.385,645.268,Simulated
ICP000220-202605,ICP000220,2026-05,2026-05-01,2026-05-31,31,176.421,56.35,123.172,72.754,1.025,429.722,Simulated
ICP000221-202602,ICP000221,2026-02,2026-02-01,2026-02-28,28,324.058,258.247,124.542,81.94,2.508,791.295,Simulated
ICP000221-202603,ICP000221,2026-03,2026-03-01,2026-03-31,31,131.19,240.372,157.439,209.646,16.111,754.758,Simulated
ICP000221-202604,ICP000221,2026-04,2026-04-01,2026-04-30,30,250.996,159.669,368.102,125.271,32.515,936.553,Simulated
ICP000221-202605,ICP000221,2026-05,2026-05-01,2026-05-31,31,348.227,281.039,345.071,42.302,62.065,1078.704,Simulated
ICP000222-202602,ICP000222,2026-02,2026-02-01,2026-02-28,28,262.567,138.343,144.062,266.177,7.197,818.346,Simulated
ICP000222-202603,ICP000222,2026-03,2026-03-01,2026-03-31,31,203.725,79.321,160.77,32.813,16.018,492.647,Simulated
ICP000222-202604,ICP000222,2026-04,2026-04-01,2026-04-30,30,120.492,210.087,83.929,157.534,5.52,577.562,Simulated
ICP000222-202605,ICP000222,2026-05,2026-05-01,2026-05-31,31,129.318,182.363,182.861,82.707,54.446,631.695,Simulated
ICP000223-202602,ICP000223,2026-02,2026-02-01,2026-02-28,28,125.881,68.252,127.721,71.848,11.401,405.103,Simulated
ICP000223-202603,ICP000223,2026-03,2026-03-01,2026-03-31,31,192.69,36.87,110.664,34.264,40.055,414.543,Simulated
ICP000223-202604,ICP000223,2026-04,2026-04-01,2026-04-30,30,275.517,228.031,146.915,209.69,49.609,909.762,Simulated
ICP000223-202605,ICP000223,2026-05,2026-05-01,2026-05-31,31,341.833,173.969,245.911,215.538,0.907,978.158,Simulated
ICP000224-202602,ICP000224,2026-02,2026-02-01,2026-02-28,28,379.921,380.593,116.723,206.22,21.182,1104.639,Simulated
ICP000224-202603,ICP000224,2026-03,2026-03-01,2026-03-31,31,326.628,191.128,315.34,105.046,14.108,952.25,Simulated
ICP000224-202604,ICP000224,2026-04,2026-04-01,2026-04-30,30,148.11,200.815,168.892,141.199,74.851,733.867,Simulated
ICP000224-202605,ICP000224,2026-05,2026-05-01,2026-05-31,31,208.215,327.704,264.72,176.628,127.248,1104.515,Simulated
ICP000225-202602,ICP000225,2026-02,2026-02-01,2026-02-28,28,168.449,66.238,65.261,102.424,1.67,404.042,Simulated
ICP000225-202603,ICP000225,2026-03,2026-03-01,2026-03-31,31,187.859,73.57,181.023,93.898,41.955,578.305,Simulated
ICP000225-202604,ICP000225,2026-04,2026-04-01,2026-04-30,30,181.987,127.275,160.644,25.053,24.93,519.889,Simulated
ICP000225-202605,ICP000225,2026-05,2026-05-01,2026-05-31,31,104.743,73.347,310.306,44.38,22.0,554.776,Simulated
ICP000226-202602,ICP000226,2026-02,2026-02-01,2026-02-28,28,230.765,220.988,229.992,102.251,0.028,784.024,Simulated
ICP000226-202603,ICP000226,2026-03,2026-03-01,2026-03-31,31,153.462,112.048,136.177,65.007,17.125,483.819,Simulated
ICP000226-202604,ICP000226,2026-04,2026-04-01,2026-04-30,30,92.381,155.025,178.31,77.739,29.988,533.443,Simulated
ICP000226-202605,ICP000226,2026-05,2026-05-01,2026-05-31,31,230.338,124.047,242.586,67.324,18.227,682.522,Simulated
ICP000227-202602,ICP000227,2026-02,2026-02-01,2026-02-28,28,346.523,153.969,437.223,354.566,39.254,1331.535,Simulated
ICP000227-202603,ICP000227,2026-03,2026-03-01,2026-03-31,31,105.714,100.146,205.383,231.35,15.525,658.118,Simulated
ICP000227-202604,ICP000227,2026-04,2026-04-01,2026-04-30,30,113.799,269.354,134.063,187.668,6.845,711.729,Simulated
ICP000227-202605,ICP000227,2026-05,2026-05-01,2026-05-31,31,464.446,449.431,180.367,139.058,26.488,1259.79,Simulated
ICP000228-202602,ICP000228,2026-02,2026-02-01,2026-02-28,28,120.83,49.063,97.417,135.713,34.759,437.782,Simulated
ICP000228-202603,ICP000228,2026-03,2026-03-01,2026-03-31,31,126.803,58.132,162.803,94.387,1.368,443.493,Simulated
ICP000228-202604,ICP000228,2026-04,2026-04-01,2026-04-30,30,71.024,116.731,222.722,153.578,3.158,567.213,Simulated
ICP000228-202605,ICP000228,2026-05,2026-05-01,2026-05-31,31,92.914,149.925,136.765,45.118,30.537,455.259,Simulated
ICP000229-202602,ICP000229,2026-02,2026-02-01,2026-02-28,28,77.735,150.902,155.789,107.723,19.399,511.548,Simulated
ICP000229-202603,ICP000229,2026-03,2026-03-01,2026-03-31,31,181.069,42.694,88.307,103.018,5.913,421.001,Simulated
ICP000229-202604,ICP000229,2026-04,2026-04-01,2026-04-30,30,174.481,58.776,169.652,112.77,144.098,659.777,Simulated
ICP000229-202605,ICP000229,2026-05,2026-05-01,2026-05-31,31,189.701,108.957,131.102,42.834,40.208,512.802,Simulated
ICP000230-202602,ICP000230,2026-02,2026-02-01,2026-02-28,28,116.693,69.633,162.585,92.566,28.25,469.727,Simulated
ICP000230-202603,ICP000230,2026-03,2026-03-01,2026-03-31,31,93.081,82.532,203.792,33.21,52.527,465.142,Simulated
ICP000230-202604,ICP000230,2026-04,2026-04-01,2026-04-30,30,116.46,148.735,120.944,119.526,19.209,524.874,Simulated
ICP000230-202605,ICP000230,2026-05,2026-05-01,2026-05-31,31,217.754,112.498,154.678,96.857,2.615,584.402,Simulated
ICP000231-202602,ICP000231,2026-02,2026-02-01,2026-02-28,28,117.1,187.857,89.543,84.262,39.749,518.511,Simulated
ICP000231-202603,ICP000231,2026-03,2026-03-01,2026-03-31,31,117.087,107.866,70.467,78.746,13.443,387.609,Simulated
ICP000231-202604,ICP000231,2026-04,2026-04-01,2026-04-30,30,104.505,27.138,251.454,84.675,24.186,491.958,Simulated
ICP000231-202605,ICP000231,2026-05,2026-05-01,2026-05-31,31,255.875,122.658,96.138,85.384,37.053,597.108,Simulated
ICP000232-202602,ICP000232,2026-02,2026-02-01,2026-02-28,28,202.493,113.776,85.372,41.804,54.569,498.014,Simulated
ICP000232-202603,ICP000232,2026-03,2026-03-01,2026-03-31,31,92.144,41.286,198.317,45.697,9.346,386.79,Simulated
ICP000232-202604,ICP000232,2026-04,2026-04-01,2026-04-30,30,124.584,93.04,146.568,100.557,10.129,474.878,Simulated
ICP000232-202605,ICP000232,2026-05,2026-05-01,2026-05-31,31,282.26,245.053,233.112,100.467,42.885,903.777,Simulated
ICP000233-202602,ICP000233,2026-02,2026-02-01,2026-02-28,28,112.215,96.304,90.059,59.006,3.902,361.486,Simulated
ICP000233-202603,ICP000233,2026-03,2026-03-01,2026-03-31,31,482.824,71.672,90.407,121.353,111.665,877.921,Simulated
ICP000233-202604,ICP000233,2026-04,2026-04-01,2026-04-30,30,255.268,102.649,102.994,127.801,2.222,590.934,Simulated
ICP000233-202605,ICP000233,2026-05,2026-05-01,2026-05-31,31,117.339,77.172,188.017,30.188,10.65,423.366,Simulated
ICP000234-202602,ICP000234,2026-02,2026-02-01,2026-02-28,28,250.915,197.054,229.181,115.101,9.252,801.503,Simulated
ICP000234-202603,ICP000234,2026-03,2026-03-01,2026-03-31,31,62.565,197.284,573.749,129.349,5.965,968.912,Simulated
ICP000234-202604,ICP000234,2026-04,2026-04-01,2026-04-30,30,206.459,58.141,247.883,129.991,8.992,651.466,Simulated
ICP000234-202605,ICP000234,2026-05,2026-05-01,2026-05-31,31,660.468,240.527,239.971,46.823,10.716,1198.505,Simulated
ICP000235-202602,ICP000235,2026-02,2026-02-01,2026-02-28,28,108.92,37.793,158.53,103.703,12.214,421.16,Simulated
ICP000235-202603,ICP000235,2026-03,2026-03-01,2026-03-31,31,93.034,34.851,126.086,61.026,39.369,354.366,Simulated
ICP000235-202604,ICP000235,2026-04,2026-04-01,2026-04-30,30,96.323,135.107,174.284,70.957,17.032,493.703,Simulated
ICP000235-202605,ICP000235,2026-05,2026-05-01,2026-05-31,31,121.328,62.029,132.162,117.225,64.615,497.359,Simulated
ICP000236-202602,ICP000236,2026-02,2026-02-01,2026-02-28,28,234.054,109.346,199.528,259.017,109.646,911.591,Simulated
ICP000236-202603,ICP000236,2026-03,2026-03-01,2026-03-31,31,110.671,41.067,61.411,113.683,38.302,365.134,Simulated
ICP000236-202604,ICP000236,2026-04,2026-04-01,2026-04-30,30,199.117,111.247,83.763,70.033,50.786,514.946,Simulated
ICP000236-202605,ICP000236,2026-05,2026-05-01,2026-05-31,31,216.938,130.992,176.172,100.013,9.992,634.107,Simulated
ICP000237-202602,ICP000237,2026-02,2026-02-01,2026-02-28,28,138.303,75.406,94.423,42.779,43.278,394.189,Simulated
ICP000237-202603,ICP000237,2026-03,2026-03-01,2026-03-31,31,132.272,134.405,155.002,62.544,4.786,489.009,Simulated
ICP000237-202604,ICP000237,2026-04,2026-04-01,2026-04-30,30,241.998,101.998,118.37,31.502,6.746,500.614,Simulated
ICP000237-202605,ICP000237,2026-05,2026-05-01,2026-05-31,31,175.831,275.683,207.451,128.183,1.491,788.639,Simulated
ICP000238-202602,ICP000238,2026-02,2026-02-01,2026-02-28,28,78.884,60.835,193.454,46.008,40.85,420.031,Simulated
ICP000238-202603,ICP000238,2026-03,2026-03-01,2026-03-31,31,292.548,263.857,149.689,145.681,40.228,892.003,Simulated
ICP000238-202604,ICP000238,2026-04,2026-04-01,2026-04-30,30,171.983,88.843,166.244,58.033,3.276,488.379,Simulated
ICP000238-202605,ICP000238,2026-05,2026-05-01,2026-05-31,31,217.339,142.405,178.249,53.005,51.245,642.243,Simulated
ICP000239-202602,ICP000239,2026-02,2026-02-01,2026-02-28,28,145.466,75.269,170.101,224.174,59.556,674.566,Simulated
ICP000239-202603,ICP000239,2026-03,2026-03-01,2026-03-31,31,201.893,160.865,172.479,72.273,2.936,610.446,Simulated
ICP000239-202604,ICP000239,2026-04,2026-04-01,2026-04-30,30,154.542,135.028,96.906,148.346,12.661,547.483,Simulated
ICP000239-202605,ICP000239,2026-05,2026-05-01,2026-05-31,31,163.561,112.103,178.57,63.261,75.642,593.137,Simulated
ICP000240-202602,ICP000240,2026-02,2026-02-01,2026-02-28,28,140.13,70.147,251.665,93.767,6.442,562.151,Simulated
ICP000240-202603,ICP000240,2026-03,2026-03-01,2026-03-31,31,155.384,140.455,119.249,22.677,1.562,439.327,Simulated
ICP000240-202604,ICP000240,2026-04,2026-04-01,2026-04-30,30,318.931,178.511,219.263,203.115,1.729,921.549,Simulated
ICP000240-202605,ICP000240,2026-05,2026-05-01,2026-05-31,31,195.907,208.885,218.139,158.274,85.389,866.594,Simulated
ICP000241-202602,ICP000241,2026-02,2026-02-01,2026-02-28,28,143.376,132.192,163.301,184.428,11.288,634.585,Simulated
ICP000241-202603,ICP000241,2026-03,2026-03-01,2026-03-31,31,281.894,102.377,274.169,118.468,110.034,886.942,Simulated
ICP000241-202604,ICP000241,2026-04,2026-04-01,2026-04-30,30,218.741,83.405,125.607,352.908,16.076,796.737,Simulated
ICP000241-202605,ICP000241,2026-05,2026-05-01,2026-05-31,31,260.537,125.351,271.58,141.486,120.493,919.447,Simulated
ICP000242-202602,ICP000242,2026-02,2026-02-01,2026-02-28,28,99.711,117.527,122.923,94.2,2.609,436.97,Simulated
ICP000242-202603,ICP000242,2026-03,2026-03-01,2026-03-31,31,183.157,225.574,235.775,160.754,28.264,833.524,Simulated
ICP000242-202604,ICP000242,2026-04,2026-04-01,2026-04-30,30,164.928,70.245,169.397,123.282,55.257,583.109,Simulated
ICP000242-202605,ICP000242,2026-05,2026-05-01,2026-05-31,31,157.471,183.47,134.701,136.555,7.38,619.577,Simulated
ICP000243-202602,ICP000243,2026-02,2026-02-01,2026-02-28,28,141.557,93.144,106.958,97.82,40.113,479.592,Simulated
ICP000243-202603,ICP000243,2026-03,2026-03-01,2026-03-31,31,95.965,169.346,164.973,95.883,21.64,547.807,Simulated
ICP000243-202604,ICP000243,2026-04,2026-04-01,2026-04-30,30,101.345,350.723,147.526,122.212,1.241,723.047,Simulated
ICP000243-202605,ICP000243,2026-05,2026-05-01,2026-05-31,31,85.594,218.755,351.158,149.877,24.516,829.9,Simulated
ICP000244-202602,ICP000244,2026-02,2026-02-01,2026-02-28,28,189.404,96.685,167.963,39.303,48.541,541.896,Simulated
ICP000244-202603,ICP000244,2026-03,2026-03-01,2026-03-31,31,105.779,70.564,133.975,85.526,7.662,403.506,Simulated
ICP000244-202604,ICP000244,2026-04,2026-04-01,2026-04-30,30,244.849,142.488,174.026,49.921,8.352,619.636,Simulated
ICP000244-202605,ICP000244,2026-05,2026-05-01,2026-05-31,31,294.056,182.403,100.541,285.974,50.506,913.48,Simulated
ICP000245-202602,ICP000245,2026-02,2026-02-01,2026-02-28,28,104.086,118.436,70.082,98.133,36.3,427.037,Simulated
ICP000245-202603,ICP000245,2026-03,2026-03-01,2026-03-31,31,145.997,84.546,74.645,84.153,17.155,406.496,Simulated
ICP000245-202604,ICP000245,2026-04,2026-04-01,2026-04-30,30,264.829,125.13,131.474,148.423,9.551,679.407,Simulated
ICP000245-202605,ICP000245,2026-05,2026-05-01,2026-05-31,31,120.819,50.924,66.617,37.704,4.472,280.536,Simulated
ICP000246-202602,ICP000246,2026-02,2026-02-01,2026-02-28,28,47.811,62.077,100.812,108.171,1.783,320.654,Simulated
ICP000246-202603,ICP000246,2026-03,2026-03-01,2026-03-31,31,140.222,97.999,116.785,30.493,4.317,389.816,Simulated
ICP000246-202604,ICP000246,2026-04,2026-04-01,2026-04-30,30,177.43,131.469,184.481,75.173,27.982,596.535,Simulated
ICP000246-202605,ICP000246,2026-05,2026-05-01,2026-05-31,31,150.337,132.164,278.91,116.479,60.562,738.452,Simulated
ICP000247-202602,ICP000247,2026-02,2026-02-01,2026-02-28,28,262.164,172.698,131.78,160.037,61.899,788.578,Simulated
ICP000247-202603,ICP000247,2026-03,2026-03-01,2026-03-31,31,121.495,137.593,156.386,150.72,7.199,573.393,Simulated
ICP000247-202604,ICP000247,2026-04,2026-04-01,2026-04-30,30,129.702,109.635,66.56,103.849,13.094,422.84,Simulated
ICP000247-202605,ICP000247,2026-05,2026-05-01,2026-05-31,31,178.719,99.142,96.164,244.729,30.001,648.755,Simulated
ICP000248-202602,ICP000248,2026-02,2026-02-01,2026-02-28,28,181.228,262.946,133.753,71.052,23.172,672.151,Simulated
ICP000248-202603,ICP000248,2026-03,2026-03-01,2026-03-31,31,140.464,183.18,168.295,102.213,72.566,666.718,Simulated
ICP000248-202604,ICP000248,2026-04,2026-04-01,2026-04-30,30,307.53,279.941,189.986,143.336,158.31,1079.103,Simulated
ICP000248-202605,ICP000248,2026-05,2026-05-01,2026-05-31,31,304.037,42.984,342.226,202.616,49.361,941.224,Simulated
ICP000249-202602,ICP000249,2026-02,2026-02-01,2026-02-28,28,392.67,166.744,229.179,149.988,48.369,986.95,Simulated
ICP000249-202603,ICP000249,2026-03,2026-03-01,2026-03-31,31,141.798,219.512,190.371,26.565,114.889,693.135,Simulated
ICP000249-202604,ICP000249,2026-04,2026-04-01,2026-04-30,30,86.405,165.417,126.028,147.774,25.133,550.757,Simulated
ICP000249-202605,ICP000249,2026-05,2026-05-01,2026-05-31,31,71.544,93.351,63.558,99.067,5.896,333.416,Simulated
ICP000250-202602,ICP000250,2026-02,2026-02-01,2026-02-28,28,147.455,109.795,152.693,68.677,26.171,504.791,Simulated
ICP000250-202603,ICP000250,2026-03,2026-03-01,2026-03-31,31,173.315,210.184,172.378,67.379,23.741,646.997,Simulated
ICP000250-202604,ICP000250,2026-04,2026-04-01,2026-04-30,30,174.065,131.033,121.899,68.396,47.304,542.697,Simulated
ICP000250-202605,ICP000250,2026-05,2026-05-01,2026-05-31,31,53.254,83.383,91.672,208.022,22.067,458.398,Simulated
ICP000251-202602,ICP000251,2026-02,2026-02-01,2026-02-28,28,196.39,63.021,119.751,68.493,28.505,476.16,Simulated
ICP000251-202603,ICP000251,2026-03,2026-03-01,2026-03-31,31,83.643,204.005,110.14,41.086,3.969,442.843,Simulated
ICP000251-202604,ICP000251,2026-04,2026-04-01,2026-04-30,30,142.231,62.267,94.664,131.849,43.914,474.925,Simulated
ICP000251-202605,ICP000251,2026-05,2026-05-01,2026-05-31,31,107.151,76.442,143.094,169.469,8.102,504.258,Simulated
ICP000252-202602,ICP000252,2026-02,2026-02-01,2026-02-28,28,321.792,226.27,264.475,138.733,97.307,1048.577,Simulated
ICP000252-202603,ICP000252,2026-03,2026-03-01,2026-03-31,31,130.885,143.349,127.265,44.406,5.493,451.398,Simulated
ICP000252-202604,ICP000252,2026-04,2026-04-01,2026-04-30,30,222.16,103.111,199.637,168.088,5.185,698.181,Simulated
ICP000252-202605,ICP000252,2026-05,2026-05-01,2026-05-31,31,197.884,180.072,272.6,23.807,21.464,695.827,Simulated
ICP000253-202602,ICP000253,2026-02,2026-02-01,2026-02-28,28,79.093,244.096,168.904,87.652,35.957,615.702,Simulated
ICP000253-202603,ICP000253,2026-03,2026-03-01,2026-03-31,31,124.552,67.608,134.398,140.709,19.939,487.206,Simulated
ICP000253-202604,ICP000253,2026-04,2026-04-01,2026-04-30,30,176.095,213.065,19.599,125.969,0.889,535.617,Simulated
ICP000253-202605,ICP000253,2026-05,2026-05-01,2026-05-31,31,255.864,198.512,82.95,27.825,61.699,626.85,Simulated
ICP000254-202602,ICP000254,2026-02,2026-02-01,2026-02-28,28,53.699,56.459,61.909,68.396,1.634,242.097,Simulated
ICP000254-202603,ICP000254,2026-03,2026-03-01,2026-03-31,31,259.186,106.423,129.162,130.849,35.955,661.575,Simulated
ICP000254-202604,ICP000254,2026-04,2026-04-01,2026-04-30,30,234.048,145.315,98.741,91.257,21.842,591.203,Simulated
ICP000254-202605,ICP000254,2026-05,2026-05-01,2026-05-31,31,221.24,125.307,114.669,52.768,2.999,516.983,Simulated
ICP000255-202602,ICP000255,2026-02,2026-02-01,2026-02-28,28,93.14,94.216,44.852,102.719,14.574,349.501,Simulated
ICP000255-202603,ICP000255,2026-03,2026-03-01,2026-03-31,31,142.573,175.415,111.598,57.805,5.987,493.378,Simulated
ICP000255-202604,ICP000255,2026-04,2026-04-01,2026-04-30,30,135.98,122.352,138.705,46.192,18.801,462.03,Simulated
ICP000255-202605,ICP000255,2026-05,2026-05-01,2026-05-31,31,87.842,169.221,181.312,125.012,33.023,596.41,Simulated
ICP000256-202602,ICP000256,2026-02,2026-02-01,2026-02-28,28,192.099,70.429,43.109,52.993,4.831,363.461,Simulated
ICP000256-202603,ICP000256,2026-03,2026-03-01,2026-03-31,31,60.788,108.832,91.511,75.379,16.305,352.815,Simulated
ICP000256-202604,ICP000256,2026-04,2026-04-01,2026-04-30,30,174.81,181.118,125.101,181.457,33.425,695.911,Simulated
ICP000256-202605,ICP000256,2026-05,2026-05-01,2026-05-31,31,214.344,138.861,180.532,57.589,5.409,596.735,Simulated
ICP000257-202602,ICP000257,2026-02,2026-02-01,2026-02-28,28,140.406,110.418,187.577,127.324,95.372,661.097,Simulated
ICP000257-202603,ICP000257,2026-03,2026-03-01,2026-03-31,31,91.88,134.802,222.966,111.898,23.126,584.672,Simulated
ICP000257-202604,ICP000257,2026-04,2026-04-01,2026-04-30,30,279.099,423.384,91.757,120.336,53.687,968.263,Simulated
ICP000257-202605,ICP000257,2026-05,2026-05-01,2026-05-31,31,274.512,265.967,173.523,58.47,1.96,774.432,Simulated
ICP000258-202602,ICP000258,2026-02,2026-02-01,2026-02-28,28,190.241,90.715,117.85,54.068,6.638,459.512,Simulated
ICP000258-202603,ICP000258,2026-03,2026-03-01,2026-03-31,31,458.663,489.369,730.531,309.249,26.695,2014.507,Simulated
ICP000258-202604,ICP000258,2026-04,2026-04-01,2026-04-30,30,368.008,108.963,173.462,208.383,111.3,970.116,Simulated
ICP000258-202605,ICP000258,2026-05,2026-05-01,2026-05-31,31,200.175,283.446,309.972,162.863,0.277,956.733,Simulated
ICP000259-202602,ICP000259,2026-02,2026-02-01,2026-02-28,28,125.552,33.35,187.558,123.037,53.694,523.191,Simulated
ICP000259-202603,ICP000259,2026-03,2026-03-01,2026-03-31,31,253.942,173.108,197.013,75.058,12.412,711.533,Simulated
ICP000259-202604,ICP000259,2026-04,2026-04-01,2026-04-30,30,84.666,363.374,306.956,162.903,12.236,930.135,Simulated
ICP000259-202605,ICP000259,2026-05,2026-05-01,2026-05-31,31,318.94,159.631,171.753,128.037,159.23,937.591,Simulated
ICP000260-202602,ICP000260,2026-02,2026-02-01,2026-02-28,28,67.955,66.367,233.007,108.598,36.236,512.163,Simulated
ICP000260-202603,ICP000260,2026-03,2026-03-01,2026-03-31,31,99.44,57.562,276.977,63.437,8.379,505.795,Simulated
ICP000260-202604,ICP000260,2026-04,2026-04-01,2026-04-30,30,158.865,164.323,83.584,58.591,1.712,467.075,Simulated
ICP000260-202605,ICP000260,2026-05,2026-05-01,2026-05-31,31,224.29,36.654,244.94,41.667,28.718,576.269,Simulated
ICP000261-202602,ICP000261,2026-02,2026-02-01,2026-02-28,28,77.224,128.728,66.724,20.19,17.38,310.246,Simulated
ICP000261-202603,ICP000261,2026-03,2026-03-01,2026-03-31,31,154.862,100.027,265.91,139.399,2.725,662.923,Simulated
ICP000261-202604,ICP000261,2026-04,2026-04-01,2026-04-30,30,224.292,129.818,116.308,81.514,1.546,553.478,Simulated
ICP000261-202605,ICP000261,2026-05,2026-05-01,2026-05-31,31,271.984,65.925,71.867,95.143,4.162,509.081,Simulated
ICP000262-202602,ICP000262,2026-02,2026-02-01,2026-02-28,28,105.176,52.719,149.964,73.432,35.315,416.606,Simulated
ICP000262-202603,ICP000262,2026-03,2026-03-01,2026-03-31,31,184.452,78.845,139.568,112.13,9.882,524.877,Simulated
ICP000262-202604,ICP000262,2026-04,2026-04-01,2026-04-30,30,44.175,65.473,262.579,86.52,14.776,473.523,Simulated
ICP000262-202605,ICP000262,2026-05,2026-05-01,2026-05-31,31,171.857,74.015,174.269,21.61,33.227,474.978,Simulated
ICP000263-202602,ICP000263,2026-02,2026-02-01,2026-02-28,28,148.923,162.957,352.989,90.881,13.107,768.857,Simulated
ICP000263-202603,ICP000263,2026-03,2026-03-01,2026-03-31,31,173.171,138.375,208.406,93.286,31.264,644.502,Simulated
ICP000263-202604,ICP000263,2026-04,2026-04-01,2026-04-30,30,54.338,55.37,85.281,95.229,9.65,299.868,Simulated
ICP000263-202605,ICP000263,2026-05,2026-05-01,2026-05-31,31,218.644,129.412,251.946,228.183,10.635,838.82,Simulated
ICP000264-202602,ICP000264,2026-02,2026-02-01,2026-02-28,28,108.497,250.472,182.348,154.717,61.54,757.574,Simulated
ICP000264-202603,ICP000264,2026-03,2026-03-01,2026-03-31,31,112.434,85.512,172.712,37.75,39.811,448.219,Simulated
ICP000264-202604,ICP000264,2026-04,2026-04-01,2026-04-30,30,152.106,112.484,258.54,48.274,26.005,597.409,Simulated
ICP000264-202605,ICP000264,2026-05,2026-05-01,2026-05-31,31,159.316,69.676,139.255,130.353,15.463,514.063,Simulated
ICP000265-202602,ICP000265,2026-02,2026-02-01,2026-02-28,28,166.969,111.475,90.367,139.199,4.348,512.358,Simulated
ICP000265-202603,ICP000265,2026-03,2026-03-01,2026-03-31,31,126.646,184.951,277.998,91.61,41.163,722.368,Simulated
ICP000265-202604,ICP000265,2026-04,2026-04-01,2026-04-30,30,221.731,68.509,193.433,118.013,6.756,608.442,Simulated
ICP000265-202605,ICP000265,2026-05,2026-05-01,2026-05-31,31,218.694,89.317,268.961,151.611,15.205,743.788,Simulated
ICP000266-202602,ICP000266,2026-02,2026-02-01,2026-02-28,28,193.868,150.693,179.358,92.111,21.124,637.154,Simulated
ICP000266-202603,ICP000266,2026-03,2026-03-01,2026-03-31,31,162.123,63.076,309.216,130.54,16.345,681.3,Simulated
ICP000266-202604,ICP000266,2026-04,2026-04-01,2026-04-30,30,73.027,169.636,29.511,90.801,46.604,409.579,Simulated
ICP000266-202605,ICP000266,2026-05,2026-05-01,2026-05-31,31,183.245,80.034,283.349,85.561,11.333,643.522,Simulated
ICP000267-202602,ICP000267,2026-02,2026-02-01,2026-02-28,28,162.699,119.571,96.262,45.655,29.67,453.857,Simulated
ICP000267-202603,ICP000267,2026-03,2026-03-01,2026-03-31,31,202.461,128.375,126.993,63.346,2.123,523.298,Simulated
ICP000267-202604,ICP000267,2026-04,2026-04-01,2026-04-30,30,85.249,232.267,150.625,59.457,53.177,580.775,Simulated
ICP000267-202605,ICP000267,2026-05,2026-05-01,2026-05-31,31,194.893,124.159,126.76,60.114,25.9,531.826,Simulated
ICP000268-202602,ICP000268,2026-02,2026-02-01,2026-02-28,28,56.186,23.09,83.515,134.864,1.629,299.284,Simulated
ICP000268-202603,ICP000268,2026-03,2026-03-01,2026-03-31,31,149.314,125.356,161.997,123.507,4.074,564.248,Simulated
ICP000268-202604,ICP000268,2026-04,2026-04-01,2026-04-30,30,85.779,87.406,100.096,79.246,20.007,372.534,Simulated
ICP000268-202605,ICP000268,2026-05,2026-05-01,2026-05-31,31,225.899,220.384,174.976,193.667,90.344,905.27,Simulated
ICP000269-202602,ICP000269,2026-02,2026-02-01,2026-02-28,28,285.515,245.197,408.752,93.182,41.706,1074.352,Simulated
ICP000269-202603,ICP000269,2026-03,2026-03-01,2026-03-31,31,178.294,171.068,221.854,159.147,10.702,741.065,Simulated
ICP000269-202604,ICP000269,2026-04,2026-04-01,2026-04-30,30,142.922,262.575,99.486,164.035,8.89,677.908,Simulated
ICP000269-202605,ICP000269,2026-05,2026-05-01,2026-05-31,31,194.689,180.405,353.169,134.675,143.747,1006.685,Simulated
ICP000270-202602,ICP000270,2026-02,2026-02-01,2026-02-28,28,174.965,251.649,198.016,126.907,2.406,753.943,Simulated
ICP000270-202603,ICP000270,2026-03,2026-03-01,2026-03-31,31,112.233,241.532,282.084,88.564,7.928,732.341,Simulated
ICP000270-202604,ICP000270,2026-04,2026-04-01,2026-04-30,30,65.938,36.928,80.011,65.01,79.442,327.329,Simulated
ICP000270-202605,ICP000270,2026-05,2026-05-01,2026-05-31,31,145.632,145.722,147.822,54.807,16.543,510.526,Simulated
ICP000271-202602,ICP000271,2026-02,2026-02-01,2026-02-28,28,167.494,51.189,123.609,68.4,135.053,545.745,Simulated
ICP000271-202603,ICP000271,2026-03,2026-03-01,2026-03-31,31,169.102,82.751,185.261,64.761,23.99,525.865,Simulated
ICP000271-202604,ICP000271,2026-04,2026-04-01,2026-04-30,30,303.734,177.87,98.82,151.849,34.516,766.789,Simulated
ICP000271-202605,ICP000271,2026-05,2026-05-01,2026-05-31,31,95.168,97.84,155.059,147.42,21.374,516.861,Simulated
ICP000272-202602,ICP000272,2026-02,2026-02-01,2026-02-28,28,88.526,127.264,141.743,53.474,48.414,459.421,Simulated
ICP000272-202603,ICP000272,2026-03,2026-03-01,2026-03-31,31,64.169,105.824,134.808,83.379,52.388,440.568,Simulated
ICP000272-202604,ICP000272,2026-04,2026-04-01,2026-04-30,30,115.154,90.994,138.46,34.261,11.183,390.052,Simulated
ICP000272-202605,ICP000272,2026-05,2026-05-01,2026-05-31,31,137.495,326.998,115.525,162.066,4.217,746.301,Simulated
ICP000273-202602,ICP000273,2026-02,2026-02-01,2026-02-28,28,147.31,82.086,130.155,69.365,2.455,431.371,Simulated
ICP000273-202603,ICP000273,2026-03,2026-03-01,2026-03-31,31,172.33,139.321,237.711,86.375,84.588,720.325,Simulated
ICP000273-202604,ICP000273,2026-04,2026-04-01,2026-04-30,30,241.082,361.964,446.672,81.699,9.528,1140.945,Simulated
ICP000273-202605,ICP000273,2026-05,2026-05-01,2026-05-31,31,281.839,152.772,270.595,87.814,1.17,794.19,Simulated
ICP000274-202602,ICP000274,2026-02,2026-02-01,2026-02-28,28,202.027,101.017,179.092,200.157,1.04,683.333,Simulated
ICP000274-202603,ICP000274,2026-03,2026-03-01,2026-03-31,31,174.588,221.376,175.786,209.498,11.443,792.691,Simulated
ICP000274-202604,ICP000274,2026-04,2026-04-01,2026-04-30,30,380.133,122.516,160.835,38.224,39.528,741.236,Simulated
ICP000274-202605,ICP000274,2026-05,2026-05-01,2026-05-31,31,155.933,332.543,249.78,68.386,16.361,823.003,Simulated
ICP000275-202602,ICP000275,2026-02,2026-02-01,2026-02-28,28,310.241,272.134,276.464,88.894,12.656,960.389,Simulated
ICP000275-202603,ICP000275,2026-03,2026-03-01,2026-03-31,31,131.515,243.834,126.582,74.46,28.487,604.878,Simulated
ICP000275-202604,ICP000275,2026-04,2026-04-01,2026-04-30,30,130.553,58.779,168.089,57.491,12.97,427.882,Simulated
ICP000275-202605,ICP000275,2026-05,2026-05-01,2026-05-31,31,251.232,270.494,227.849,138.88,47.675,936.13,Simulated
ICP000276-202602,ICP000276,2026-02,2026-02-01,2026-02-28,28,150.014,55.346,157.533,35.176,18.96,417.029,Simulated
ICP000276-202603,ICP000276,2026-03,2026-03-01,2026-03-31,31,202.51,121.227,144.299,234.761,78.772,781.569,Simulated
ICP000276-202604,ICP000276,2026-04,2026-04-01,2026-04-30,30,285.637,87.063,102.339,188.892,1.013,664.944,Simulated
ICP000276-202605,ICP000276,2026-05,2026-05-01,2026-05-31,31,165.519,173.406,127.372,161.428,0.226,627.951,Simulated
ICP000277-202602,ICP000277,2026-02,2026-02-01,2026-02-28,28,77.144,89.984,280.623,56.771,31.392,535.914,Simulated
ICP000277-202603,ICP000277,2026-03,2026-03-01,2026-03-31,31,141.97,119.522,236.255,193.088,2.774,693.609,Simulated
ICP000277-202604,ICP000277,2026-04,2026-04-01,2026-04-30,30,67.984,104.886,105.85,43.246,2.429,324.395,Simulated
ICP000277-202605,ICP000277,2026-05,2026-05-01,2026-05-31,31,384.377,245.107,202.081,149.824,38.898,1020.287,Simulated
ICP000278-202602,ICP000278,2026-02,2026-02-01,2026-02-28,28,129.475,74.205,296.434,103.247,3.999,607.36,Simulated
ICP000278-202603,ICP000278,2026-03,2026-03-01,2026-03-31,31,130.388,86.022,181.46,72.561,10.61,481.041,Simulated
ICP000278-202604,ICP000278,2026-04,2026-04-01,2026-04-30,30,147.537,183.307,140.158,213.121,2.25,686.373,Simulated
ICP000278-202605,ICP000278,2026-05,2026-05-01,2026-05-31,31,210.141,206.6,113.022,89.963,15.758,635.484,Simulated
ICP000279-202602,ICP000279,2026-02,2026-02-01,2026-02-28,28,211.576,145.631,585.691,86.187,223.94,1253.025,Simulated
ICP000279-202603,ICP000279,2026-03,2026-03-01,2026-03-31,31,178.423,93.705,77.557,197.339,1.533,548.557,Simulated
ICP000279-202604,ICP000279,2026-04,2026-04-01,2026-04-30,30,77.865,52.799,281.278,180.368,14.052,606.362,Simulated
ICP000279-202605,ICP000279,2026-05,2026-05-01,2026-05-31,31,182.004,164.339,143.077,155.517,13.197,658.134,Simulated
ICP000280-202602,ICP000280,2026-02,2026-02-01,2026-02-28,28,250.337,99.889,279.486,48.167,102.03,779.909,Simulated
ICP000280-202603,ICP000280,2026-03,2026-03-01,2026-03-31,31,124.395,123.551,277.098,192.153,34.272,751.469,Simulated
ICP000280-202604,ICP000280,2026-04,2026-04-01,2026-04-30,30,236.389,193.611,360.676,96.649,5.481,892.806,Simulated
ICP000280-202605,ICP000280,2026-05,2026-05-01,2026-05-31,31,286.086,180.061,120.677,168.967,8.243,764.034,Simulated
ICP000281-202602,ICP000281,2026-02,2026-02-01,2026-02-28,28,133.418,98.63,117.422,66.12,5.799,421.389,Simulated
ICP000281-202603,ICP000281,2026-03,2026-03-01,2026-03-31,31,166.054,135.168,255.54,105.251,23.378,685.391,Simulated
ICP000281-202604,ICP000281,2026-04,2026-04-01,2026-04-30,30,76.544,75.177,182.006,141.857,38.464,514.048,Simulated
ICP000281-202605,ICP000281,2026-05,2026-05-01,2026-05-31,31,390.974,210.858,124.919,103.017,20.636,850.404,Simulated
ICP000282-202602,ICP000282,2026-02,2026-02-01,2026-02-28,28,137.539,88.717,326.005,208.389,91.936,852.586,Simulated
ICP000282-202603,ICP000282,2026-03,2026-03-01,2026-03-31,31,269.317,53.972,331.638,51.39,97.501,803.818,Simulated
ICP000282-202604,ICP000282,2026-04,2026-04-01,2026-04-30,30,99.819,67.787,156.917,50.845,32.903,408.271,Simulated
ICP000282-202605,ICP000282,2026-05,2026-05-01,2026-05-31,31,121.531,124.583,149.778,39.79,13.823,449.505,Simulated
ICP000283-202602,ICP000283,2026-02,2026-02-01,2026-02-28,28,79.552,251.827,170.012,121.821,105.331,728.543,Simulated
ICP000283-202603,ICP000283,2026-03,2026-03-01,2026-03-31,31,80.112,110.344,324.615,107.352,24.5,646.923,Simulated
ICP000283-202604,ICP000283,2026-04,2026-04-01,2026-04-30,30,243.606,241.391,345.866,124.239,21.554,976.656,Simulated
ICP000283-202605,ICP000283,2026-05,2026-05-01,2026-05-31,31,178.658,151.497,93.594,52.242,17.253,493.244,Simulated
ICP000284-202602,ICP000284,2026-02,2026-02-01,2026-02-28,28,125.179,124.236,72.341,29.259,16.08,367.095,Simulated
ICP000284-202603,ICP000284,2026-03,2026-03-01,2026-03-31,31,90.386,102.185,60.971,63.544,3.834,320.92,Simulated
ICP000284-202604,ICP000284,2026-04,2026-04-01,2026-04-30,30,171.27,64.871,101.652,42.969,1.842,382.604,Simulated
ICP000284-202605,ICP000284,2026-05,2026-05-01,2026-05-31,31,93.808,84.005,163.461,109.31,16.291,466.875,Simulated
ICP000285-202602,ICP000285,2026-02,2026-02-01,2026-02-28,28,73.423,103.953,124.604,105.949,1.883,409.812,Simulated
ICP000285-202603,ICP000285,2026-03,2026-03-01,2026-03-31,31,164.807,151.038,129.372,86.327,2.542,534.086,Simulated
ICP000285-202604,ICP000285,2026-04,2026-04-01,2026-04-30,30,87.866,152.367,212.501,150.694,55.992,659.42,Simulated
ICP000285-202605,ICP000285,2026-05,2026-05-01,2026-05-31,31,51.717,38.559,134.324,132.786,15.026,372.412,Simulated
ICP000286-202602,ICP000286,2026-02,2026-02-01,2026-02-28,28,75.28,105.327,204.476,91.903,10.301,487.287,Simulated
ICP000286-202603,ICP000286,2026-03,2026-03-01,2026-03-31,31,279.867,65.854,63.374,98.383,10.679,518.157,Simulated
ICP000286-202604,ICP000286,2026-04,2026-04-01,2026-04-30,30,243.907,165.248,83.043,55.555,48.886,596.639,Simulated
ICP000286-202605,ICP000286,2026-05,2026-05-01,2026-05-31,31,210.186,158.93,361.041,108.788,50.888,889.833,Simulated
ICP000287-202602,ICP000287,2026-02,2026-02-01,2026-02-28,28,104.336,148.168,226.5,136.733,3.335,619.072,Simulated
ICP000287-202603,ICP000287,2026-03,2026-03-01,2026-03-31,31,254.473,137.666,175.782,170.137,11.868,749.926,Simulated
ICP000287-202604,ICP000287,2026-04,2026-04-01,2026-04-30,30,168.618,272.303,336.678,45.489,6.568,829.656,Simulated
ICP000287-202605,ICP000287,2026-05,2026-05-01,2026-05-31,31,210.77,148.737,203.391,286.671,29.404,878.973,Simulated
ICP000288-202602,ICP000288,2026-02,2026-02-01,2026-02-28,28,70.084,93.609,75.786,192.962,34.123,466.564,Simulated
ICP000288-202603,ICP000288,2026-03,2026-03-01,2026-03-31,31,192.417,262.296,379.861,124.357,20.96,979.891,Simulated
ICP000288-202604,ICP000288,2026-04,2026-04-01,2026-04-30,30,137.064,75.768,284.721,87.345,27.703,612.601,Simulated
ICP000288-202605,ICP000288,2026-05,2026-05-01,2026-05-31,31,214.227,149.059,134.912,156.151,5.834,660.183,Simulated
ICP000289-202602,ICP000289,2026-02,2026-02-01,2026-02-28,28,97.209,198.768,109.927,105.836,0.748,512.488,Simulated
ICP000289-202603,ICP000289,2026-03,2026-03-01,2026-03-31,31,150.879,46.236,75.481,99.924,8.307,380.827,Simulated
ICP000289-202604,ICP000289,2026-04,2026-04-01,2026-04-30,30,115.422,46.8,126.679,186.776,17.505,493.182,Simulated
ICP000289-202605,ICP000289,2026-05,2026-05-01,2026-05-31,31,141.431,62.338,121.481,46.055,4.012,375.317,Simulated
ICP000290-202602,ICP000290,2026-02,2026-02-01,2026-02-28,28,107.428,92.405,141.645,83.504,10.266,435.248,Simulated
ICP000290-202603,ICP000290,2026-03,2026-03-01,2026-03-31,31,117.36,328.793,95.172,194.28,21.359,756.964,Simulated
ICP000290-202604,ICP000290,2026-04,2026-04-01,2026-04-30,30,156.429,89.675,104.01,118.865,115.199,584.178,Simulated
ICP000290-202605,ICP000290,2026-05,2026-05-01,2026-05-31,31,136.747,249.752,297.855,147.724,24.909,856.987,Simulated
ICP000291-202602,ICP000291,2026-02,2026-02-01,2026-02-28,28,67.782,126.365,67.365,90.857,16.288,368.657,Simulated
ICP000291-202603,ICP000291,2026-03,2026-03-01,2026-03-31,31,103.217,48.549,200.271,47.917,10.76,410.714,Simulated
ICP000291-202604,ICP000291,2026-04,2026-04-01,2026-04-30,30,99.336,137.345,108.301,48.322,87.017,480.321,Simulated
ICP000291-202605,ICP000291,2026-05,2026-05-01,2026-05-31,31,151.575,175.995,189.491,130.705,9.051,656.817,Simulated
ICP000292-202602,ICP000292,2026-02,2026-02-01,2026-02-28,28,171.208,142.89,124.61,79.405,35.094,553.207,Simulated
ICP000292-202603,ICP000292,2026-03,2026-03-01,2026-03-31,31,214.326,135.939,94.08,235.868,47.354,727.567,Simulated
ICP000292-202604,ICP000292,2026-04,2026-04-01,2026-04-30,30,145.708,77.041,54.714,63.801,10.188,351.452,Simulated
ICP000292-202605,ICP000292,2026-05,2026-05-01,2026-05-31,31,119.357,206.963,197.974,89.791,17.477,631.562,Simulated
ICP000293-202602,ICP000293,2026-02,2026-02-01,2026-02-28,28,214.81,246.143,186.805,115.818,102.235,865.811,Simulated
ICP000293-202603,ICP000293,2026-03,2026-03-01,2026-03-31,31,237.582,101.989,227.917,116.048,80.372,763.908,Simulated
ICP000293-202604,ICP000293,2026-04,2026-04-01,2026-04-30,30,274.469,231.958,126.703,79.98,1.015,714.125,Simulated
ICP000293-202605,ICP000293,2026-05,2026-05-01,2026-05-31,31,317.718,303.634,514.805,156.392,184.952,1477.501,Simulated
ICP000294-202602,ICP000294,2026-02,2026-02-01,2026-02-28,28,234.991,113.918,118.117,142.414,38.232,647.672,Simulated
ICP000294-202603,ICP000294,2026-03,2026-03-01,2026-03-31,31,289.163,57.24,114.627,56.299,6.899,524.228,Simulated
ICP000294-202604,ICP000294,2026-04,2026-04-01,2026-04-30,30,136.694,50.507,183.274,245.731,2.795,619.001,Simulated
ICP000294-202605,ICP000294,2026-05,2026-05-01,2026-05-31,31,101.153,136.392,157.916,40.024,6.453,441.938,Simulated
ICP000295-202602,ICP000295,2026-02,2026-02-01,2026-02-28,28,125.106,75.011,111.654,40.511,9.36,361.642,Simulated
ICP000295-202603,ICP000295,2026-03,2026-03-01,2026-03-31,31,145.301,84.345,115.886,64.733,7.192,417.457,Simulated
ICP000295-202604,ICP000295,2026-04,2026-04-01,2026-04-30,30,156.727,203.84,79.494,44.039,2.506,486.606,Simulated
ICP000295-202605,ICP000295,2026-05,2026-05-01,2026-05-31,31,140.157,207.235,65.382,168.213,12.426,593.413,Simulated
ICP000296-202602,ICP000296,2026-02,2026-02-01,2026-02-28,28,411.549,156.639,170.966,116.783,6.038,861.975,Simulated
ICP000296-202603,ICP000296,2026-03,2026-03-01,2026-03-31,31,107.754,93.383,110.549,96.129,63.607,471.422,Simulated
ICP000296-202604,ICP000296,2026-04,2026-04-01,2026-04-30,30,270.99,133.89,119.914,209.848,33.3,767.942,Simulated
ICP000296-202605,ICP000296,2026-05,2026-05-01,2026-05-31,31,173.05,78.601,210.083,29.518,30.354,521.606,Simulated
ICP000297-202602,ICP000297,2026-02,2026-02-01,2026-02-28,28,180.697,113.948,173.482,35.897,16.69,520.714,Simulated
ICP000297-202603,ICP000297,2026-03,2026-03-01,2026-03-31,31,301.371,357.947,143.025,204.895,41.786,1049.024,Simulated
ICP000297-202604,ICP000297,2026-04,2026-04-01,2026-04-30,30,159.215,74.488,136.376,104.982,0.197,475.258,Simulated
ICP000297-202605,ICP000297,2026-05,2026-05-01,2026-05-31,31,204.616,125.541,81.092,67.544,49.63,528.423,Simulated
ICP000298-202602,ICP000298,2026-02,2026-02-01,2026-02-28,28,351.352,118.566,214.598,195.508,20.461,900.485,Simulated
ICP000298-202603,ICP000298,2026-03,2026-03-01,2026-03-31,31,139.777,98.93,118.774,28.924,35.193,421.598,Simulated
ICP000298-202604,ICP000298,2026-04,2026-04-01,2026-04-30,30,139.227,119.617,149.386,30.408,8.385,447.023,Simulated
ICP000298-202605,ICP000298,2026-05,2026-05-01,2026-05-31,31,221.805,98.0,103.189,110.833,12.669,546.496,Simulated
ICP000299-202602,ICP000299,2026-02,2026-02-01,2026-02-28,28,85.575,154.79,115.182,117.412,16.215,489.174,Simulated
ICP000299-202603,ICP000299,2026-03,2026-03-01,2026-03-31,31,190.892,72.426,83.832,165.783,4.857,517.79,Simulated
ICP000299-202604,ICP000299,2026-04,2026-04-01,2026-04-30,30,183.906,226.067,127.494,119.038,16.968,673.473,Simulated
ICP000299-202605,ICP000299,2026-05,2026-05-01,2026-05-31,31,193.342,186.738,99.565,95.002,6.242,580.889,Simulated
ICP000300-202602,ICP000300,2026-02,2026-02-01,2026-02-28,28,73.63,128.216,151.347,54.741,4.134,412.068,Simulated
ICP000300-202603,ICP000300,2026-03,2026-03-01,2026-03-31,31,77.63,167.069,172.163,62.371,21.165,500.398,Simulated
ICP000300-202604,ICP000300,2026-04,2026-04-01,2026-04-30,30,152.481,155.659,241.621,64.546,46.726,661.033,Simulated
ICP000300-202605,ICP000300,2026-05,2026-05-01,2026-05-31,31,277.784,139.337,108.565,63.802,7.94,597.428,Simulated
ICP000301-202602,ICP000301,2026-02,2026-02-01,2026-02-28,28,124.86,209.766,128.63,144.789,24.592,632.637,Simulated
ICP000301-202603,ICP000301,2026-03,2026-03-01,2026-03-31,31,61.259,221.521,120.846,45.411,34.862,483.899,Simulated
ICP000301-202604,ICP000301,2026-04,2026-04-01,2026-04-30,30,152.454,96.901,143.54,36.615,28.826,458.336,Simulated
ICP000301-202605,ICP000301,2026-05,2026-05-01,2026-05-31,31,154.173,213.833,232.883,133.579,8.389,742.857,Simulated
ICP000302-202602,ICP000302,2026-02,2026-02-01,2026-02-28,28,97.146,128.035,36.469,83.964,18.118,363.732,Simulated
ICP000302-202603,ICP000302,2026-03,2026-03-01,2026-03-31,31,84.372,89.729,60.578,24.676,1.589,260.944,Simulated
ICP000302-202604,ICP000302,2026-04,2026-04-01,2026-04-30,30,84.445,38.154,176.683,70.52,23.326,393.128,Simulated
ICP000302-202605,ICP000302,2026-05,2026-05-01,2026-05-31,31,146.2,99.782,160.06,57.902,3.888,467.832,Simulated
ICP000303-202602,ICP000303,2026-02,2026-02-01,2026-02-28,28,140.947,129.255,44.215,85.734,25.718,425.869,Simulated
ICP000303-202603,ICP000303,2026-03,2026-03-01,2026-03-31,31,232.755,161.366,134.037,83.327,56.37,667.855,Simulated
ICP000303-202604,ICP000303,2026-04,2026-04-01,2026-04-30,30,163.271,160.526,187.132,26.662,79.048,616.639,Simulated
ICP000303-202605,ICP000303,2026-05,2026-05-01,2026-05-31,31,236.656,140.926,414.374,121.21,70.202,983.368,Simulated
ICP000304-202602,ICP000304,2026-02,2026-02-01,2026-02-28,28,140.4,149.427,160.715,82.506,21.008,554.056,Simulated
ICP000304-202603,ICP000304,2026-03,2026-03-01,2026-03-31,31,143.99,127.827,132.857,106.658,20.36,531.692,Simulated
ICP000304-202604,ICP000304,2026-04,2026-04-01,2026-04-30,30,119.73,92.478,205.621,138.428,62.539,618.796,Simulated
ICP000304-202605,ICP000304,2026-05,2026-05-01,2026-05-31,31,240.656,106.549,271.445,318.175,60.652,997.477,Simulated
ICP000305-202602,ICP000305,2026-02,2026-02-01,2026-02-28,28,196.582,195.407,214.39,107.818,17.754,731.951,Simulated
ICP000305-202603,ICP000305,2026-03,2026-03-01,2026-03-31,31,145.556,136.149,165.226,254.646,37.277,738.854,Simulated
ICP000305-202604,ICP000305,2026-04,2026-04-01,2026-04-30,30,305.981,197.247,234.314,308.698,4.057,1050.297,Simulated
ICP000305-202605,ICP000305,2026-05,2026-05-01,2026-05-31,31,184.142,199.09,134.419,153.414,14.014,685.079,Simulated
ICP000306-202602,ICP000306,2026-02,2026-02-01,2026-02-28,28,267.738,42.914,188.087,87.263,1.553,587.555,Simulated
ICP000306-202603,ICP000306,2026-03,2026-03-01,2026-03-31,31,99.108,80.479,228.494,82.239,14.84,505.16,Simulated
ICP000306-202604,ICP000306,2026-04,2026-04-01,2026-04-30,30,104.931,163.82,341.964,107.141,111.858,829.714,Simulated
ICP000306-202605,ICP000306,2026-05,2026-05-01,2026-05-31,31,142.277,231.243,189.669,117.604,25.261,706.054,Simulated
ICP000307-202602,ICP000307,2026-02,2026-02-01,2026-02-28,28,142.255,196.464,144.475,165.467,6.368,655.029,Simulated
ICP000307-202603,ICP000307,2026-03,2026-03-01,2026-03-31,31,168.764,46.263,116.954,71.331,13.179,416.491,Simulated
ICP000307-202604,ICP000307,2026-04,2026-04-01,2026-04-30,30,144.213,177.868,146.541,93.884,19.505,582.011,Simulated
ICP000307-202605,ICP000307,2026-05,2026-05-01,2026-05-31,31,291.142,191.891,177.554,75.234,20.625,756.446,Simulated
ICP000308-202602,ICP000308,2026-02,2026-02-01,2026-02-28,28,96.918,138.67,202.953,86.885,14.658,540.084,Simulated
ICP000308-202603,ICP000308,2026-03,2026-03-01,2026-03-31,31,114.463,214.294,168.193,204.809,37.752,739.511,Simulated
ICP000308-202604,ICP000308,2026-04,2026-04-01,2026-04-30,30,142.275,253.869,128.269,130.875,32.364,687.652,Simulated
ICP000308-202605,ICP000308,2026-05,2026-05-01,2026-05-31,31,113.756,168.387,55.636,56.272,31.376,425.427,Simulated
ICP000309-202602,ICP000309,2026-02,2026-02-01,2026-02-28,28,260.546,196.548,206.222,48.189,9.976,721.481,Simulated
ICP000309-202603,ICP000309,2026-03,2026-03-01,2026-03-31,31,175.92,37.955,189.104,106.449,50.783,560.211,Simulated
ICP000309-202604,ICP000309,2026-04,2026-04-01,2026-04-30,30,76.285,151.503,38.325,49.795,6.325,322.233,Simulated
ICP000309-202605,ICP000309,2026-05,2026-05-01,2026-05-31,31,272.832,73.114,213.291,18.406,82.499,660.142,Simulated
ICP000310-202602,ICP000310,2026-02,2026-02-01,2026-02-28,28,75.369,203.63,151.59,52.996,31.815,515.4,Simulated
ICP000310-202603,ICP000310,2026-03,2026-03-01,2026-03-31,31,143.24,99.188,107.35,66.196,9.217,425.191,Simulated
ICP000310-202604,ICP000310,2026-04,2026-04-01,2026-04-30,30,204.672,88.293,110.304,47.519,20.203,470.991,Simulated
ICP000310-202605,ICP000310,2026-05,2026-05-01,2026-05-31,31,273.015,110.888,129.302,191.365,37.011,741.581,Simulated
ICP000311-202602,ICP000311,2026-02,2026-02-01,2026-02-28,28,160.68,197.703,196.03,204.188,3.907,762.508,Simulated
ICP000311-202603,ICP000311,2026-03,2026-03-01,2026-03-31,31,358.524,311.667,201.214,145.808,34.838,1052.051,Simulated
ICP000311-202604,ICP000311,2026-04,2026-04-01,2026-04-30,30,166.325,184.688,300.878,255.027,59.752,966.67,Simulated
ICP000311-202605,ICP000311,2026-05,2026-05-01,2026-05-31,31,254.369,333.932,192.192,49.996,12.322,842.811,Simulated
ICP000312-202602,ICP000312,2026-02,2026-02-01,2026-02-28,28,139.61,99.539,146.768,133.377,127.202,646.496,Simulated
ICP000312-202603,ICP000312,2026-03,2026-03-01,2026-03-31,31,76.122,107.218,105.306,93.369,26.06,408.075,Simulated
ICP000312-202604,ICP000312,2026-04,2026-04-01,2026-04-30,30,228.739,209.834,199.2,297.94,0.425,936.138,Simulated
ICP000312-202605,ICP000312,2026-05,2026-05-01,2026-05-31,31,190.92,216.074,309.375,75.86,39.051,831.28,Simulated
ICP000313-202602,ICP000313,2026-02,2026-02-01,2026-02-28,28,153.937,86.762,202.399,30.733,13.422,487.253,Simulated
ICP000313-202603,ICP000313,2026-03,2026-03-01,2026-03-31,31,100.088,61.753,219.225,62.815,43.843,487.724,Simulated
ICP000313-202604,ICP000313,2026-04,2026-04-01,2026-04-30,30,216.826,58.87,141.498,194.937,12.51,624.641,Simulated
ICP000313-202605,ICP000313,2026-05,2026-05-01,2026-05-31,31,172.847,275.886,155.838,47.729,11.28,663.58,Simulated
ICP000314-202602,ICP000314,2026-02,2026-02-01,2026-02-28,28,162.802,383.414,157.929,109.671,45.493,859.309,Simulated
ICP000314-202603,ICP000314,2026-03,2026-03-01,2026-03-31,31,205.347,127.293,59.602,234.621,5.439,632.302,Simulated
ICP000314-202604,ICP000314,2026-04,2026-04-01,2026-04-30,30,228.415,172.554,392.94,167.131,41.678,1002.718,Simulated
ICP000314-202605,ICP000314,2026-05,2026-05-01,2026-05-31,31,126.061,129.36,253.234,83.376,1.16,593.191,Simulated
ICP000315-202602,ICP000315,2026-02,2026-02-01,2026-02-28,28,126.826,227.894,205.293,70.055,24.151,654.219,Simulated
ICP000315-202603,ICP000315,2026-03,2026-03-01,2026-03-31,31,176.296,169.214,321.676,244.925,116.16,1028.271,Simulated
ICP000315-202604,ICP000315,2026-04,2026-04-01,2026-04-30,30,210.528,81.747,168.559,54.271,44.406,559.511,Simulated
ICP000315-202605,ICP000315,2026-05,2026-05-01,2026-05-31,31,121.711,220.903,78.558,93.71,15.826,530.708,Simulated
ICP000316-202602,ICP000316,2026-02,2026-02-01,2026-02-28,28,377.641,62.449,94.292,107.498,94.901,736.781,Simulated
ICP000316-202603,ICP000316,2026-03,2026-03-01,2026-03-31,31,139.168,90.342,114.619,71.586,5.318,421.033,Simulated
ICP000316-202604,ICP000316,2026-04,2026-04-01,2026-04-30,30,343.608,92.909,239.144,143.535,27.999,847.195,Simulated
ICP000316-202605,ICP000316,2026-05,2026-05-01,2026-05-31,31,235.141,171.714,125.359,133.448,29.992,695.654,Simulated
ICP000317-202602,ICP000317,2026-02,2026-02-01,2026-02-28,28,157.052,141.43,253.655,83.438,2.571,638.146,Simulated
ICP000317-202603,ICP000317,2026-03,2026-03-01,2026-03-31,31,91.421,130.782,206.428,127.707,53.656,609.994,Simulated
ICP000317-202604,ICP000317,2026-04,2026-04-01,2026-04-30,30,118.721,402.425,153.261,40.07,5.313,719.79,Simulated
ICP000317-202605,ICP000317,2026-05,2026-05-01,2026-05-31,31,89.402,90.996,118.877,65.393,16.023,380.691,Simulated
ICP000318-202602,ICP000318,2026-02,2026-02-01,2026-02-28,28,275.606,142.636,114.069,105.437,28.184,665.932,Simulated
ICP000318-202603,ICP000318,2026-03,2026-03-01,2026-03-31,31,233.48,194.108,95.593,135.324,14.857,673.362,Simulated
ICP000318-202604,ICP000318,2026-04,2026-04-01,2026-04-30,30,220.369,135.955,223.766,75.431,89.021,744.542,Simulated
ICP000318-202605,ICP000318,2026-05,2026-05-01,2026-05-31,31,301.989,185.171,156.113,91.448,15.752,750.473,Simulated
ICP000319-202602,ICP000319,2026-02,2026-02-01,2026-02-28,28,155.051,198.285,197.542,55.048,0.527,606.453,Simulated
ICP000319-202603,ICP000319,2026-03,2026-03-01,2026-03-31,31,165.975,117.832,113.887,72.488,34.425,504.607,Simulated
ICP000319-202604,ICP000319,2026-04,2026-04-01,2026-04-30,30,133.948,196.106,137.968,108.988,18.973,595.983,Simulated
ICP000319-202605,ICP000319,2026-05,2026-05-01,2026-05-31,31,133.533,127.196,249.754,107.42,4.68,622.583,Simulated
ICP000320-202602,ICP000320,2026-02,2026-02-01,2026-02-28,28,109.733,62.05,271.198,112.253,9.889,565.123,Simulated
ICP000320-202603,ICP000320,2026-03,2026-03-01,2026-03-31,31,41.353,125.039,116.772,39.856,26.293,349.313,Simulated
ICP000320-202604,ICP000320,2026-04,2026-04-01,2026-04-30,30,54.714,164.942,172.425,44.005,12.441,448.527,Simulated
ICP000320-202605,ICP000320,2026-05,2026-05-01,2026-05-31,31,146.197,96.193,95.884,43.272,35.543,417.089,Simulated
ICP000321-202602,ICP000321,2026-02,2026-02-01,2026-02-28,28,115.377,126.711,217.435,74.653,29.886,564.062,Simulated
ICP000321-202603,ICP000321,2026-03,2026-03-01,2026-03-31,31,278.903,79.054,243.484,55.457,145.248,802.146,Simulated
ICP000321-202604,ICP000321,2026-04,2026-04-01,2026-04-30,30,111.277,153.649,124.787,112.446,7.36,509.519,Simulated
ICP000321-202605,ICP000321,2026-05,2026-05-01,2026-05-31,31,82.158,121.982,102.426,185.095,40.886,532.547,Simulated
ICP000322-202602,ICP000322,2026-02,2026-02-01,2026-02-28,28,161.132,143.572,125.22,59.76,31.732,521.416,Simulated
ICP000322-202603,ICP000322,2026-03,2026-03-01,2026-03-31,31,169.131,174.952,241.237,110.83,5.593,701.743,Simulated
ICP000322-202604,ICP000322,2026-04,2026-04-01,2026-04-30,30,131.503,165.95,139.496,98.952,13.882,549.783,Simulated
ICP000322-202605,ICP000322,2026-05,2026-05-01,2026-05-31,31,260.404,197.344,109.057,206.825,28.093,801.723,Simulated
ICP000323-202602,ICP000323,2026-02,2026-02-01,2026-02-28,28,135.501,118.375,113.029,105.34,43.603,515.848,Simulated
ICP000323-202603,ICP000323,2026-03,2026-03-01,2026-03-31,31,139.802,65.274,194.08,44.739,8.516,452.411,Simulated
ICP000323-202604,ICP000323,2026-04,2026-04-01,2026-04-30,30,165.848,83.346,205.771,40.812,31.853,527.63,Simulated
ICP000323-202605,ICP000323,2026-05,2026-05-01,2026-05-31,31,176.661,158.639,193.924,77.386,8.282,614.892,Simulated
ICP000324-202602,ICP000324,2026-02,2026-02-01,2026-02-28,28,149.402,117.372,374.254,44.402,9.286,694.716,Simulated
ICP000324-202603,ICP000324,2026-03,2026-03-01,2026-03-31,31,426.631,183.871,295.591,209.469,160.156,1275.718,Simulated
ICP000324-202604,ICP000324,2026-04,2026-04-01,2026-04-30,30,164.098,232.704,334.121,136.303,180.757,1047.983,Simulated
ICP000324-202605,ICP000324,2026-05,2026-05-01,2026-05-31,31,363.223,59.317,175.206,44.547,32.596,674.889,Simulated
ICP000325-202602,ICP000325,2026-02,2026-02-01,2026-02-28,28,125.411,94.395,179.769,16.573,35.212,451.36,Simulated
ICP000325-202603,ICP000325,2026-03,2026-03-01,2026-03-31,31,176.66,127.048,269.592,30.223,64.918,668.441,Simulated
ICP000325-202604,ICP000325,2026-04,2026-04-01,2026-04-30,30,255.894,109.537,137.258,128.27,108.0,738.959,Simulated
ICP000325-202605,ICP000325,2026-05,2026-05-01,2026-05-31,31,245.161,108.433,140.635,124.215,81.642,700.086,Simulated
ICP000326-202602,ICP000326,2026-02,2026-02-01,2026-02-28,28,114.783,92.118,310.449,84.779,8.816,610.945,Simulated
ICP000326-202603,ICP000326,2026-03,2026-03-01,2026-03-31,31,155.634,55.372,154.874,58.688,19.854,444.422,Simulated
ICP000326-202604,ICP000326,2026-04,2026-04-01,2026-04-30,30,115.332,238.712,180.941,175.212,29.088,739.285,Simulated
ICP000326-202605,ICP000326,2026-05,2026-05-01,2026-05-31,31,146.967,110.672,98.294,84.264,35.089,475.286,Simulated
ICP000327-202602,ICP000327,2026-02,2026-02-01,2026-02-28,28,260.24,168.023,221.178,90.204,17.996,757.641,Simulated
ICP000327-202603,ICP000327,2026-03,2026-03-01,2026-03-31,31,120.571,141.024,149.514,63.246,41.902,516.257,Simulated
ICP000327-202604,ICP000327,2026-04,2026-04-01,2026-04-30,30,144.94,194.04,304.837,48.994,31.304,724.115,Simulated
ICP000327-202605,ICP000327,2026-05,2026-05-01,2026-05-31,31,164.852,231.092,173.412,43.89,131.67,744.916,Simulated
ICP000328-202602,ICP000328,2026-02,2026-02-01,2026-02-28,28,125.548,60.005,97.018,28.441,2.443,313.455,Simulated
ICP000328-202603,ICP000328,2026-03,2026-03-01,2026-03-31,31,164.804,171.117,99.118,82.411,11.038,528.488,Simulated
ICP000328-202604,ICP000328,2026-04,2026-04-01,2026-04-30,30,156.382,159.129,130.025,70.817,68.269,584.622,Simulated
ICP000328-202605,ICP000328,2026-05,2026-05-01,2026-05-31,31,153.75,84.469,132.066,68.875,1.145,440.305,Simulated
ICP000329-202602,ICP000329,2026-02,2026-02-01,2026-02-28,28,103.226,66.123,180.482,17.569,45.059,412.459,Simulated
ICP000329-202603,ICP000329,2026-03,2026-03-01,2026-03-31,31,170.215,34.188,152.903,92.766,16.741,466.813,Simulated
ICP000329-202604,ICP000329,2026-04,2026-04-01,2026-04-30,30,189.748,100.411,135.313,237.369,19.226,682.067,Simulated
ICP000329-202605,ICP000329,2026-05,2026-05-01,2026-05-31,31,215.791,101.576,141.049,123.891,20.908,603.215,Simulated
ICP000330-202602,ICP000330,2026-02,2026-02-01,2026-02-28,28,116.087,100.475,172.38,50.068,63.019,502.029,Simulated
ICP000330-202603,ICP000330,2026-03,2026-03-01,2026-03-31,31,109.947,135.504,198.726,140.042,38.641,622.86,Simulated
ICP000330-202604,ICP000330,2026-04,2026-04-01,2026-04-30,30,190.812,164.598,366.3,63.868,24.667,810.245,Simulated
ICP000330-202605,ICP000330,2026-05,2026-05-01,2026-05-31,31,406.138,195.96,354.792,180.541,57.759,1195.19,Simulated
ICP000331-202602,ICP000331,2026-02,2026-02-01,2026-02-28,28,81.649,98.752,162.12,76.032,18.22,436.773,Simulated
ICP000331-202603,ICP000331,2026-03,2026-03-01,2026-03-31,31,79.27,248.835,170.438,77.784,44.977,621.304,Simulated
ICP000331-202604,ICP000331,2026-04,2026-04-01,2026-04-30,30,270.706,83.175,218.136,136.272,0.552,708.841,Simulated
ICP000331-202605,ICP000331,2026-05,2026-05-01,2026-05-31,31,194.336,233.828,123.926,115.486,8.943,676.519,Simulated
ICP000332-202602,ICP000332,2026-02,2026-02-01,2026-02-28,28,85.982,172.21,123.497,45.386,2.901,429.976,Simulated
ICP000332-202603,ICP000332,2026-03,2026-03-01,2026-03-31,31,160.728,83.797,99.423,29.137,8.186,381.271,Simulated
ICP000332-202604,ICP000332,2026-04,2026-04-01,2026-04-30,30,118.876,95.532,127.966,67.857,2.509,412.74,Simulated
ICP000332-202605,ICP000332,2026-05,2026-05-01,2026-05-31,31,157.061,122.963,128.668,34.48,47.73,490.902,Simulated
ICP000333-202602,ICP000333,2026-02,2026-02-01,2026-02-28,28,94.23,88.754,79.794,50.848,8.949,322.575,Simulated
ICP000333-202603,ICP000333,2026-03,2026-03-01,2026-03-31,31,155.363,157.969,151.665,29.569,10.453,505.019,Simulated
ICP000333-202604,ICP000333,2026-04,2026-04-01,2026-04-30,30,112.727,105.601,120.852,120.295,50.907,510.382,Simulated
ICP000333-202605,ICP000333,2026-05,2026-05-01,2026-05-31,31,82.392,79.762,130.562,84.984,80.703,458.403,Simulated
ICP000334-202602,ICP000334,2026-02,2026-02-01,2026-02-28,28,150.257,163.091,165.835,104.371,39.116,622.67,Simulated
ICP000334-202603,ICP000334,2026-03,2026-03-01,2026-03-31,31,206.623,235.542,109.624,35.337,0.111,587.237,Simulated
ICP000334-202604,ICP000334,2026-04,2026-04-01,2026-04-30,30,114.122,109.911,97.427,35.362,5.688,362.51,Simulated
ICP000334-202605,ICP000334,2026-05,2026-05-01,2026-05-31,31,215.16,141.492,272.95,153.403,0.967,783.972,Simulated
ICP000335-202602,ICP000335,2026-02,2026-02-01,2026-02-28,28,155.939,291.848,144.942,249.988,15.974,858.691,Simulated
ICP000335-202603,ICP000335,2026-03,2026-03-01,2026-03-31,31,444.16,262.521,252.299,152.568,20.245,1131.793,Simulated
ICP000335-202604,ICP000335,2026-04,2026-04-01,2026-04-30,30,119.08,104.457,97.093,136.281,85.707,542.618,Simulated
ICP000335-202605,ICP000335,2026-05,2026-05-01,2026-05-31,31,173.948,77.103,178.972,49.624,55.428,535.075,Simulated
ICP000336-202602,ICP000336,2026-02,2026-02-01,2026-02-28,28,239.977,251.328,204.681,53.353,9.71,759.049,Simulated
ICP000336-202603,ICP000336,2026-03,2026-03-01,2026-03-31,31,270.928,160.268,196.469,34.602,59.334,721.601,Simulated
ICP000336-202604,ICP000336,2026-04,2026-04-01,2026-04-30,30,149.278,82.443,126.22,125.539,3.509,486.989,Simulated
ICP000336-202605,ICP000336,2026-05,2026-05-01,2026-05-31,31,126.862,162.769,199.143,263.025,10.859,762.658,Simulated
ICP000337-202602,ICP000337,2026-02,2026-02-01,2026-02-28,28,208.934,163.621,154.37,70.88,41.139,638.944,Simulated
ICP000337-202603,ICP000337,2026-03,2026-03-01,2026-03-31,31,78.697,150.522,139.882,73.808,14.249,457.158,Simulated
ICP000337-202604,ICP000337,2026-04,2026-04-01,2026-04-30,30,237.124,223.901,167.449,72.769,17.993,719.236,Simulated
ICP000337-202605,ICP000337,2026-05,2026-05-01,2026-05-31,31,71.761,204.072,136.582,96.166,12.994,521.575,Simulated
ICP000338-202602,ICP000338,2026-02,2026-02-01,2026-02-28,28,77.79,114.117,218.493,108.708,5.827,524.935,Simulated
ICP000338-202603,ICP000338,2026-03,2026-03-01,2026-03-31,31,116.283,81.797,246.624,135.225,29.921,609.85,Simulated
ICP000338-202604,ICP000338,2026-04,2026-04-01,2026-04-30,30,180.774,111.611,45.779,411.596,1.197,750.957,Simulated
ICP000338-202605,ICP000338,2026-05,2026-05-01,2026-05-31,31,190.188,77.148,276.342,117.097,18.875,679.65,Simulated
ICP000339-202602,ICP000339,2026-02,2026-02-01,2026-02-28,28,77.641,77.491,125.577,51.412,20.607,352.728,Simulated
ICP000339-202603,ICP000339,2026-03,2026-03-01,2026-03-31,31,126.127,153.328,229.361,69.249,3.691,581.756,Simulated
ICP000339-202604,ICP000339,2026-04,2026-04-01,2026-04-30,30,292.565,81.75,160.154,74.136,19.643,628.248,Simulated
ICP000339-202605,ICP000339,2026-05,2026-05-01,2026-05-31,31,253.248,92.159,207.268,144.981,10.637,708.293,Simulated
ICP000340-202602,ICP000340,2026-02,2026-02-01,2026-02-28,28,115.157,106.588,69.555,68.189,3.449,362.938,Simulated
ICP000340-202603,ICP000340,2026-03,2026-03-01,2026-03-31,31,266.362,121.432,160.414,92.06,7.471,647.739,Simulated
ICP000340-202604,ICP000340,2026-04,2026-04-01,2026-04-30,30,124.654,133.455,266.526,153.913,0.232,678.78,Simulated
ICP000340-202605,ICP000340,2026-05,2026-05-01,2026-05-31,31,212.116,126.078,94.156,58.454,22.604,513.408,Simulated
ICP000341-202602,ICP000341,2026-02,2026-02-01,2026-02-28,28,305.681,242.172,239.914,87.454,46.82,922.041,Simulated
ICP000341-202603,ICP000341,2026-03,2026-03-01,2026-03-31,31,270.35,136.966,178.41,185.443,100.576,871.745,Simulated
ICP000341-202604,ICP000341,2026-04,2026-04-01,2026-04-30,30,102.401,339.094,249.629,69.927,50.687,811.738,Simulated
ICP000341-202605,ICP000341,2026-05,2026-05-01,2026-05-31,31,498.847,241.921,245.874,223.22,5.872,1215.734,Simulated
ICP000342-202602,ICP000342,2026-02,2026-02-01,2026-02-28,28,78.823,74.835,79.206,47.368,4.852,285.084,Simulated
ICP000342-202603,ICP000342,2026-03,2026-03-01,2026-03-31,31,241.837,93.512,80.474,102.928,4.296,523.047,Simulated
ICP000342-202604,ICP000342,2026-04,2026-04-01,2026-04-30,30,275.714,135.11,215.05,87.497,59.635,773.006,Simulated
ICP000342-202605,ICP000342,2026-05,2026-05-01,2026-05-31,31,54.651,221.876,198.496,145.155,16.111,636.289,Simulated
ICP000343-202602,ICP000343,2026-02,2026-02-01,2026-02-28,28,84.401,28.266,90.703,15.506,38.809,257.685,Simulated
ICP000343-202603,ICP000343,2026-03,2026-03-01,2026-03-31,31,175.034,252.31,159.461,154.597,4.706,746.108,Simulated
ICP000343-202604,ICP000343,2026-04,2026-04-01,2026-04-30,30,111.384,174.056,197.335,102.063,16.896,601.734,Simulated
ICP000343-202605,ICP000343,2026-05,2026-05-01,2026-05-31,31,230.966,209.116,242.17,287.097,14.157,983.506,Simulated
ICP000344-202602,ICP000344,2026-02,2026-02-01,2026-02-28,28,115.136,93.366,105.237,49.199,0.61,363.548,Simulated
ICP000344-202603,ICP000344,2026-03,2026-03-01,2026-03-31,31,289.49,167.11,236.887,51.446,22.606,767.539,Simulated
ICP000344-202604,ICP000344,2026-04,2026-04-01,2026-04-30,30,43.714,74.275,87.122,145.746,50.066,400.923,Simulated
ICP000344-202605,ICP000344,2026-05,2026-05-01,2026-05-31,31,245.408,88.006,131.625,72.915,27.252,565.206,Simulated
ICP000345-202602,ICP000345,2026-02,2026-02-01,2026-02-28,28,66.996,197.592,127.995,127.981,40.506,561.07,Simulated
ICP000345-202603,ICP000345,2026-03,2026-03-01,2026-03-31,31,76.489,59.011,136.453,110.891,35.813,418.657,Simulated
ICP000345-202604,ICP000345,2026-04,2026-04-01,2026-04-30,30,169.335,101.154,138.168,50.329,7.303,466.289,Simulated
ICP000345-202605,ICP000345,2026-05,2026-05-01,2026-05-31,31,115.105,107.6,130.869,106.926,0.036,460.536,Simulated
ICP000346-202602,ICP000346,2026-02,2026-02-01,2026-02-28,28,180.397,91.198,90.574,115.496,16.848,494.513,Simulated
ICP000346-202603,ICP000346,2026-03,2026-03-01,2026-03-31,31,107.232,69.035,99.981,174.132,64.948,515.328,Simulated
ICP000346-202604,ICP000346,2026-04,2026-04-01,2026-04-30,30,266.209,135.25,143.814,145.813,4.911,695.997,Simulated
ICP000346-202605,ICP000346,2026-05,2026-05-01,2026-05-31,31,197.919,102.27,107.779,41.174,42.969,492.111,Simulated
ICP000347-202602,ICP000347,2026-02,2026-02-01,2026-02-28,28,122.659,103.559,134.92,96.414,41.339,498.891,Simulated
ICP000347-202603,ICP000347,2026-03,2026-03-01,2026-03-31,31,385.041,139.923,255.755,161.519,0.024,942.262,Simulated
ICP000347-202604,ICP000347,2026-04,2026-04-01,2026-04-30,30,277.713,371.166,316.792,330.312,111.53,1407.513,Simulated
ICP000347-202605,ICP000347,2026-05,2026-05-01,2026-05-31,31,227.187,176.71,269.591,211.259,51.646,936.393,Simulated
ICP000348-202602,ICP000348,2026-02,2026-02-01,2026-02-28,28,97.04,81.036,186.619,50.578,23.125,438.398,Simulated
ICP000348-202603,ICP000348,2026-03,2026-03-01,2026-03-31,31,293.948,214.421,155.548,103.364,53.918,821.199,Simulated
ICP000348-202604,ICP000348,2026-04,2026-04-01,2026-04-30,30,373.464,217.599,294.974,73.798,77.557,1037.392,Simulated
ICP000348-202605,ICP000348,2026-05,2026-05-01,2026-05-31,31,134.648,76.416,258.733,134.805,1.833,606.435,Simulated
ICP000349-202602,ICP000349,2026-02,2026-02-01,2026-02-28,28,156.066,81.228,248.348,85.784,20.623,592.049,Simulated
ICP000349-202603,ICP000349,2026-03,2026-03-01,2026-03-31,31,319.739,50.312,156.164,204.34,100.59,831.145,Simulated
ICP000349-202604,ICP000349,2026-04,2026-04-01,2026-04-30,30,391.213,443.489,263.568,195.48,14.493,1308.243,Simulated
ICP000349-202605,ICP000349,2026-05,2026-05-01,2026-05-31,31,190.261,59.896,316.451,136.864,54.283,757.755,Simulated
ICP000350-202602,ICP000350,2026-02,2026-02-01,2026-02-28,28,66.417,76.791,107.957,79.623,19.302,350.09,Simulated
ICP000350-202603,ICP000350,2026-03,2026-03-01,2026-03-31,31,66.255,120.136,225.514,55.249,1.835,468.989,Simulated
ICP000350-202604,ICP000350,2026-04,2026-04-01,2026-04-30,30,160.921,53.868,122.998,56.143,57.926,451.856,Simulated
ICP000350-202605,ICP000350,2026-05,2026-05-01,2026-05-31,31,155.566,144.481,157.029,39.976,3.496,500.548,Simulated
ICP000351-202602,ICP000351,2026-02,2026-02-01,2026-02-28,28,208.517,166.655,147.595,87.494,31.608,641.869,Simulated
ICP000351-202603,ICP000351,2026-03,2026-03-01,2026-03-31,31,155.537,80.634,119.585,67.253,9.166,432.175,Simulated
ICP000351-202604,ICP000351,2026-04,2026-04-01,2026-04-30,30,145.584,82.894,226.343,54.829,34.639,544.289,Simulated
ICP000351-202605,ICP000351,2026-05,2026-05-01,2026-05-31,31,221.575,167.982,164.68,87.757,0.572,642.566,Simulated
ICP000352-202602,ICP000352,2026-02,2026-02-01,2026-02-28,28,133.208,184.366,106.001,122.502,133.121,679.198,Simulated
ICP000352-202603,ICP000352,2026-03,2026-03-01,2026-03-31,31,131.627,139.177,161.305,156.416,5.273,593.798,Simulated
ICP000352-202604,ICP000352,2026-04,2026-04-01,2026-04-30,30,353.65,154.108,114.704,63.652,5.775,691.889,Simulated
ICP000352-202605,ICP000352,2026-05,2026-05-01,2026-05-31,31,119.462,111.95,129.191,151.876,28.928,541.407,Simulated
ICP000353-202602,ICP000353,2026-02,2026-02-01,2026-02-28,28,109.372,174.681,184.146,55.8,22.491,546.49,Simulated
ICP000353-202603,ICP000353,2026-03,2026-03-01,2026-03-31,31,132.318,186.961,122.41,85.851,12.949,540.489,Simulated
ICP000353-202604,ICP000353,2026-04,2026-04-01,2026-04-30,30,56.446,111.975,163.884,66.646,17.337,416.288,Simulated
ICP000353-202605,ICP000353,2026-05,2026-05-01,2026-05-31,31,160.594,74.185,225.53,113.005,13.92,587.234,Simulated
ICP000354-202602,ICP000354,2026-02,2026-02-01,2026-02-28,28,259.757,218.748,199.858,52.888,41.301,772.552,Simulated
ICP000354-202603,ICP000354,2026-03,2026-03-01,2026-03-31,31,73.77,93.86,210.108,192.653,56.886,627.277,Simulated
ICP000354-202604,ICP000354,2026-04,2026-04-01,2026-04-30,30,198.151,206.177,209.553,102.118,24.405,740.404,Simulated
ICP000354-202605,ICP000354,2026-05,2026-05-01,2026-05-31,31,299.504,100.563,263.892,211.442,90.291,965.692,Simulated
ICP000355-202602,ICP000355,2026-02,2026-02-01,2026-02-28,28,147.313,99.044,135.001,44.36,25.827,451.545,Simulated
ICP000355-202603,ICP000355,2026-03,2026-03-01,2026-03-31,31,116.899,81.804,214.314,55.865,8.017,476.899,Simulated
ICP000355-202604,ICP000355,2026-04,2026-04-01,2026-04-30,30,133.712,184.147,147.368,158.164,65.223,688.614,Simulated
ICP000355-202605,ICP000355,2026-05,2026-05-01,2026-05-31,31,183.335,225.481,128.491,146.142,171.561,855.01,Simulated
ICP000356-202602,ICP000356,2026-02,2026-02-01,2026-02-28,28,372.454,257.29,143.267,408.348,12.795,1194.154,Simulated
ICP000356-202603,ICP000356,2026-03,2026-03-01,2026-03-31,31,183.136,308.035,94.812,129.139,49.645,764.767,Simulated
ICP000356-202604,ICP000356,2026-04,2026-04-01,2026-04-30,30,505.71,289.011,495.704,576.287,35.725,1902.437,Simulated
ICP000356-202605,ICP000356,2026-05,2026-05-01,2026-05-31,31,277.031,63.598,245.98,49.261,165.908,801.778,Simulated
ICP000357-202602,ICP000357,2026-02,2026-02-01,2026-02-28,28,127.192,81.255,139.027,41.986,62.179,451.639,Simulated
ICP000357-202603,ICP000357,2026-03,2026-03-01,2026-03-31,31,114.093,124.673,91.544,52.862,11.436,394.608,Simulated
ICP000357-202604,ICP000357,2026-04,2026-04-01,2026-04-30,30,353.855,186.661,113.062,212.328,165.543,1031.449,Simulated
ICP000357-202605,ICP000357,2026-05,2026-05-01,2026-05-31,31,182.851,51.22,377.657,47.106,40.022,698.856,Simulated
ICP000358-202602,ICP000358,2026-02,2026-02-01,2026-02-28,28,155.074,108.893,68.651,119.84,13.697,466.155,Simulated
ICP000358-202603,ICP000358,2026-03,2026-03-01,2026-03-31,31,233.841,89.189,86.614,75.145,18.638,503.427,Simulated
ICP000358-202604,ICP000358,2026-04,2026-04-01,2026-04-30,30,210.246,149.129,123.061,23.954,30.854,537.244,Simulated
ICP000358-202605,ICP000358,2026-05,2026-05-01,2026-05-31,31,198.037,133.799,210.713,116.714,9.739,669.002,Simulated
ICP000359-202602,ICP000359,2026-02,2026-02-01,2026-02-28,28,171.149,44.204,112.325,52.259,8.386,388.323,Simulated
ICP000359-202603,ICP000359,2026-03,2026-03-01,2026-03-31,31,136.21,99.254,205.847,137.139,32.714,611.164,Simulated
ICP000359-202604,ICP000359,2026-04,2026-04-01,2026-04-30,30,121.321,205.503,165.407,63.627,9.551,565.409,Simulated
ICP000359-202605,ICP000359,2026-05,2026-05-01,2026-05-31,31,309.242,187.276,87.75,106.652,0.654,691.574,Simulated
ICP000360-202602,ICP000360,2026-02,2026-02-01,2026-02-28,28,75.958,133.339,155.4,73.567,4.756,443.02,Simulated
ICP000360-202603,ICP000360,2026-03,2026-03-01,2026-03-31,31,287.437,158.049,136.161,126.506,45.08,753.233,Simulated
ICP000360-202604,ICP000360,2026-04,2026-04-01,2026-04-30,30,78.094,212.182,106.078,64.232,10.45,471.036,Simulated
ICP000360-202605,ICP000360,2026-05,2026-05-01,2026-05-31,31,61.579,196.712,155.132,85.081,1.862,500.366,Simulated
ICP000361-202602,ICP000361,2026-02,2026-02-01,2026-02-28,28,169.458,53.368,122.694,47.676,26.482,419.678,Simulated
ICP000361-202603,ICP000361,2026-03,2026-03-01,2026-03-31,31,118.152,122.601,106.105,29.428,49.431,425.717,Simulated
ICP000361-202604,ICP000361,2026-04,2026-04-01,2026-04-30,30,191.214,99.103,173.139,29.358,28.218,521.032,Simulated
ICP000361-202605,ICP000361,2026-05,2026-05-01,2026-05-31,31,205.1,103.625,406.808,105.223,70.647,891.403,Simulated
ICP000362-202602,ICP000362,2026-02,2026-02-01,2026-02-28,28,220.268,104.852,203.015,113.231,8.507,649.873,Simulated
ICP000362-202603,ICP000362,2026-03,2026-03-01,2026-03-31,31,180.672,265.611,203.048,94.949,11.169,755.449,Simulated
ICP000362-202604,ICP000362,2026-04,2026-04-01,2026-04-30,30,459.071,165.429,355.022,135.488,46.309,1161.319,Simulated
ICP000362-202605,ICP000362,2026-05,2026-05-01,2026-05-31,31,193.421,196.843,265.196,71.099,46.347,772.906,Simulated
ICP000363-202602,ICP000363,2026-02,2026-02-01,2026-02-28,28,199.13,86.456,125.771,155.408,25.868,592.633,Simulated
ICP000363-202603,ICP000363,2026-03,2026-03-01,2026-03-31,31,91.692,129.007,77.402,83.262,4.208,385.571,Simulated
ICP000363-202604,ICP000363,2026-04,2026-04-01,2026-04-30,30,101.682,295.835,124.623,185.008,17.968,725.116,Simulated
ICP000363-202605,ICP000363,2026-05,2026-05-01,2026-05-31,31,240.693,116.225,130.859,124.999,49.4,662.176,Simulated
ICP000364-202602,ICP000364,2026-02,2026-02-01,2026-02-28,28,144.295,76.44,27.883,84.932,19.943,353.493,Simulated
ICP000364-202603,ICP000364,2026-03,2026-03-01,2026-03-31,31,313.97,111.924,164.308,211.726,36.183,838.111,Simulated
ICP000364-202604,ICP000364,2026-04,2026-04-01,2026-04-30,30,123.285,189.493,126.302,76.942,11.4,527.422,Simulated
ICP000364-202605,ICP000364,2026-05,2026-05-01,2026-05-31,31,265.769,78.587,155.742,92.848,20.614,613.56,Simulated
ICP000365-202602,ICP000365,2026-02,2026-02-01,2026-02-28,28,361.683,136.563,96.033,118.917,8.579,721.775,Simulated
ICP000365-202603,ICP000365,2026-03,2026-03-01,2026-03-31,31,155.966,39.636,102.459,33.435,12.073,343.569,Simulated
ICP000365-202604,ICP000365,2026-04,2026-04-01,2026-04-30,30,232.154,178.703,167.923,57.583,14.303,650.666,Simulated
ICP000365-202605,ICP000365,2026-05,2026-05-01,2026-05-31,31,178.773,168.507,343.343,75.006,9.033,774.662,Simulated
ICP000366-202602,ICP000366,2026-02,2026-02-01,2026-02-28,28,167.383,185.056,180.107,72.907,21.68,627.133,Simulated
ICP000366-202603,ICP000366,2026-03,2026-03-01,2026-03-31,31,51.407,248.217,107.108,247.756,16.547,671.035,Simulated
ICP000366-202604,ICP000366,2026-04,2026-04-01,2026-04-30,30,152.091,56.724,118.832,28.999,18.057,374.703,Simulated
ICP000366-202605,ICP000366,2026-05,2026-05-01,2026-05-31,31,250.998,131.962,102.171,98.33,28.007,611.468,Simulated
ICP000367-202602,ICP000367,2026-02,2026-02-01,2026-02-28,28,213.604,133.755,52.614,95.319,2.541,497.833,Simulated
ICP000367-202603,ICP000367,2026-03,2026-03-01,2026-03-31,31,136.214,212.275,166.256,147.856,12.99,675.591,Simulated
ICP000367-202604,ICP000367,2026-04,2026-04-01,2026-04-30,30,209.903,261.373,121.712,106.939,8.468,708.395,Simulated
ICP000367-202605,ICP000367,2026-05,2026-05-01,2026-05-31,31,200.6,131.163,89.382,70.494,17.468,509.107,Simulated
ICP000368-202602,ICP000368,2026-02,2026-02-01,2026-02-28,28,73.282,200.843,101.838,129.099,6.671,511.733,Simulated
ICP000368-202603,ICP000368,2026-03,2026-03-01,2026-03-31,31,81.171,79.628,134.896,93.97,25.045,414.71,Simulated
ICP000368-202604,ICP000368,2026-04,2026-04-01,2026-04-30,30,223.518,151.929,36.767,32.298,4.03,448.542,Simulated
ICP000368-202605,ICP000368,2026-05,2026-05-01,2026-05-31,31,233.175,114.706,75.275,203.079,11.351,637.586,Simulated
ICP000369-202602,ICP000369,2026-02,2026-02-01,2026-02-28,28,198.438,56.295,97.483,133.263,21.383,506.862,Simulated
ICP000369-202603,ICP000369,2026-03,2026-03-01,2026-03-31,31,205.904,264.304,130.731,101.104,35.21,737.253,Simulated
ICP000369-202604,ICP000369,2026-04,2026-04-01,2026-04-30,30,170.324,186.825,228.809,150.373,47.549,783.88,Simulated
ICP000369-202605,ICP000369,2026-05,2026-05-01,2026-05-31,31,163.306,187.013,128.732,141.806,12.623,633.48,Simulated
ICP000370-202602,ICP000370,2026-02,2026-02-01,2026-02-28,28,180.569,168.206,109.784,77.534,35.067,571.16,Simulated
ICP000370-202603,ICP000370,2026-03,2026-03-01,2026-03-31,31,165.316,73.857,98.939,142.891,31.902,512.905,Simulated
ICP000370-202604,ICP000370,2026-04,2026-04-01,2026-04-30,30,91.221,139.068,150.287,142.324,2.628,525.528,Simulated
ICP000370-202605,ICP000370,2026-05,2026-05-01,2026-05-31,31,106.296,133.781,289.595,198.459,117.984,846.115,Simulated
ICP000371-202602,ICP000371,2026-02,2026-02-01,2026-02-28,28,156.454,72.466,158.381,122.739,9.252,519.292,Simulated
ICP000371-202603,ICP000371,2026-03,2026-03-01,2026-03-31,31,77.57,56.424,187.054,102.223,18.244,441.515,Simulated
ICP000371-202604,ICP000371,2026-04,2026-04-01,2026-04-30,30,98.042,102.133,219.279,65.266,18.017,502.737,Simulated
ICP000371-202605,ICP000371,2026-05,2026-05-01,2026-05-31,31,232.471,139.753,258.641,112.334,15.754,758.953,Simulated
ICP000372-202602,ICP000372,2026-02,2026-02-01,2026-02-28,28,194.269,62.36,89.705,80.115,4.767,431.216,Simulated
ICP000372-202603,ICP000372,2026-03,2026-03-01,2026-03-31,31,69.217,82.658,130.043,100.524,0.207,382.649,Simulated
ICP000372-202604,ICP000372,2026-04,2026-04-01,2026-04-30,30,168.856,77.555,198.607,205.392,16.194,666.604,Simulated
ICP000372-202605,ICP000372,2026-05,2026-05-01,2026-05-31,31,160.161,96.467,300.715,85.322,9.382,652.047,Simulated
ICP000373-202602,ICP000373,2026-02,2026-02-01,2026-02-28,28,109.195,141.539,51.513,149.666,24.629,476.542,Simulated
ICP000373-202603,ICP000373,2026-03,2026-03-01,2026-03-31,31,77.774,65.604,199.347,215.052,10.838,568.615,Simulated
ICP000373-202604,ICP000373,2026-04,2026-04-01,2026-04-30,30,136.768,160.579,149.399,55.338,26.058,528.142,Simulated
ICP000373-202605,ICP000373,2026-05,2026-05-01,2026-05-31,31,126.491,190.824,147.531,122.785,35.481,623.112,Simulated
ICP000374-202602,ICP000374,2026-02,2026-02-01,2026-02-28,28,128.84,163.912,147.017,28.334,32.911,501.014,Simulated
ICP000374-202603,ICP000374,2026-03,2026-03-01,2026-03-31,31,28.491,80.09,91.738,26.996,20.84,248.155,Simulated
ICP000374-202604,ICP000374,2026-04,2026-04-01,2026-04-30,30,130.9,150.237,181.839,60.216,14.665,537.857,Simulated
ICP000374-202605,ICP000374,2026-05,2026-05-01,2026-05-31,31,196.037,100.448,115.076,77.899,11.128,500.588,Simulated
ICP000375-202602,ICP000375,2026-02,2026-02-01,2026-02-28,28,184.537,57.667,254.283,89.062,1.651,587.2,Simulated
ICP000375-202603,ICP000375,2026-03,2026-03-01,2026-03-31,31,105.158,174.292,137.851,94.64,44.548,556.489,Simulated
ICP000375-202604,ICP000375,2026-04,2026-04-01,2026-04-30,30,104.778,192.44,63.87,85.58,31.233,477.901,Simulated
ICP000375-202605,ICP000375,2026-05,2026-05-01,2026-05-31,31,121.756,164.408,133.16,182.912,10.911,613.147,Simulated
ICP000376-202602,ICP000376,2026-02,2026-02-01,2026-02-28,28,154.127,38.299,64.93,59.788,22.222,339.366,Simulated
ICP000376-202603,ICP000376,2026-03,2026-03-01,2026-03-31,31,139.145,30.273,186.314,49.862,4.188,409.782,Simulated
ICP000376-202604,ICP000376,2026-04,2026-04-01,2026-04-30,30,136.228,215.347,137.845,45.671,138.61,673.701,Simulated
ICP000376-202605,ICP000376,2026-05,2026-05-01,2026-05-31,31,247.784,88.458,154.072,85.79,2.518,578.622,Simulated
ICP000377-202602,ICP000377,2026-02,2026-02-01,2026-02-28,28,117.853,131.865,105.002,62.266,75.322,492.308,Simulated
ICP000377-202603,ICP000377,2026-03,2026-03-01,2026-03-31,31,229.914,71.994,111.883,91.72,1.394,506.905,Simulated
ICP000377-202604,ICP000377,2026-04,2026-04-01,2026-04-30,30,228.005,90.204,154.315,18.71,52.514,543.748,Simulated
ICP000377-202605,ICP000377,2026-05,2026-05-01,2026-05-31,31,215.265,76.853,64.25,91.958,102.404,550.73,Simulated
ICP000378-202602,ICP000378,2026-02,2026-02-01,2026-02-28,28,139.798,56.179,56.881,112.162,15.486,380.506,Simulated
ICP000378-202603,ICP000378,2026-03,2026-03-01,2026-03-31,31,139.755,69.185,76.966,95.042,6.068,387.016,Simulated
ICP000378-202604,ICP000378,2026-04,2026-04-01,2026-04-30,30,209.458,221.736,151.481,41.492,21.624,645.791,Simulated
ICP000378-202605,ICP000378,2026-05,2026-05-01,2026-05-31,31,139.938,110.234,135.904,26.28,58.458,470.814,Simulated
ICP000379-202602,ICP000379,2026-02,2026-02-01,2026-02-28,28,218.195,203.425,150.523,104.713,6.636,683.492,Simulated
ICP000379-202603,ICP000379,2026-03,2026-03-01,2026-03-31,31,227.573,300.979,138.053,149.524,1.202,817.331,Simulated
ICP000379-202604,ICP000379,2026-04,2026-04-01,2026-04-30,30,94.459,99.643,207.385,62.13,36.89,500.507,Simulated
ICP000379-202605,ICP000379,2026-05,2026-05-01,2026-05-31,31,175.333,74.881,100.49,55.833,0.088,406.625,Simulated
ICP000380-202602,ICP000380,2026-02,2026-02-01,2026-02-28,28,511.509,213.033,74.929,126.052,88.21,1013.733,Simulated
ICP000380-202603,ICP000380,2026-03,2026-03-01,2026-03-31,31,122.891,150.58,280.187,123.302,4.512,681.472,Simulated
ICP000380-202604,ICP000380,2026-04,2026-04-01,2026-04-30,30,62.495,124.397,331.534,91.621,20.895,630.942,Simulated
ICP000380-202605,ICP000380,2026-05,2026-05-01,2026-05-31,31,202.117,54.794,99.672,89.374,5.195,451.152,Simulated
ICP000381-202602,ICP000381,2026-02,2026-02-01,2026-02-28,28,276.62,139.772,132.853,46.261,4.011,599.517,Simulated
ICP000381-202603,ICP000381,2026-03,2026-03-01,2026-03-31,31,159.439,126.583,106.503,75.019,44.042,511.586,Simulated
ICP000381-202604,ICP000381,2026-04,2026-04-01,2026-04-30,30,173.37,151.119,231.996,191.801,26.114,774.4,Simulated
ICP000381-202605,ICP000381,2026-05,2026-05-01,2026-05-31,31,367.169,188.355,351.485,214.647,58.099,1179.755,Simulated
ICP000382-202602,ICP000382,2026-02,2026-02-01,2026-02-28,28,270.47,144.963,115.576,78.864,14.522,624.395,Simulated
ICP000382-202603,ICP000382,2026-03,2026-03-01,2026-03-31,31,142.388,62.737,126.403,42.322,146.924,520.774,Simulated
ICP000382-202604,ICP000382,2026-04,2026-04-01,2026-04-30,30,271.478,202.708,408.695,220.239,41.448,1144.568,Simulated
ICP000382-202605,ICP000382,2026-05,2026-05-01,2026-05-31,31,458.007,164.293,177.272,37.438,44.987,881.997,Simulated
ICP000383-202602,ICP000383,2026-02,2026-02-01,2026-02-28,28,30.484,56.539,140.455,167.521,35.514,430.513,Simulated
ICP000383-202603,ICP000383,2026-03,2026-03-01,2026-03-31,31,175.8,65.38,207.307,116.84,5.248,570.575,Simulated
ICP000383-202604,ICP000383,2026-04,2026-04-01,2026-04-30,30,175.84,83.677,341.074,170.86,26.795,798.246,Simulated
ICP000383-202605,ICP000383,2026-05,2026-05-01,2026-05-31,31,114.505,173.149,102.128,115.523,9.378,514.683,Simulated
ICP000384-202602,ICP000384,2026-02,2026-02-01,2026-02-28,28,235.083,28.351,115.682,47.129,17.062,443.307,Simulated
ICP000384-202603,ICP000384,2026-03,2026-03-01,2026-03-31,31,224.021,72.653,101.723,211.532,41.987,651.916,Simulated
ICP000384-202604,ICP000384,2026-04,2026-04-01,2026-04-30,30,290.913,69.281,62.699,67.047,33.256,523.196,Simulated
ICP000384-202605,ICP000384,2026-05,2026-05-01,2026-05-31,31,135.789,232.049,236.15,85.641,19.812,709.441,Simulated
ICP000385-202602,ICP000385,2026-02,2026-02-01,2026-02-28,28,290.486,160.569,75.938,223.14,9.759,759.892,Simulated
ICP000385-202603,ICP000385,2026-03,2026-03-01,2026-03-31,31,97.686,232.841,163.975,33.815,119.006,647.323,Simulated
ICP000385-202604,ICP000385,2026-04,2026-04-01,2026-04-30,30,171.101,102.206,123.578,57.097,12.623,466.605,Simulated
ICP000385-202605,ICP000385,2026-05,2026-05-01,2026-05-31,31,227.098,149.36,355.96,43.718,20.859,796.995,Simulated
ICP000386-202602,ICP000386,2026-02,2026-02-01,2026-02-28,28,261.966,68.385,118.079,50.134,78.934,577.498,Simulated
ICP000386-202603,ICP000386,2026-03,2026-03-01,2026-03-31,31,127.913,83.859,171.19,149.791,9.699,542.452,Simulated
ICP000386-202604,ICP000386,2026-04,2026-04-01,2026-04-30,30,116.94,72.84,74.828,76.093,8.255,348.956,Simulated
ICP000386-202605,ICP000386,2026-05,2026-05-01,2026-05-31,31,123.948,98.943,225.286,85.86,84.346,618.383,Simulated
ICP000387-202602,ICP000387,2026-02,2026-02-01,2026-02-28,28,95.335,70.914,143.575,43.04,48.255,401.119,Simulated
ICP000387-202603,ICP000387,2026-03,2026-03-01,2026-03-31,31,211.417,101.361,211.83,120.722,58.342,703.672,Simulated
ICP000387-202604,ICP000387,2026-04,2026-04-01,2026-04-30,30,207.406,233.777,217.841,132.003,55.988,847.015,Simulated
ICP000387-202605,ICP000387,2026-05,2026-05-01,2026-05-31,31,131.268,190.711,86.449,238.953,7.479,654.86,Simulated
ICP000388-202602,ICP000388,2026-02,2026-02-01,2026-02-28,28,296.823,33.485,216.2,54.485,4.124,605.117,Simulated
ICP000388-202603,ICP000388,2026-03,2026-03-01,2026-03-31,31,217.205,118.761,117.088,38.737,9.421,501.212,Simulated
ICP000388-202604,ICP000388,2026-04,2026-04-01,2026-04-30,30,307.704,251.932,192.758,124.036,20.783,897.213,Simulated
ICP000388-202605,ICP000388,2026-05,2026-05-01,2026-05-31,31,292.439,267.888,482.811,326.763,18.713,1388.614,Simulated
ICP000389-202602,ICP000389,2026-02,2026-02-01,2026-02-28,28,96.043,48.239,73.175,114.244,9.883,341.584,Simulated
ICP000389-202603,ICP000389,2026-03,2026-03-01,2026-03-31,31,194.496,177.36,263.817,51.037,65.295,752.005,Simulated
ICP000389-202604,ICP000389,2026-04,2026-04-01,2026-04-30,30,145.948,95.086,121.546,79.003,21.18,462.763,Simulated
ICP000389-202605,ICP000389,2026-05,2026-05-01,2026-05-31,31,170.674,76.872,102.518,46.709,29.747,426.52,Simulated
ICP000390-202602,ICP000390,2026-02,2026-02-01,2026-02-28,28,44.619,229.215,222.989,81.001,21.475,599.299,Simulated
ICP000390-202603,ICP000390,2026-03,2026-03-01,2026-03-31,31,161.187,79.231,71.809,95.346,21.147,428.72,Simulated
ICP000390-202604,ICP000390,2026-04,2026-04-01,2026-04-30,30,173.817,119.234,269.142,150.979,14.698,727.87,Simulated
ICP000390-202605,ICP000390,2026-05,2026-05-01,2026-05-31,31,235.806,80.226,258.589,161.983,30.005,766.609,Simulated
ICP000391-202602,ICP000391,2026-02,2026-02-01,2026-02-28,28,220.202,87.394,296.085,50.647,12.26,666.588,Simulated
ICP000391-202603,ICP000391,2026-03,2026-03-01,2026-03-31,31,219.535,95.889,39.334,163.272,7.317,525.347,Simulated
ICP000391-202604,ICP000391,2026-04,2026-04-01,2026-04-30,30,84.924,76.05,149.352,40.542,11.367,362.235,Simulated
ICP000391-202605,ICP000391,2026-05,2026-05-01,2026-05-31,31,164.969,79.859,93.561,203.92,4.727,547.036,Simulated
ICP000392-202602,ICP000392,2026-02,2026-02-01,2026-02-28,28,379.316,224.893,129.764,26.663,1.624,762.26,Simulated
ICP000392-202603,ICP000392,2026-03,2026-03-01,2026-03-31,31,159.167,387.111,103.75,198.085,13.646,861.759,Simulated
ICP000392-202604,ICP000392,2026-04,2026-04-01,2026-04-30,30,178.069,89.434,534.153,12.827,18.546,833.029,Simulated
ICP000392-202605,ICP000392,2026-05,2026-05-01,2026-05-31,31,269.367,121.543,414.734,189.84,21.774,1017.258,Simulated
ICP000393-202602,ICP000393,2026-02,2026-02-01,2026-02-28,28,147.431,27.28,74.886,42.048,15.401,307.046,Simulated
ICP000393-202603,ICP000393,2026-03,2026-03-01,2026-03-31,31,89.293,83.173,100.353,66.026,25.864,364.709,Simulated
ICP000393-202604,ICP000393,2026-04,2026-04-01,2026-04-30,30,197.957,118.58,74.769,130.954,4.399,526.659,Simulated
ICP000393-202605,ICP000393,2026-05,2026-05-01,2026-05-31,31,221.802,75.439,219.763,59.897,37.161,614.062,Simulated
ICP000394-202602,ICP000394,2026-02,2026-02-01,2026-02-28,28,93.278,38.238,123.343,22.143,25.216,302.218,Simulated
ICP000394-202603,ICP000394,2026-03,2026-03-01,2026-03-31,31,254.39,100.827,82.709,77.058,24.11,539.094,Simulated
ICP000394-202604,ICP000394,2026-04,2026-04-01,2026-04-30,30,179.713,116.974,214.561,220.88,69.043,801.171,Simulated
ICP000394-202605,ICP000394,2026-05,2026-05-01,2026-05-31,31,92.011,118.359,167.462,93.48,3.88,475.192,Simulated
ICP000395-202602,ICP000395,2026-02,2026-02-01,2026-02-28,28,109.453,67.788,167.015,161.001,80.546,585.803,Simulated
ICP000395-202603,ICP000395,2026-03,2026-03-01,2026-03-31,31,375.819,136.967,188.525,182.689,30.604,914.604,Simulated
ICP000395-202604,ICP000395,2026-04,2026-04-01,2026-04-30,30,231.208,45.361,213.007,72.701,24.615,586.892,Simulated
ICP000395-202605,ICP000395,2026-05,2026-05-01,2026-05-31,31,182.454,162.756,255.522,111.705,9.291,721.728,Simulated
ICP000396-202602,ICP000396,2026-02,2026-02-01,2026-02-28,28,145.121,73.651,99.757,41.736,48.393,408.658,Simulated
ICP000396-202603,ICP000396,2026-03,2026-03-01,2026-03-31,31,216.847,189.602,150.365,73.529,158.902,789.245,Simulated
ICP000396-202604,ICP000396,2026-04,2026-04-01,2026-04-30,30,426.276,297.831,395.588,117.26,20.817,1257.772,Simulated
ICP000396-202605,ICP000396,2026-05,2026-05-01,2026-05-31,31,311.437,72.845,167.098,135.621,7.395,694.396,Simulated
ICP000397-202602,ICP000397,2026-02,2026-02-01,2026-02-28,28,191.545,90.249,182.692,39.978,40.357,544.821,Simulated
ICP000397-202603,ICP000397,2026-03,2026-03-01,2026-03-31,31,145.913,115.52,152.532,39.62,28.258,481.843,Simulated
ICP000397-202604,ICP000397,2026-04,2026-04-01,2026-04-30,30,132.243,116.164,230.425,99.611,49.942,628.385,Simulated
ICP000397-202605,ICP000397,2026-05,2026-05-01,2026-05-31,31,268.326,87.334,233.489,39.798,33.128,662.075,Simulated
ICP000398-202602,ICP000398,2026-02,2026-02-01,2026-02-28,28,129.305,241.438,173.839,23.668,45.888,614.138,Simulated
ICP000398-202603,ICP000398,2026-03,2026-03-01,2026-03-31,31,153.014,210.877,90.242,155.677,74.106,683.916,Simulated
ICP000398-202604,ICP000398,2026-04,2026-04-01,2026-04-30,30,217.49,265.454,282.36,198.358,7.834,971.496,Simulated
ICP000398-202605,ICP000398,2026-05,2026-05-01,2026-05-31,31,457.767,165.062,233.502,157.903,87.688,1101.922,Simulated
ICP000399-202602,ICP000399,2026-02,2026-02-01,2026-02-28,28,79.028,100.172,165.072,41.334,46.742,432.348,Simulated
ICP000399-202603,ICP000399,2026-03,2026-03-01,2026-03-31,31,104.508,99.231,170.097,103.281,3.391,480.508,Simulated
ICP000399-202604,ICP000399,2026-04,2026-04-01,2026-04-30,30,203.967,93.709,60.292,94.892,52.417,505.277,Simulated
ICP000399-202605,ICP000399,2026-05,2026-05-01,2026-05-31,31,146.54,80.286,160.483,18.321,13.948,419.578,Simulated
ICP000400-202602,ICP000400,2026-02,2026-02-01,2026-02-28,28,103.008,92.054,63.595,153.835,59.275,471.767,Simulated
ICP000400-202603,ICP000400,2026-03,2026-03-01,2026-03-31,31,161.443,108.412,145.527,42.014,30.324,487.72,Simulated
ICP000400-202604,ICP000400,2026-04,2026-04-01,2026-04-30,30,147.584,269.367,125.027,125.23,86.446,753.654,Simulated
ICP000400-202605,ICP000400,2026-05,2026-05-01,2026-05-31,31,216.563,158.409,76.426,276.62,44.358,772.376,Simulated
ICP000401-202602,ICP000401,2026-02,2026-02-01,2026-02-28,28,147.581,76.226,132.658,138.555,38.058,533.078,Simulated
ICP000401-202603,ICP000401,2026-03,2026-03-01,2026-03-31,31,89.58,137.41,201.215,134.541,42.177,604.923,Simulated
ICP000401-202604,ICP000401,2026-04,2026-04-01,2026-04-30,30,119.848,59.929,276.721,87.941,16.051,560.49,Simulated
ICP000401-202605,ICP000401,2026-05,2026-05-01,2026-05-31,31,162.597,86.659,146.964,188.241,48.887,633.348,Simulated
ICP000402-202602,ICP000402,2026-02,2026-02-01,2026-02-28,28,94.335,74.621,174.602,93.806,15.981,453.345,Simulated
ICP000402-202603,ICP000402,2026-03,2026-03-01,2026-03-31,31,453.922,243.842,265.235,118.566,76.968,1158.533,Simulated
ICP000402-202604,ICP000402,2026-04,2026-04-01,2026-04-30,30,140.321,97.813,246.709,79.683,3.176,567.702,Simulated
ICP000402-202605,ICP000402,2026-05,2026-05-01,2026-05-31,31,294.852,267.493,289.753,34.877,23.169,910.144,Simulated
ICP000403-202602,ICP000403,2026-02,2026-02-01,2026-02-28,28,74.081,131.183,73.698,72.83,52.067,403.859,Simulated
ICP000403-202603,ICP000403,2026-03,2026-03-01,2026-03-31,31,294.841,174.501,113.163,51.846,20.499,654.85,Simulated
ICP000403-202604,ICP000403,2026-04,2026-04-01,2026-04-30,30,90.461,191.686,78.157,22.632,81.923,464.859,Simulated
ICP000403-202605,ICP000403,2026-05,2026-05-01,2026-05-31,31,119.089,141.584,152.599,131.284,72.643,617.199,Simulated
ICP000404-202602,ICP000404,2026-02,2026-02-01,2026-02-28,28,129.001,119.02,127.498,103.021,63.224,541.764,Simulated
ICP000404-202603,ICP000404,2026-03,2026-03-01,2026-03-31,31,114.099,63.232,80.936,113.238,2.331,373.836,Simulated
ICP000404-202604,ICP000404,2026-04,2026-04-01,2026-04-30,30,98.064,97.742,60.214,131.13,11.24,398.39,Simulated
ICP000404-202605,ICP000404,2026-05,2026-05-01,2026-05-31,31,126.924,52.168,147.63,69.363,15.131,411.216,Simulated
ICP000405-202602,ICP000405,2026-02,2026-02-01,2026-02-28,28,168.302,147.205,78.33,57.735,13.955,465.527,Simulated
ICP000405-202603,ICP000405,2026-03,2026-03-01,2026-03-31,31,126.266,93.615,296.602,91.929,7.371,615.783,Simulated
ICP000405-202604,ICP000405,2026-04,2026-04-01,2026-04-30,30,312.123,144.985,240.375,84.068,21.783,803.334,Simulated
ICP000405-202605,ICP000405,2026-05,2026-05-01,2026-05-31,31,180.628,58.294,285.385,78.219,53.19,655.716,Simulated
ICP000406-202602,ICP000406,2026-02,2026-02-01,2026-02-28,28,121.442,100.003,150.32,65.064,7.434,444.263,Simulated
ICP000406-202603,ICP000406,2026-03,2026-03-01,2026-03-31,31,100.068,105.788,268.827,136.82,9.001,620.504,Simulated
ICP000406-202604,ICP000406,2026-04,2026-04-01,2026-04-30,30,215.23,140.811,167.048,89.635,3.946,616.67,Simulated
ICP000406-202605,ICP000406,2026-05,2026-05-01,2026-05-31,31,135.547,271.778,355.786,99.285,25.971,888.367,Simulated
ICP000407-202602,ICP000407,2026-02,2026-02-01,2026-02-28,28,192.796,83.655,151.147,111.88,3.801,543.279,Simulated
ICP000407-202603,ICP000407,2026-03,2026-03-01,2026-03-31,31,331.177,143.842,353.513,85.694,12.813,927.039,Simulated
ICP000407-202604,ICP000407,2026-04,2026-04-01,2026-04-30,30,168.753,102.59,73.326,119.833,19.919,484.421,Simulated
ICP000407-202605,ICP000407,2026-05,2026-05-01,2026-05-31,31,165.52,424.149,145.285,141.21,30.594,906.758,Simulated
ICP000408-202602,ICP000408,2026-02,2026-02-01,2026-02-28,28,114.641,85.1,209.723,60.216,4.483,474.163,Simulated
ICP000408-202603,ICP000408,2026-03,2026-03-01,2026-03-31,31,174.857,75.435,121.084,84.563,7.977,463.916,Simulated
ICP000408-202604,ICP000408,2026-04,2026-04-01,2026-04-30,30,156.464,168.067,212.024,64.731,1.478,602.764,Simulated
ICP000408-202605,ICP000408,2026-05,2026-05-01,2026-05-31,31,108.83,109.237,115.562,112.417,33.596,479.642,Simulated
ICP000409-202602,ICP000409,2026-02,2026-02-01,2026-02-28,28,375.117,121.609,500.352,59.859,4.149,1061.086,Simulated
ICP000409-202603,ICP000409,2026-03,2026-03-01,2026-03-31,31,221.137,226.876,139.105,124.952,9.418,721.488,Simulated
ICP000409-202604,ICP000409,2026-04,2026-04-01,2026-04-30,30,126.081,114.404,218.57,87.774,15.307,562.136,Simulated
ICP000409-202605,ICP000409,2026-05,2026-05-01,2026-05-31,31,100.115,152.348,254.776,138.258,73.304,718.801,Simulated
ICP000410-202602,ICP000410,2026-02,2026-02-01,2026-02-28,28,238.186,182.766,100.984,88.665,7.192,617.793,Simulated
ICP000410-202603,ICP000410,2026-03,2026-03-01,2026-03-31,31,246.314,84.147,227.761,35.894,44.933,639.049,Simulated
ICP000410-202604,ICP000410,2026-04,2026-04-01,2026-04-30,30,444.168,146.811,242.256,192.456,58.761,1084.452,Simulated
ICP000410-202605,ICP000410,2026-05,2026-05-01,2026-05-31,31,212.736,219.296,129.744,87.909,2.158,651.843,Simulated
ICP000411-202602,ICP000411,2026-02,2026-02-01,2026-02-28,28,203.59,64.528,146.349,102.458,9.703,526.628,Simulated
ICP000411-202603,ICP000411,2026-03,2026-03-01,2026-03-31,31,214.133,99.829,164.563,123.474,31.493,633.492,Simulated
ICP000411-202604,ICP000411,2026-04,2026-04-01,2026-04-30,30,116.685,88.87,131.15,42.817,8.005,387.527,Simulated
ICP000411-202605,ICP000411,2026-05,2026-05-01,2026-05-31,31,53.599,155.798,133.711,62.783,2.232,408.123,Simulated
ICP000412-202602,ICP000412,2026-02,2026-02-01,2026-02-28,28,240.368,38.877,123.052,92.815,1.07,496.182,Simulated
ICP000412-202603,ICP000412,2026-03,2026-03-01,2026-03-31,31,49.899,111.919,73.544,83.002,2.367,320.731,Simulated
ICP000412-202604,ICP000412,2026-04,2026-04-01,2026-04-30,30,220.51,117.546,330.881,187.519,9.974,866.43,Simulated
ICP000412-202605,ICP000412,2026-05,2026-05-01,2026-05-31,31,136.022,119.06,212.177,111.584,75.048,653.891,Simulated
ICP000413-202602,ICP000413,2026-02,2026-02-01,2026-02-28,28,154.424,135.985,163.16,288.329,24.654,766.552,Simulated
ICP000413-202603,ICP000413,2026-03,2026-03-01,2026-03-31,31,94.903,85.58,117.121,63.185,2.397,363.186,Simulated
ICP000413-202604,ICP000413,2026-04,2026-04-01,2026-04-30,30,46.707,105.435,123.356,103.966,25.459,404.923,Simulated
ICP000413-202605,ICP000413,2026-05,2026-05-01,2026-05-31,31,54.04,101.635,224.395,54.919,10.823,445.812,Simulated
ICP000414-202602,ICP000414,2026-02,2026-02-01,2026-02-28,28,84.593,80.114,58.645,38.873,4.339,266.564,Simulated
ICP000414-202603,ICP000414,2026-03,2026-03-01,2026-03-31,31,141.974,92.656,264.523,149.723,66.713,715.589,Simulated
ICP000414-202604,ICP000414,2026-04,2026-04-01,2026-04-30,30,376.524,151.346,174.027,127.747,6.389,836.033,Simulated
ICP000414-202605,ICP000414,2026-05,2026-05-01,2026-05-31,31,159.317,138.842,171.322,103.732,31.036,604.249,Simulated
ICP000415-202602,ICP000415,2026-02,2026-02-01,2026-02-28,28,205.892,70.368,115.976,78.757,11.15,482.143,Simulated
ICP000415-202603,ICP000415,2026-03,2026-03-01,2026-03-31,31,302.245,103.801,112.028,134.964,11.668,664.706,Simulated
ICP000415-202604,ICP000415,2026-04,2026-04-01,2026-04-30,30,89.374,178.738,170.78,132.814,49.028,620.734,Simulated
ICP000415-202605,ICP000415,2026-05,2026-05-01,2026-05-31,31,121.335,52.157,166.072,106.692,0.937,447.193,Simulated
ICP000416-202602,ICP000416,2026-02,2026-02-01,2026-02-28,28,105.392,120.559,105.031,185.163,42.375,558.52,Simulated
ICP000416-202603,ICP000416,2026-03,2026-03-01,2026-03-31,31,289.096,72.647,198.065,144.456,65.392,769.656,Simulated
ICP000416-202604,ICP000416,2026-04,2026-04-01,2026-04-30,30,42.455,73.674,332.988,266.414,4.707,720.238,Simulated
ICP000416-202605,ICP000416,2026-05,2026-05-01,2026-05-31,31,207.209,143.539,251.066,68.027,13.12,682.961,Simulated
ICP000417-202602,ICP000417,2026-02,2026-02-01,2026-02-28,28,288.667,116.292,156.907,38.21,11.699,611.775,Simulated
ICP000417-202603,ICP000417,2026-03,2026-03-01,2026-03-31,31,79.181,37.49,64.418,48.228,10.0,239.317,Simulated
ICP000417-202604,ICP000417,2026-04,2026-04-01,2026-04-30,30,161.347,167.376,96.981,92.561,69.873,588.138,Simulated
ICP000417-202605,ICP000417,2026-05,2026-05-01,2026-05-31,31,270.9,314.878,246.228,239.26,8.483,1079.749,Simulated
ICP000418-202602,ICP000418,2026-02,2026-02-01,2026-02-28,28,166.159,282.42,215.703,201.55,11.184,877.016,Simulated
ICP000418-202603,ICP000418,2026-03,2026-03-01,2026-03-31,31,157.03,88.683,125.476,146.241,6.427,523.857,Simulated
ICP000418-202604,ICP000418,2026-04,2026-04-01,2026-04-30,30,155.794,104.67,218.376,45.425,26.416,550.681,Simulated
ICP000418-202605,ICP000418,2026-05,2026-05-01,2026-05-31,31,110.897,176.356,203.819,29.59,17.691,538.353,Simulated
ICP000419-202602,ICP000419,2026-02,2026-02-01,2026-02-28,28,146.684,188.1,126.722,121.284,7.968,590.758,Simulated
ICP000419-202603,ICP000419,2026-03,2026-03-01,2026-03-31,31,182.35,59.159,164.313,108.825,19.533,534.18,Simulated
ICP000419-202604,ICP000419,2026-04,2026-04-01,2026-04-30,30,77.838,105.116,53.495,120.771,27.317,384.537,Simulated
ICP000419-202605,ICP000419,2026-05,2026-05-01,2026-05-31,31,159.118,127.512,156.433,87.037,37.549,567.649,Simulated
ICP000420-202602,ICP000420,2026-02,2026-02-01,2026-02-28,28,173.174,54.069,174.924,87.743,29.34,519.25,Simulated
ICP000420-202603,ICP000420,2026-03,2026-03-01,2026-03-31,31,66.87,57.84,51.963,106.509,20.445,303.627,Simulated
ICP000420-202604,ICP000420,2026-04,2026-04-01,2026-04-30,30,124.085,92.098,156.67,198.07,114.123,685.046,Simulated
ICP000420-202605,ICP000420,2026-05,2026-05-01,2026-05-31,31,174.635,124.593,104.272,32.103,31.549,467.152,Simulated
ICP000421-202602,ICP000421,2026-02,2026-02-01,2026-02-28,28,294.452,78.664,236.005,76.972,20.036,706.129,Simulated
ICP000421-202603,ICP000421,2026-03,2026-03-01,2026-03-31,31,366.929,376.974,304.191,106.372,19.089,1173.555,Simulated
ICP000421-202604,ICP000421,2026-04,2026-04-01,2026-04-30,30,151.646,214.767,197.895,150.889,8.877,724.074,Simulated
ICP000421-202605,ICP000421,2026-05,2026-05-01,2026-05-31,31,263.699,256.87,263.726,228.146,13.731,1026.172,Simulated
ICP000422-202602,ICP000422,2026-02,2026-02-01,2026-02-28,28,164.337,331.272,275.887,198.871,14.225,984.592,Simulated
ICP000422-202603,ICP000422,2026-03,2026-03-01,2026-03-31,31,159.165,359.766,49.853,138.097,47.56,754.441,Simulated
ICP000422-202604,ICP000422,2026-04,2026-04-01,2026-04-30,30,259.255,73.928,255.943,63.081,13.514,665.721,Simulated
ICP000422-202605,ICP000422,2026-05,2026-05-01,2026-05-31,31,158.657,254.842,353.398,104.6,19.246,890.743,Simulated
ICP000423-202602,ICP000423,2026-02,2026-02-01,2026-02-28,28,216.986,97.018,78.699,189.486,18.094,600.283,Simulated
ICP000423-202603,ICP000423,2026-03,2026-03-01,2026-03-31,31,236.118,223.043,114.792,130.922,1.078,705.953,Simulated
ICP000423-202604,ICP000423,2026-04,2026-04-01,2026-04-30,30,209.618,102.938,111.719,56.032,48.547,528.854,Simulated
ICP000423-202605,ICP000423,2026-05,2026-05-01,2026-05-31,31,48.246,84.944,286.118,39.39,23.539,482.237,Simulated
ICP000424-202602,ICP000424,2026-02,2026-02-01,2026-02-28,28,118.315,50.75,90.819,40.107,59.271,359.262,Simulated
ICP000424-202603,ICP000424,2026-03,2026-03-01,2026-03-31,31,205.431,257.045,70.778,93.989,32.63,659.873,Simulated
ICP000424-202604,ICP000424,2026-04,2026-04-01,2026-04-30,30,84.557,127.627,199.064,23.37,72.129,506.747,Simulated
ICP000424-202605,ICP000424,2026-05,2026-05-01,2026-05-31,31,115.184,51.978,178.648,80.946,32.031,458.787,Simulated
ICP000425-202602,ICP000425,2026-02,2026-02-01,2026-02-28,28,150.979,119.716,161.653,62.006,0.135,494.489,Simulated
ICP000425-202603,ICP000425,2026-03,2026-03-01,2026-03-31,31,314.797,60.203,181.037,75.883,47.758,679.678,Simulated
ICP000425-202604,ICP000425,2026-04,2026-04-01,2026-04-30,30,158.397,204.805,276.214,126.413,20.467,786.296,Simulated
ICP000425-202605,ICP000425,2026-05,2026-05-01,2026-05-31,31,106.279,38.25,160.653,56.621,25.37,387.173,Simulated
ICP000426-202602,ICP000426,2026-02,2026-02-01,2026-02-28,28,115.294,136.499,58.131,72.314,52.92,435.158,Simulated
ICP000426-202603,ICP000426,2026-03,2026-03-01,2026-03-31,31,111.688,89.232,60.188,42.167,14.652,317.927,Simulated
ICP000426-202604,ICP000426,2026-04,2026-04-01,2026-04-30,30,130.17,107.261,120.386,53.571,5.827,417.215,Simulated
ICP000426-202605,ICP000426,2026-05,2026-05-01,2026-05-31,31,75.829,228.411,119.05,80.922,1.212,505.424,Simulated
ICP000427-202602,ICP000427,2026-02,2026-02-01,2026-02-28,28,140.035,127.973,148.754,64.305,0.513,481.58,Simulated
ICP000427-202603,ICP000427,2026-03,2026-03-01,2026-03-31,31,82.602,166.963,139.667,104.951,18.674,512.857,Simulated
ICP000427-202604,ICP000427,2026-04,2026-04-01,2026-04-30,30,116.117,93.03,101.727,78.261,10.869,400.004,Simulated
ICP000427-202605,ICP000427,2026-05,2026-05-01,2026-05-31,31,75.29,76.679,62.256,113.497,100.738,428.46,Simulated
ICP000428-202602,ICP000428,2026-02,2026-02-01,2026-02-28,28,181.8,158.211,159.565,24.352,43.059,566.987,Simulated
ICP000428-202603,ICP000428,2026-03,2026-03-01,2026-03-31,31,135.927,100.423,253.306,92.797,56.512,638.965,Simulated
ICP000428-202604,ICP000428,2026-04,2026-04-01,2026-04-30,30,173.996,144.421,158.063,168.525,22.261,667.266,Simulated
ICP000428-202605,ICP000428,2026-05,2026-05-01,2026-05-31,31,303.596,206.001,194.381,115.182,14.706,833.866,Simulated
ICP000429-202602,ICP000429,2026-02,2026-02-01,2026-02-28,28,150.171,99.719,109.348,96.865,6.584,462.687,Simulated
ICP000429-202603,ICP000429,2026-03,2026-03-01,2026-03-31,31,118.987,40.994,146.391,69.321,0.985,376.678,Simulated
ICP000429-202604,ICP000429,2026-04,2026-04-01,2026-04-30,30,67.153,98.064,151.712,71.384,0.339,388.652,Simulated
ICP000429-202605,ICP000429,2026-05,2026-05-01,2026-05-31,31,280.47,307.636,250.597,181.699,13.447,1033.849,Simulated
ICP000430-202602,ICP000430,2026-02,2026-02-01,2026-02-28,28,83.342,150.812,126.603,50.575,29.916,441.248,Simulated
ICP000430-202603,ICP000430,2026-03,2026-03-01,2026-03-31,31,247.008,152.566,132.938,129.469,29.753,691.734,Simulated
ICP000430-202604,ICP000430,2026-04,2026-04-01,2026-04-30,30,225.003,114.076,231.934,47.278,24.373,642.664,Simulated
ICP000430-202605,ICP000430,2026-05,2026-05-01,2026-05-31,31,167.988,100.161,130.407,132.299,23.783,554.638,Simulated
ICP000431-202602,ICP000431,2026-02,2026-02-01,2026-02-28,28,100.755,64.733,152.842,24.511,109.669,452.51,Simulated
ICP000431-202603,ICP000431,2026-03,2026-03-01,2026-03-31,31,124.669,71.642,64.785,22.008,4.205,287.309,Simulated
ICP000431-202604,ICP000431,2026-04,2026-04-01,2026-04-30,30,248.034,200.972,298.457,86.426,28.952,862.841,Simulated
ICP000431-202605,ICP000431,2026-05,2026-05-01,2026-05-31,31,236.08,275.249,331.508,123.056,17.643,983.536,Simulated
ICP000432-202602,ICP000432,2026-02,2026-02-01,2026-02-28,28,97.335,124.374,54.075,102.966,57.177,435.927,Simulated
ICP000432-202603,ICP000432,2026-03,2026-03-01,2026-03-31,31,84.759,126.298,99.513,77.612,39.48,427.662,Simulated
ICP000432-202604,ICP000432,2026-04,2026-04-01,2026-04-30,30,137.04,149.416,127.949,31.133,20.198,465.736,Simulated
ICP000432-202605,ICP000432,2026-05,2026-05-01,2026-05-31,31,85.399,189.398,165.808,103.08,11.239,554.924,Simulated
ICP000433-202602,ICP000433,2026-02,2026-02-01,2026-02-28,28,86.468,127.903,75.254,47.795,28.164,365.584,Simulated
ICP000433-202603,ICP000433,2026-03,2026-03-01,2026-03-31,31,67.736,111.943,67.174,28.417,5.598,280.868,Simulated
ICP000433-202604,ICP000433,2026-04,2026-04-01,2026-04-30,30,172.626,236.323,150.765,155.557,45.999,761.27,Simulated
ICP000433-202605,ICP000433,2026-05,2026-05-01,2026-05-31,31,102.96,106.046,146.189,160.616,2.624,518.435,Simulated
ICP000434-202602,ICP000434,2026-02,2026-02-01,2026-02-28,28,46.451,197.79,211.957,43.144,0.178,499.52,Simulated
ICP000434-202603,ICP000434,2026-03,2026-03-01,2026-03-31,31,73.878,86.835,184.361,127.772,14.51,487.356,Simulated
ICP000434-202604,ICP000434,2026-04,2026-04-01,2026-04-30,30,281.619,139.494,147.762,118.059,88.926,775.86,Simulated
ICP000434-202605,ICP000434,2026-05,2026-05-01,2026-05-31,31,135.429,31.91,167.508,176.628,24.737,536.212,Simulated
ICP000435-202602,ICP000435,2026-02,2026-02-01,2026-02-28,28,124.202,134.317,108.454,196.846,8.056,571.875,Simulated
ICP000435-202603,ICP000435,2026-03,2026-03-01,2026-03-31,31,258.242,166.983,216.865,58.587,56.957,757.634,Simulated
ICP000435-202604,ICP000435,2026-04,2026-04-01,2026-04-30,30,168.98,73.849,106.658,76.176,2.692,428.355,Simulated
ICP000435-202605,ICP000435,2026-05,2026-05-01,2026-05-31,31,99.745,120.385,196.563,135.234,21.472,573.399,Simulated
ICP000436-202602,ICP000436,2026-02,2026-02-01,2026-02-28,28,89.94,71.375,53.521,139.855,4.863,359.554,Simulated
ICP000436-202603,ICP000436,2026-03,2026-03-01,2026-03-31,31,179.501,229.825,312.378,100.429,71.702,893.835,Simulated
ICP000436-202604,ICP000436,2026-04,2026-04-01,2026-04-30,30,113.17,70.01,107.273,200.67,70.268,561.391,Simulated
ICP000436-202605,ICP000436,2026-05,2026-05-01,2026-05-31,31,152.942,46.153,354.337,132.52,70.18,756.132,Simulated
ICP000437-202602,ICP000437,2026-02,2026-02-01,2026-02-28,28,91.813,131.073,50.615,40.883,12.423,326.807,Simulated
ICP000437-202603,ICP000437,2026-03,2026-03-01,2026-03-31,31,126.964,140.72,128.437,73.651,4.103,473.875,Simulated
ICP000437-202604,ICP000437,2026-04,2026-04-01,2026-04-30,30,234.775,108.546,196.565,135.216,52.918,728.02,Simulated
ICP000437-202605,ICP000437,2026-05,2026-05-01,2026-05-31,31,152.146,72.253,230.022,27.954,4.906,487.281,Simulated
ICP000438-202602,ICP000438,2026-02,2026-02-01,2026-02-28,28,416.732,184.229,96.093,81.157,9.009,787.22,Simulated
ICP000438-202603,ICP000438,2026-03,2026-03-01,2026-03-31,31,222.21,148.339,149.343,153.437,5.139,678.468,Simulated
ICP000438-202604,ICP000438,2026-04,2026-04-01,2026-04-30,30,99.599,134.14,83.71,71.146,79.431,468.026,Simulated
ICP000438-202605,ICP000438,2026-05,2026-05-01,2026-05-31,31,70.611,70.107,143.516,163.243,29.085,476.562,Simulated
ICP000439-202602,ICP000439,2026-02,2026-02-01,2026-02-28,28,187.601,131.819,195.676,35.609,163.833,714.538,Simulated
ICP000439-202603,ICP000439,2026-03,2026-03-01,2026-03-31,31,136.663,275.824,131.731,134.388,87.093,765.699,Simulated
ICP000439-202604,ICP000439,2026-04,2026-04-01,2026-04-30,30,376.126,152.11,84.448,125.845,41.685,780.214,Simulated
ICP000439-202605,ICP000439,2026-05,2026-05-01,2026-05-31,31,181.738,144.953,86.032,31.22,0.42,444.363,Simulated
ICP000440-202602,ICP000440,2026-02,2026-02-01,2026-02-28,28,159.554,245.815,128.456,42.467,19.07,595.362,Simulated
ICP000440-202603,ICP000440,2026-03,2026-03-01,2026-03-31,31,152.813,94.671,209.977,92.895,143.273,693.629,Simulated
ICP000440-202604,ICP000440,2026-04,2026-04-01,2026-04-30,30,237.864,72.318,127.821,108.648,18.367,565.018,Simulated
ICP000440-202605,ICP000440,2026-05,2026-05-01,2026-05-31,31,136.233,103.776,150.656,105.233,7.283,503.181,Simulated
ICP000441-202602,ICP000441,2026-02,2026-02-01,2026-02-28,28,140.473,78.084,174.631,139.351,68.129,600.668,Simulated
ICP000441-202603,ICP000441,2026-03,2026-03-01,2026-03-31,31,64.667,31.639,49.217,119.591,5.355,270.469,Simulated
ICP000441-202604,ICP000441,2026-04,2026-04-01,2026-04-30,30,92.709,75.69,173.469,164.576,10.09,516.534,Simulated
ICP000441-202605,ICP000441,2026-05,2026-05-01,2026-05-31,31,380.352,234.266,259.415,117.499,6.967,998.499,Simulated
ICP000442-202602,ICP000442,2026-02,2026-02-01,2026-02-28,28,174.47,43.034,159.578,81.854,7.202,466.138,Simulated
ICP000442-202603,ICP000442,2026-03,2026-03-01,2026-03-31,31,124.019,90.408,168.381,134.903,47.838,565.549,Simulated
ICP000442-202604,ICP000442,2026-04,2026-04-01,2026-04-30,30,240.243,146.586,94.37,82.173,41.772,605.144,Simulated
ICP000442-202605,ICP000442,2026-05,2026-05-01,2026-05-31,31,93.566,129.324,405.912,111.615,5.936,746.353,Simulated
ICP000443-202602,ICP000443,2026-02,2026-02-01,2026-02-28,28,198.264,211.262,228.944,101.001,13.516,752.987,Simulated
ICP000443-202603,ICP000443,2026-03,2026-03-01,2026-03-31,31,149.984,53.787,64.939,89.526,3.38,361.616,Simulated
ICP000443-202604,ICP000443,2026-04,2026-04-01,2026-04-30,30,150.064,164.456,106.293,71.211,46.881,538.905,Simulated
ICP000443-202605,ICP000443,2026-05,2026-05-01,2026-05-31,31,74.663,103.283,205.06,111.418,22.854,517.278,Simulated
ICP000444-202602,ICP000444,2026-02,2026-02-01,2026-02-28,28,207.018,36.769,157.634,94.978,53.892,550.291,Simulated
ICP000444-202603,ICP000444,2026-03,2026-03-01,2026-03-31,31,96.829,118.932,227.88,99.128,35.158,577.927,Simulated
ICP000444-202604,ICP000444,2026-04,2026-04-01,2026-04-30,30,73.769,147.9,120.662,68.225,18.197,428.753,Simulated
ICP000444-202605,ICP000444,2026-05,2026-05-01,2026-05-31,31,48.043,157.869,286.166,198.135,92.373,782.586,Simulated
ICP000445-202602,ICP000445,2026-02,2026-02-01,2026-02-28,28,193.883,123.828,199.154,76.042,11.972,604.879,Simulated
ICP000445-202603,ICP000445,2026-03,2026-03-01,2026-03-31,31,99.855,56.065,108.91,36.896,20.711,322.437,Simulated
ICP000445-202604,ICP000445,2026-04,2026-04-01,2026-04-30,30,111.272,110.291,129.479,26.618,8.544,386.204,Simulated
ICP000445-202605,ICP000445,2026-05,2026-05-01,2026-05-31,31,159.012,100.695,180.974,70.532,18.614,529.827,Simulated
ICP000446-202602,ICP000446,2026-02,2026-02-01,2026-02-28,28,275.375,122.607,213.665,128.963,36.338,776.948,Simulated
ICP000446-202603,ICP000446,2026-03,2026-03-01,2026-03-31,31,255.513,197.147,238.075,166.332,109.725,966.792,Simulated
ICP000446-202604,ICP000446,2026-04,2026-04-01,2026-04-30,30,66.169,120.493,119.767,38.269,26.824,371.522,Simulated
ICP000446-202605,ICP000446,2026-05,2026-05-01,2026-05-31,31,112.512,258.555,267.43,132.854,55.442,826.793,Simulated
ICP000447-202602,ICP000447,2026-02,2026-02-01,2026-02-28,28,173.807,160.095,148.176,100.289,32.428,614.795,Simulated
ICP000447-202603,ICP000447,2026-03,2026-03-01,2026-03-31,31,60.733,163.693,125.473,77.432,10.967,438.298,Simulated
ICP000447-202604,ICP000447,2026-04,2026-04-01,2026-04-30,30,113.97,344.601,195.372,116.523,11.773,782.239,Simulated
ICP000447-202605,ICP000447,2026-05,2026-05-01,2026-05-31,31,148.995,252.944,213.058,113.619,4.731,733.347,Simulated
ICP000448-202602,ICP000448,2026-02,2026-02-01,2026-02-28,28,223.059,209.357,131.017,206.23,18.141,787.804,Simulated
ICP000448-202603,ICP000448,2026-03,2026-03-01,2026-03-31,31,78.231,95.255,129.221,102.259,53.889,458.855,Simulated
ICP000448-202604,ICP000448,2026-04,2026-04-01,2026-04-30,30,132.31,178.616,138.352,117.619,7.463,574.36,Simulated
ICP000448-202605,ICP000448,2026-05,2026-05-01,2026-05-31,31,254.115,196.37,279.878,198.248,20.954,949.565,Simulated
ICP000449-202602,ICP000449,2026-02,2026-02-01,2026-02-28,28,126.328,64.452,158.134,41.336,6.676,396.926,Simulated
ICP000449-202603,ICP000449,2026-03,2026-03-01,2026-03-31,31,99.799,54.917,128.489,32.233,53.41,368.848,Simulated
ICP000449-202604,ICP000449,2026-04,2026-04-01,2026-04-30,30,98.364,102.847,115.983,27.26,17.064,361.518,Simulated
ICP000449-202605,ICP000449,2026-05,2026-05-01,2026-05-31,31,91.573,142.944,147.148,43.928,35.477,461.07,Simulated
ICP000450-202602,ICP000450,2026-02,2026-02-01,2026-02-28,28,180.131,38.829,87.285,84.846,30.018,421.109,Simulated
ICP000450-202603,ICP000450,2026-03,2026-03-01,2026-03-31,31,105.272,157.818,209.406,58.973,63.488,594.957,Simulated
ICP000450-202604,ICP000450,2026-04,2026-04-01,2026-04-30,30,198.02,41.945,152.444,184.703,52.071,629.183,Simulated
ICP000450-202605,ICP000450,2026-05,2026-05-01,2026-05-31,31,170.595,125.491,113.807,73.257,6.738,489.888,Simulated
ICP000451-202602,ICP000451,2026-02,2026-02-01,2026-02-28,28,219.932,62.306,144.617,97.486,3.568,527.909,Simulated
ICP000451-202603,ICP000451,2026-03,2026-03-01,2026-03-31,31,131.0,74.229,36.398,98.491,5.4,345.518,Simulated
ICP000451-202604,ICP000451,2026-04,2026-04-01,2026-04-30,30,145.829,288.928,122.832,53.978,31.426,642.993,Simulated
ICP000451-202605,ICP000451,2026-05,2026-05-01,2026-05-31,31,156.803,161.623,138.918,95.723,85.56,638.627,Simulated
ICP000452-202602,ICP000452,2026-02,2026-02-01,2026-02-28,28,100.516,82.515,71.116,97.307,6.324,357.778,Simulated
ICP000452-202603,ICP000452,2026-03,2026-03-01,2026-03-31,31,162.227,124.785,131.837,92.902,27.508,539.259,Simulated
ICP000452-202604,ICP000452,2026-04,2026-04-01,2026-04-30,30,222.712,50.008,199.558,92.111,2.683,567.072,Simulated
ICP000452-202605,ICP000452,2026-05,2026-05-01,2026-05-31,31,156.324,139.154,182.806,186.219,19.463,683.966,Simulated
ICP000453-202602,ICP000453,2026-02,2026-02-01,2026-02-28,28,145.008,115.608,328.694,126.078,16.411,731.799,Simulated
ICP000453-202603,ICP000453,2026-03,2026-03-01,2026-03-31,31,228.821,99.623,140.57,88.398,17.26,574.672,Simulated
ICP000453-202604,ICP000453,2026-04,2026-04-01,2026-04-30,30,98.355,71.074,128.033,69.273,40.288,407.023,Simulated
ICP000453-202605,ICP000453,2026-05,2026-05-01,2026-05-31,31,134.273,42.066,106.494,24.929,5.931,313.693,Simulated
ICP000454-202602,ICP000454,2026-02,2026-02-01,2026-02-28,28,88.586,99.125,162.593,68.698,120.871,539.873,Simulated
ICP000454-202603,ICP000454,2026-03,2026-03-01,2026-03-31,31,107.421,105.451,119.746,57.452,51.682,441.752,Simulated
ICP000454-202604,ICP000454,2026-04,2026-04-01,2026-04-30,30,245.536,260.163,311.502,155.518,23.061,995.78,Simulated
ICP000454-202605,ICP000454,2026-05,2026-05-01,2026-05-31,31,122.434,133.844,240.331,99.403,5.727,601.739,Simulated
ICP000455-202602,ICP000455,2026-02,2026-02-01,2026-02-28,28,133.086,86.414,174.49,82.135,52.358,528.483,Simulated
ICP000455-202603,ICP000455,2026-03,2026-03-01,2026-03-31,31,223.43,153.962,150.303,46.712,0.717,575.124,Simulated
ICP000455-202604,ICP000455,2026-04,2026-04-01,2026-04-30,30,52.565,60.482,81.489,101.874,3.526,299.936,Simulated
ICP000455-202605,ICP000455,2026-05,2026-05-01,2026-05-31,31,298.566,333.259,84.216,228.334,26.071,970.446,Simulated
ICP000456-202602,ICP000456,2026-02,2026-02-01,2026-02-28,28,101.771,54.737,239.627,100.244,21.948,518.327,Simulated
ICP000456-202603,ICP000456,2026-03,2026-03-01,2026-03-31,31,53.399,45.824,89.174,127.785,104.978,421.16,Simulated
ICP000456-202604,ICP000456,2026-04,2026-04-01,2026-04-30,30,79.601,131.72,40.895,54.515,1.205,307.936,Simulated
ICP000456-202605,ICP000456,2026-05,2026-05-01,2026-05-31,31,215.378,148.877,124.306,102.262,5.655,596.478,Simulated
ICP000457-202602,ICP000457,2026-02,2026-02-01,2026-02-28,28,106.913,68.154,218.129,83.726,24.655,501.577,Simulated
ICP000457-202603,ICP000457,2026-03,2026-03-01,2026-03-31,31,95.271,100.745,106.936,41.806,8.134,352.892,Simulated
ICP000457-202604,ICP000457,2026-04,2026-04-01,2026-04-30,30,94.976,191.264,156.982,51.957,6.607,501.786,Simulated
ICP000457-202605,ICP000457,2026-05,2026-05-01,2026-05-31,31,228.483,139.83,186.132,192.99,13.904,761.339,Simulated
ICP000458-202602,ICP000458,2026-02,2026-02-01,2026-02-28,28,114.655,100.91,137.371,98.9,3.804,455.64,Simulated
ICP000458-202603,ICP000458,2026-03,2026-03-01,2026-03-31,31,258.486,78.832,86.844,70.291,0.669,495.122,Simulated
ICP000458-202604,ICP000458,2026-04,2026-04-01,2026-04-30,30,87.872,128.626,166.015,221.532,24.762,628.807,Simulated
ICP000458-202605,ICP000458,2026-05,2026-05-01,2026-05-31,31,229.564,140.11,134.505,112.371,68.015,684.565,Simulated
ICP000459-202602,ICP000459,2026-02,2026-02-01,2026-02-28,28,440.821,227.984,223.291,118.622,131.532,1142.25,Simulated
ICP000459-202603,ICP000459,2026-03,2026-03-01,2026-03-31,31,235.594,141.47,223.918,66.456,12.943,680.381,Simulated
ICP000459-202604,ICP000459,2026-04,2026-04-01,2026-04-30,30,233.844,76.184,110.818,107.979,53.653,582.478,Simulated
ICP000459-202605,ICP000459,2026-05,2026-05-01,2026-05-31,31,389.183,237.322,145.497,246.953,65.314,1084.269,Simulated
ICP000460-202602,ICP000460,2026-02,2026-02-01,2026-02-28,28,127.907,124.722,135.696,107.81,43.643,539.778,Simulated
ICP000460-202603,ICP000460,2026-03,2026-03-01,2026-03-31,31,140.299,165.238,59.876,210.602,12.379,588.394,Simulated
ICP000460-202604,ICP000460,2026-04,2026-04-01,2026-04-30,30,135.034,186.341,121.085,25.549,3.523,471.532,Simulated
ICP000460-202605,ICP000460,2026-05,2026-05-01,2026-05-31,31,177.977,120.115,290.802,135.231,37.772,761.897,Simulated
ICP000461-202602,ICP000461,2026-02,2026-02-01,2026-02-28,28,99.879,115.944,174.441,119.382,60.04,569.686,Simulated
ICP000461-202603,ICP000461,2026-03,2026-03-01,2026-03-31,31,177.266,193.144,125.683,45.007,48.858,589.958,Simulated
ICP000461-202604,ICP000461,2026-04,2026-04-01,2026-04-30,30,336.742,180.197,214.417,76.8,51.891,860.047,Simulated
ICP000461-202605,ICP000461,2026-05,2026-05-01,2026-05-31,31,141.551,77.126,59.42,31.374,26.294,335.765,Simulated
ICP000462-202602,ICP000462,2026-02,2026-02-01,2026-02-28,28,118.361,99.784,202.524,49.338,0.336,470.343,Simulated
ICP000462-202603,ICP000462,2026-03,2026-03-01,2026-03-31,31,341.145,74.435,212.674,83.392,0.997,712.643,Simulated
ICP000462-202604,ICP000462,2026-04,2026-04-01,2026-04-30,30,220.199,287.447,126.332,130.023,25.086,789.087,Simulated
ICP000462-202605,ICP000462,2026-05,2026-05-01,2026-05-31,31,103.825,90.265,211.108,215.032,15.339,635.569,Simulated
ICP000463-202602,ICP000463,2026-02,2026-02-01,2026-02-28,28,287.204,117.536,120.243,207.424,6.003,738.41,Simulated
ICP000463-202603,ICP000463,2026-03,2026-03-01,2026-03-31,31,335.631,260.927,375.136,82.455,13.654,1067.803,Simulated
ICP000463-202604,ICP000463,2026-04,2026-04-01,2026-04-30,30,164.869,305.973,115.411,76.957,0.586,663.796,Simulated
ICP000463-202605,ICP000463,2026-05,2026-05-01,2026-05-31,31,78.385,160.253,185.921,174.836,1.052,600.447,Simulated
ICP000464-202602,ICP000464,2026-02,2026-02-01,2026-02-28,28,189.669,87.589,124.257,155.76,1.816,559.091,Simulated
ICP000464-202603,ICP000464,2026-03,2026-03-01,2026-03-31,31,279.108,189.91,139.906,194.456,65.337,868.717,Simulated
ICP000464-202604,ICP000464,2026-04,2026-04-01,2026-04-30,30,111.179,170.713,388.469,163.093,42.195,875.649,Simulated
ICP000464-202605,ICP000464,2026-05,2026-05-01,2026-05-31,31,247.725,118.149,215.688,145.792,37.779,765.133,Simulated
ICP000465-202602,ICP000465,2026-02,2026-02-01,2026-02-28,28,126.488,100.248,262.607,43.905,30.074,563.322,Simulated
ICP000465-202603,ICP000465,2026-03,2026-03-01,2026-03-31,31,176.663,94.877,76.721,81.145,9.229,438.635,Simulated
ICP000465-202604,ICP000465,2026-04,2026-04-01,2026-04-30,30,223.892,154.911,324.27,63.195,85.87,852.138,Simulated
ICP000465-202605,ICP000465,2026-05,2026-05-01,2026-05-31,31,231.022,131.176,119.62,171.249,20.949,674.016,Simulated
ICP000466-202602,ICP000466,2026-02,2026-02-01,2026-02-28,28,178.667,79.895,131.115,213.165,28.144,630.986,Simulated
ICP000466-202603,ICP000466,2026-03,2026-03-01,2026-03-31,31,167.807,140.273,142.419,127.293,65.495,643.287,Simulated
ICP000466-202604,ICP000466,2026-04,2026-04-01,2026-04-30,30,92.256,139.138,178.926,60.873,2.203,473.396,Simulated
ICP000466-202605,ICP000466,2026-05,2026-05-01,2026-05-31,31,126.643,169.864,165.801,162.314,17.973,642.595,Simulated
ICP000467-202602,ICP000467,2026-02,2026-02-01,2026-02-28,28,64.648,170.353,131.333,74.67,0.605,441.609,Simulated
ICP000467-202603,ICP000467,2026-03,2026-03-01,2026-03-31,31,77.326,122.095,162.047,85.911,5.779,453.158,Simulated
ICP000467-202604,ICP000467,2026-04,2026-04-01,2026-04-30,30,97.038,167.605,153.794,170.311,23.077,611.825,Simulated
ICP000467-202605,ICP000467,2026-05,2026-05-01,2026-05-31,31,154.317,75.57,163.345,186.575,27.666,607.473,Simulated
ICP000468-202602,ICP000468,2026-02,2026-02-01,2026-02-28,28,117.351,86.928,180.517,14.618,42.377,441.791,Simulated
ICP000468-202603,ICP000468,2026-03,2026-03-01,2026-03-31,31,112.436,69.359,270.548,130.56,46.917,629.82,Simulated
ICP000468-202604,ICP000468,2026-04,2026-04-01,2026-04-30,30,285.785,115.325,155.24,42.81,6.837,605.997,Simulated
ICP000468-202605,ICP000468,2026-05,2026-05-01,2026-05-31,31,158.399,284.432,201.644,34.973,50.546,729.994,Simulated
ICP000469-202602,ICP000469,2026-02,2026-02-01,2026-02-28,28,372.346,142.237,357.95,144.769,34.294,1051.596,Simulated
ICP000469-202603,ICP000469,2026-03,2026-03-01,2026-03-31,31,156.286,181.86,180.132,76.845,47.418,642.541,Simulated
ICP000469-202604,ICP000469,2026-04,2026-04-01,2026-04-30,30,205.242,30.061,431.989,182.39,39.702,889.384,Simulated
ICP000469-202605,ICP000469,2026-05,2026-05-01,2026-05-31,31,145.48,154.721,513.081,112.441,54.877,980.6,Simulated
ICP000470-202602,ICP000470,2026-02,2026-02-01,2026-02-28,28,154.654,151.137,65.193,48.273,19.284,438.541,Simulated
ICP000470-202603,ICP000470,2026-03,2026-03-01,2026-03-31,31,121.968,165.888,174.85,56.126,10.662,529.494,Simulated
ICP000470-202604,ICP000470,2026-04,2026-04-01,2026-04-30,30,100.427,106.083,102.97,15.784,37.503,362.767,Simulated
ICP000470-202605,ICP000470,2026-05,2026-05-01,2026-05-31,31,132.218,129.172,158.999,140.358,45.427,606.174,Simulated
ICP000471-202602,ICP000471,2026-02,2026-02-01,2026-02-28,28,125.733,270.086,236.193,98.465,7.393,737.87,Simulated
ICP000471-202603,ICP000471,2026-03,2026-03-01,2026-03-31,31,69.352,209.959,88.255,97.121,14.325,479.012,Simulated
ICP000471-202604,ICP000471,2026-04,2026-04-01,2026-04-30,30,107.29,292.641,216.113,152.446,6.769,775.259,Simulated
ICP000471-202605,ICP000471,2026-05,2026-05-01,2026-05-31,31,156.153,265.964,95.512,44.949,91.475,654.053,Simulated
ICP000472-202602,ICP000472,2026-02,2026-02-01,2026-02-28,28,149.779,89.84,124.903,105.325,27.148,496.995,Simulated
ICP000472-202603,ICP000472,2026-03,2026-03-01,2026-03-31,31,67.599,149.359,146.016,132.085,9.561,504.62,Simulated
ICP000472-202604,ICP000472,2026-04,2026-04-01,2026-04-30,30,151.464,33.258,149.909,76.886,9.742,421.259,Simulated
ICP000472-202605,ICP000472,2026-05,2026-05-01,2026-05-31,31,112.817,230.333,113.391,86.446,24.92,567.907,Simulated
ICP000473-202602,ICP000473,2026-02,2026-02-01,2026-02-28,28,165.832,75.683,134.244,130.238,76.126,582.123,Simulated
ICP000473-202603,ICP000473,2026-03,2026-03-01,2026-03-31,31,190.774,177.563,249.511,116.497,32.09,766.435,Simulated
ICP000473-202604,ICP000473,2026-04,2026-04-01,2026-04-30,30,125.736,123.124,179.736,67.209,36.161,531.966,Simulated
ICP000473-202605,ICP000473,2026-05,2026-05-01,2026-05-31,31,238.051,148.447,190.628,130.308,6.87,714.304,Simulated
ICP000474-202602,ICP000474,2026-02,2026-02-01,2026-02-28,28,62.211,192.214,442.041,177.685,22.784,896.935,Simulated
ICP000474-202603,ICP000474,2026-03,2026-03-01,2026-03-31,31,137.667,74.534,252.931,205.278,19.269,689.679,Simulated
ICP000474-202604,ICP000474,2026-04,2026-04-01,2026-04-30,30,445.765,343.95,188.519,140.013,40.659,1158.906,Simulated
ICP000474-202605,ICP000474,2026-05,2026-05-01,2026-05-31,31,114.467,121.66,168.537,103.243,52.979,560.886,Simulated
ICP000475-202602,ICP000475,2026-02,2026-02-01,2026-02-28,28,84.667,36.023,150.589,53.674,10.671,335.624,Simulated
ICP000475-202603,ICP000475,2026-03,2026-03-01,2026-03-31,31,288.034,111.391,136.877,171.55,1.503,709.355,Simulated
ICP000475-202604,ICP000475,2026-04,2026-04-01,2026-04-30,30,345.044,75.218,264.829,73.542,51.686,810.319,Simulated
ICP000475-202605,ICP000475,2026-05,2026-05-01,2026-05-31,31,145.743,219.908,335.455,99.846,2.904,803.856,Simulated
ICP000476-202602,ICP000476,2026-02,2026-02-01,2026-02-28,28,187.075,121.1,73.482,57.257,12.524,451.438,Simulated
ICP000476-202603,ICP000476,2026-03,2026-03-01,2026-03-31,31,198.24,157.915,62.61,117.683,22.737,559.185,Simulated
ICP000476-202604,ICP000476,2026-04,2026-04-01,2026-04-30,30,186.065,91.683,130.3,166.98,15.067,590.095,Simulated
ICP000476-202605,ICP000476,2026-05,2026-05-01,2026-05-31,31,183.272,118.594,103.94,161.297,73.069,640.172,Simulated
ICP000477-202602,ICP000477,2026-02,2026-02-01,2026-02-28,28,87.195,43.103,51.552,104.412,35.689,321.951,Simulated
ICP000477-202603,ICP000477,2026-03,2026-03-01,2026-03-31,31,47.432,94.222,134.265,134.777,7.399,418.095,Simulated
ICP000477-202604,ICP000477,2026-04,2026-04-01,2026-04-30,30,135.647,165.136,243.544,139.885,5.228,689.44,Simulated
ICP000477-202605,ICP000477,2026-05,2026-05-01,2026-05-31,31,215.014,65.104,159.433,71.809,17.543,528.903,Simulated
ICP000478-202602,ICP000478,2026-02,2026-02-01,2026-02-28,28,106.037,145.165,87.821,69.715,23.465,432.203,Simulated
ICP000478-202603,ICP000478,2026-03,2026-03-01,2026-03-31,31,229.287,116.09,79.386,116.03,16.196,556.989,Simulated
ICP000478-202604,ICP000478,2026-04,2026-04-01,2026-04-30,30,192.501,187.968,159.085,80.841,83.247,703.642,Simulated
ICP000478-202605,ICP000478,2026-05,2026-05-01,2026-05-31,31,102.058,134.414,63.829,37.951,15.372,353.624,Simulated
ICP000479-202602,ICP000479,2026-02,2026-02-01,2026-02-28,28,184.836,377.639,321.632,137.797,29.004,1050.908,Simulated
ICP000479-202603,ICP000479,2026-03,2026-03-01,2026-03-31,31,250.261,85.55,162.789,53.658,3.701,555.959,Simulated
ICP000479-202604,ICP000479,2026-04,2026-04-01,2026-04-30,30,147.13,162.451,317.317,81.485,72.982,781.365,Simulated
ICP000479-202605,ICP000479,2026-05,2026-05-01,2026-05-31,31,261.528,171.907,138.672,223.189,5.549,800.845,Simulated
ICP000480-202602,ICP000480,2026-02,2026-02-01,2026-02-28,28,118.568,139.741,109.679,91.796,7.865,467.649,Simulated
ICP000480-202603,ICP000480,2026-03,2026-03-01,2026-03-31,31,119.549,85.038,163.533,61.825,17.947,447.892,Simulated
ICP000480-202604,ICP000480,2026-04,2026-04-01,2026-04-30,30,151.778,71.41,99.596,62.878,0.357,386.019,Simulated
ICP000480-202605,ICP000480,2026-05,2026-05-01,2026-05-31,31,301.278,242.159,166.883,195.854,4.726,910.9,Simulated
ICP000481-202602,ICP000481,2026-02,2026-02-01,2026-02-28,28,186.97,169.81,129.157,32.427,2.092,520.456,Simulated
ICP000481-202603,ICP000481,2026-03,2026-03-01,2026-03-31,31,165.991,98.77,57.074,77.385,0.69,399.91,Simulated
ICP000481-202604,ICP000481,2026-04,2026-04-01,2026-04-30,30,287.886,84.112,152.709,78.476,27.468,630.651,Simulated
ICP000481-202605,ICP000481,2026-05,2026-05-01,2026-05-31,31,216.705,58.311,253.521,51.095,30.625,610.257,Simulated
ICP000482-202602,ICP000482,2026-02,2026-02-01,2026-02-28,28,191.642,61.095,96.433,100.162,56.545,505.877,Simulated
ICP000482-202603,ICP000482,2026-03,2026-03-01,2026-03-31,31,135.968,67.992,66.375,75.646,27.77,373.751,Simulated
ICP000482-202604,ICP000482,2026-04,2026-04-01,2026-04-30,30,148.643,124.501,133.67,94.392,51.426,552.632,Simulated
ICP000482-202605,ICP000482,2026-05,2026-05-01,2026-05-31,31,157.635,50.204,234.234,89.92,13.865,545.858,Simulated
ICP000483-202602,ICP000483,2026-02,2026-02-01,2026-02-28,28,189.223,83.193,251.821,42.899,47.386,614.522,Simulated
ICP000483-202603,ICP000483,2026-03,2026-03-01,2026-03-31,31,267.089,58.304,143.189,50.714,17.598,536.894,Simulated
ICP000483-202604,ICP000483,2026-04,2026-04-01,2026-04-30,30,65.884,199.978,331.442,89.096,51.184,737.584,Simulated
ICP000483-202605,ICP000483,2026-05,2026-05-01,2026-05-31,31,56.719,82.328,67.331,64.307,18.062,288.747,Simulated
ICP000484-202602,ICP000484,2026-02,2026-02-01,2026-02-28,28,105.257,60.671,160.492,37.174,6.93,370.524,Simulated
ICP000484-202603,ICP000484,2026-03,2026-03-01,2026-03-31,31,68.985,139.105,67.288,93.432,2.0,370.81,Simulated
ICP000484-202604,ICP000484,2026-04,2026-04-01,2026-04-30,30,99.832,146.469,57.962,77.472,10.59,392.325,Simulated
ICP000484-202605,ICP000484,2026-05,2026-05-01,2026-05-31,31,128.882,127.165,128.473,101.726,9.579,495.825,Simulated
ICP000485-202602,ICP000485,2026-02,2026-02-01,2026-02-28,28,154.316,77.137,41.777,27.959,45.261,346.45,Simulated
ICP000485-202603,ICP000485,2026-03,2026-03-01,2026-03-31,31,241.692,99.208,182.469,79.438,54.165,656.972,Simulated
ICP000485-202604,ICP000485,2026-04,2026-04-01,2026-04-30,30,283.606,156.257,249.051,205.278,25.743,919.935,Simulated
ICP000485-202605,ICP000485,2026-05,2026-05-01,2026-05-31,31,443.251,243.749,636.194,379.041,3.731,1705.966,Simulated
ICP000486-202602,ICP000486,2026-02,2026-02-01,2026-02-28,28,99.319,153.288,114.106,42.439,9.837,418.989,Simulated
ICP000486-202603,ICP000486,2026-03,2026-03-01,2026-03-31,31,120.751,200.712,83.364,168.047,34.216,607.09,Simulated
ICP000486-202604,ICP000486,2026-04,2026-04-01,2026-04-30,30,182.117,99.126,142.618,95.635,7.914,527.41,Simulated
ICP000486-202605,ICP000486,2026-05,2026-05-01,2026-05-31,31,77.385,154.144,201.815,92.296,4.579,530.219,Simulated
ICP000487-202602,ICP000487,2026-02,2026-02-01,2026-02-28,28,237.156,163.464,149.44,136.195,2.067,688.322,Simulated
ICP000487-202603,ICP000487,2026-03,2026-03-01,2026-03-31,31,298.705,205.167,165.721,157.515,24.463,851.571,Simulated
ICP000487-202604,ICP000487,2026-04,2026-04-01,2026-04-30,30,150.97,126.379,89.06,69.82,32.7,468.929,Simulated
ICP000487-202605,ICP000487,2026-05,2026-05-01,2026-05-31,31,71.817,107.746,98.595,164.327,3.645,446.13,Simulated
ICP000488-202602,ICP000488,2026-02,2026-02-01,2026-02-28,28,101.494,59.824,140.669,155.417,2.28,459.684,Simulated
ICP000488-202603,ICP000488,2026-03,2026-03-01,2026-03-31,31,129.502,67.453,162.057,47.344,1.202,407.558,Simulated
ICP000488-202604,ICP000488,2026-04,2026-04-01,2026-04-30,30,150.923,151.463,111.79,123.245,23.345,560.766,Simulated
ICP000488-202605,ICP000488,2026-05,2026-05-01,2026-05-31,31,102.404,117.838,124.456,133.738,98.221,576.657,Simulated
ICP000489-202602,ICP000489,2026-02,2026-02-01,2026-02-28,28,152.918,243.142,267.344,80.829,56.374,800.607,Simulated
ICP000489-202603,ICP000489,2026-03,2026-03-01,2026-03-31,31,128.787,68.413,190.531,80.625,60.466,528.822,Simulated
ICP000489-202604,ICP000489,2026-04,2026-04-01,2026-04-30,30,107.325,93.41,251.385,37.932,16.38,506.432,Simulated
ICP000489-202605,ICP000489,2026-05,2026-05-01,2026-05-31,31,118.288,275.867,77.144,71.709,11.373,554.381,Simulated
ICP000490-202602,ICP000490,2026-02,2026-02-01,2026-02-28,28,258.373,188.336,244.964,88.059,136.392,916.124,Simulated
ICP000490-202603,ICP000490,2026-03,2026-03-01,2026-03-31,31,276.787,826.293,383.135,186.905,55.706,1728.826,Simulated
ICP000490-202604,ICP000490,2026-04,2026-04-01,2026-04-30,30,353.012,144.605,187.828,38.802,24.568,748.815,Simulated
ICP000490-202605,ICP000490,2026-05,2026-05-01,2026-05-31,31,325.43,230.274,461.754,260.09,2.078,1279.626,Simulated
ICP000491-202602,ICP000491,2026-02,2026-02-01,2026-02-28,28,245.383,94.715,93.65,82.518,17.316,533.582,Simulated
ICP000491-202603,ICP000491,2026-03,2026-03-01,2026-03-31,31,98.52,263.551,129.488,257.974,21.1,770.633,Simulated
ICP000491-202604,ICP000491,2026-04,2026-04-01,2026-04-30,30,154.742,198.085,162.307,44.513,3.284,562.931,Simulated
ICP000491-202605,ICP000491,2026-05,2026-05-01,2026-05-31,31,379.962,110.838,393.864,86.007,67.173,1037.844,Simulated
ICP000492-202602,ICP000492,2026-02,2026-02-01,2026-02-28,28,147.982,203.903,117.346,82.988,70.726,622.945,Simulated
ICP000492-202603,ICP000492,2026-03,2026-03-01,2026-03-31,31,136.385,192.959,275.902,105.684,46.574,757.504,Simulated
ICP000492-202604,ICP000492,2026-04,2026-04-01,2026-04-30,30,184.328,161.434,75.102,115.255,16.011,552.13,Simulated
ICP000492-202605,ICP000492,2026-05,2026-05-01,2026-05-31,31,44.447,118.366,89.88,96.504,15.623,364.82,Simulated
ICP000493-202602,ICP000493,2026-02,2026-02-01,2026-02-28,28,238.594,131.898,156.649,167.352,18.506,712.999,Simulated
ICP000493-202603,ICP000493,2026-03,2026-03-01,2026-03-31,31,249.863,178.509,177.749,136.309,49.865,792.295,Simulated
ICP000493-202604,ICP000493,2026-04,2026-04-01,2026-04-30,30,135.851,235.54,296.472,82.278,58.896,809.037,Simulated
ICP000493-202605,ICP000493,2026-05,2026-05-01,2026-05-31,31,200.145,87.972,101.888,172.957,52.081,615.043,Simulated
ICP000494-202602,ICP000494,2026-02,2026-02-01,2026-02-28,28,230.945,156.913,97.132,161.971,7.013,653.974,Simulated
ICP000494-202603,ICP000494,2026-03,2026-03-01,2026-03-31,31,149.799,100.149,181.392,75.376,20.83,527.546,Simulated
ICP000494-202604,ICP000494,2026-04,2026-04-01,2026-04-30,30,332.865,107.034,303.245,141.089,15.432,899.665,Simulated
ICP000494-202605,ICP000494,2026-05,2026-05-01,2026-05-31,31,137.428,185.152,154.535,141.903,41.662,660.68,Simulated
ICP000495-202602,ICP000495,2026-02,2026-02-01,2026-02-28,28,104.877,195.234,226.054,64.645,7.948,598.758,Simulated
ICP000495-202603,ICP000495,2026-03,2026-03-01,2026-03-31,31,156.756,46.504,169.571,58.955,14.049,445.835,Simulated
ICP000495-202604,ICP000495,2026-04,2026-04-01,2026-04-30,30,219.098,117.734,261.089,84.524,7.859,690.304,Simulated
ICP000495-202605,ICP000495,2026-05,2026-05-01,2026-05-31,31,102.554,226.177,221.879,113.357,31.117,695.084,Simulated
ICP000496-202602,ICP000496,2026-02,2026-02-01,2026-02-28,28,56.351,94.806,65.8,56.162,17.108,290.227,Simulated
ICP000496-202603,ICP000496,2026-03,2026-03-01,2026-03-31,31,46.55,301.034,152.485,87.24,16.403,603.712,Simulated
ICP000496-202604,ICP000496,2026-04,2026-04-01,2026-04-30,30,401.438,130.211,265.95,358.086,52.372,1208.057,Simulated
ICP000496-202605,ICP000496,2026-05,2026-05-01,2026-05-31,31,270.083,186.257,233.615,108.556,19.778,818.289,Simulated
ICP000497-202602,ICP000497,2026-02,2026-02-01,2026-02-28,28,188.404,116.561,225.535,13.232,18.811,562.543,Simulated
ICP000497-202603,ICP000497,2026-03,2026-03-01,2026-03-31,31,312.327,44.151,93.702,59.318,11.785,521.283,Simulated
ICP000497-202604,ICP000497,2026-04,2026-04-01,2026-04-30,30,104.263,57.993,60.53,152.266,25.503,400.555,Simulated
ICP000497-202605,ICP000497,2026-05,2026-05-01,2026-05-31,31,189.103,56.182,125.929,73.418,4.498,449.13,Simulated
ICP000498-202602,ICP000498,2026-02,2026-02-01,2026-02-28,28,53.604,97.518,153.753,55.235,0.429,360.539,Simulated
ICP000498-202603,ICP000498,2026-03,2026-03-01,2026-03-31,31,208.55,116.498,146.697,124.211,11.595,607.551,Simulated
ICP000498-202604,ICP000498,2026-04,2026-04-01,2026-04-30,30,253.323,76.99,239.125,67.671,20.841,657.95,Simulated
ICP000498-202605,ICP000498,2026-05,2026-05-01,2026-05-31,31,263.434,127.862,169.379,266.114,89.266,916.055,Simulated
ICP000499-202602,ICP000499,2026-02,2026-02-01,2026-02-28,28,91.202,71.511,182.443,36.494,1.864,383.514,Simulated
ICP000499-202603,ICP000499,2026-03,2026-03-01,2026-03-31,31,167.21,79.447,189.577,43.842,6.433,486.509,Simulated
ICP000499-202604,ICP000499,2026-04,2026-04-01,2026-04-30,30,195.714,182.163,171.214,190.728,43.761,783.58,Simulated
ICP000499-202605,ICP000499,2026-05,2026-05-01,2026-05-31,31,83.822,209.772,65.144,97.755,5.454,461.947,Simulated
ICP000500-202602,ICP000500,2026-02,2026-02-01,2026-02-28,28,118.544,68.608,175.997,68.491,21.441,453.081,Simulated
ICP000500-202603,ICP000500,2026-03,2026-03-01,2026-03-31,31,179.902,150.319,145.114,65.236,6.999,547.57,Simulated
ICP000500-202604,ICP000500,2026-04,2026-04-01,2026-04-30,30,145.936,81.291,114.378,72.606,52.269,466.48,Simulated
ICP000500-202605,ICP000500,2026-05,2026-05-01,2026-05-31,31,284.034,77.098,59.795,121.116,0.029,542.072,Simulated
